sgRNA,gene,counts,control mean,control stdev,fold change,p-value,p-value (adj.),significant
RPS13-4,RPS13,59.7603514036,1301.124802,44.5407473111,0.0459297611664,0.0,0.0,True
RPL36-3,RPL36,85.3262771378,1403.40863625,46.8799138057,0.0607993102891,0.0,0.0,True
PSMB3-3,PSMB3,143.169184111,1704.60397725,53.6326060943,0.0839897043664,0.0,0.0,True
NUP93-4,NUP93,178.961480139,2068.93968059,61.6056885494,0.0864991289103,0.0,0.0,True
POLR2A-5,POLR2A,237.443535256,1823.6620933,56.2576872433,0.130201497376,0.0,0.0,True
PSMD11-2,PSMD11,321.811090179,2317.32979883,66.9555557041,0.138871510797,0.0,0.0,True
RPS19-10,RPS19,333.954904903,2340.20686041,67.4454979535,0.142703156098,0.0,0.0,True
RPS8-8,RPS8,207.72314659,1663.94296347,52.7309804882,0.124837900788,2.2633147236e-320,2.71880866447e-318,True
PSMB2-2,PSMB2,49.8535551817,1066.12289348,39.0450833636,0.0467615464283,1.15559749971e-307,1.23392133024e-305,True
RPS8-7,RPS8,140.93216561,1385.93278257,46.4821606296,0.101687590757,2.12641682372e-305,2.0434865676e-303,True
PSMB2-13,PSMB2,189.826998576,1513.12899088,49.3609503959,0.125453282384,2.06225587694e-298,1.80166172522e-296,True
RPS3A-3,RPS3A,412.889700607,2146.93130563,63.2918469516,0.192316214089,3.68832816245e-297,2.95373613676e-295,True
RPS11-10,RPS11,145.725776685,1299.782186,44.5098554371,0.112115536168,1.18035371321e-279,8.72553783378e-278,True
COPB1-3,COPB1,198.455498512,1458.85306891,48.1370200972,0.136035288777,3.59756490637e-279,2.4694713393e-277,True
COPA-8,COPA,135.499406391,1257.47090194,43.5336519172,0.107755500491,6.94734257641e-277,4.45093081062e-275,True
NUP93-2,NUP93,106.418165869,1148.1004818,40.9841606076,0.0926906377586,1.12464969413e-272,6.75492722539e-271,True
PSMB2-1,PSMB2,200.05336887,1421.70456038,47.295538123,0.140713742113,5.49812984219e-269,3.10806045785e-267,True
RPL11-8,RPL11,40.2663330313,892.279439157,34.8334627657,0.0451274917523,8.49979057947e-267,4.53794374826e-265,True
POLR2D-9,POLR2D,121.118573166,1170.53063784,41.5103118955,0.103473219112,9.46638807031e-266,4.78799943977e-264,True
RPL34-1,RPL34,152.43683219,1263.88232828,43.6819158876,0.120609987796,4.13550346652e-265,1.98710941566e-263,True
RPS9-10,RPS9,270.679238711,1584.30900274,50.9568524124,0.170850028778,2.76376847422e-261,1.26475309701e-259,True
PSMB2-12,PSMB2,73.5020364858,988.67361672,37.1871943487,0.0743440860996,3.13523284212e-259,1.36952670967e-257,True
PSMB3-9,PSMB3,176.404887566,1308.9074152,44.7197151394,0.134772624494,1.40806372112e-258,5.8832575478e-257,True
PSMC1-10,PSMC1,270.040090567,1554.17117277,50.2823651828,0.173751833323,1.20166460893e-254,4.81166537157e-253,True
RPL11-2,RPL11,269.400942424,1548.77081882,50.1613181432,0.173945001514,4.77088601897e-254,1.83392858569e-252,True
PSMD6-7,PSMD6,210.599313235,1379.76236661,46.3415403832,0.152634481365,2.62183822575e-252,9.6907174421e-251,True
PSMA3-6,PSMA3,176.724461638,1278.84054216,44.0273467302,0.138191162863,3.65989033003e-251,1.3026498545e-249,True
RPL5-6,RPL5,322.769812394,1667.65046391,52.8133060165,0.193547640455,1.55517374819e-249,5.33757847147e-248,True
PSMB2-10,PSMB2,175.126591279,1265.73769267,43.7247980548,0.138359308009,1.24977187144e-248,4.14148540847e-247,True
RPL36-1,RPL36,136.138554535,1138.12879764,40.7496690832,0.119616123252,4.33139500458e-245,1.3874901998e-243,True
RPL35A-4,RPL35A,58.4820551169,886.856587662,34.6995138675,0.0659430802347,9.12531314256e-245,2.82884707419e-243,True
NUP54-18,NUP54,124.633887954,1095.48036377,39.7425334809,0.113770992229,2.50232263988e-243,7.5147876779e-242,True
NUP93-7,NUP93,399.787163668,1830.62459202,56.4105572312,0.218388393454,5.72225264664e-243,1.66638933134e-241,True
RPL27-10,RPL27,141.571313753,1135.47003024,40.6870844275,0.124680801767,1.57255173468e-240,4.44477122656e-239,True
PSMC1-6,PSMC1,413.848422822,1817.92685885,56.1317122087,0.22764855517,8.54467824832e-234,2.34612451333e-232,True
PSMC1-9,PSMC1,445.166681846,1883.312075,57.5652235546,0.236374357577,1.65465079831e-231,4.41699838104e-230,True
RPS11-1,RPS11,153.715128477,1128.58919082,40.5249944127,0.136201134768,8.93208362414e-230,2.31992766562e-228,True
NUP93-1,NUP93,365.592737999,1680.21865687,53.0922114367,0.217586405498,9.29408691529e-230,2.35042566463e-228,True
RPS8-4,RPS8,84.3675549228,921.973316603,35.5638939014,0.0915075885641,1.58002165699e-229,3.89333541634e-228,True
RPL35A-1,RPL35A,84.6871289945,911.777993623,35.3136700943,0.0928813039872,1.36610882463e-226,3.28207645116e-225,True
RPS11-2,RPS11,594.727347391,2193.45767051,64.2948461889,0.27113691565,1.40425190035e-224,3.29142945424e-223,True
RPL9-6,RPL9,48.5752588949,782.541675064,32.0859750207,0.0620737021973,8.63720623204e-224,1.976275045e-222,True
RPL5-5,RPL5,320.213219821,1537.75646232,49.914255694,0.208234026432,3.39885092875e-223,7.59603661053e-222,True
POLR2F-2,POLR2F,337.789793763,1576.96890055,50.7927410176,0.214201937429,1.20457676574e-222,2.63090516336e-221,True
POLR2D-2,POLR2D,204.846979945,1224.94359499,42.7795131737,0.167229724522,4.02397219861e-219,8.59341618415e-218,True
RPS19-3,RPS19,49.53398111,770.817042378,31.7874200482,0.0642616579379,4.60125840583e-219,9.61262897392e-218,True
POLR2A-2,POLR2A,79.8935179193,869.276283555,34.264045323,0.0919080842659,7.75151767565e-219,1.58493797581e-217,True
RPL9-7,RPL9,92.6764807864,905.357244353,35.1557836033,0.102364543239,1.29636234165e-217,2.59542543818e-216,True
PSMC1-8,PSMC1,367.190608357,1622.00205224,51.7980181226,0.226381099734,5.88008137825e-217,1.1532159601e-215,True
RPS24-7,RPS24,457.630070642,1822.87680641,56.2404410691,0.251048271081,8.19466272964e-215,1.57501417664e-213,True
NUP133-7,NUP133,211.55803545,1220.1475286,42.6680358063,0.17338725891,1.50379089293e-213,2.83361381981e-212,True
PSMD11-5,PSMD11,128.149202743,983.956312196,37.0731335625,0.130238711978,3.37925078414e-210,6.24511539147e-209,True
POLA1-3,POLA1,82.7696845644,842.727267551,33.602754153,0.0982164547789,2.42600307166e-208,4.398847079e-207,True
PSMC2-14,PSMC2,322.769812394,1452.05300915,47.9832223866,0.22228514411,6.35334661945e-204,1.13066038913e-202,True
RPS19-2,RPS19,278.668590503,1344.07578651,45.5263597137,0.207331010126,2.08840292021e-203,3.64900946604e-202,True
RPS3A-1,RPS3A,131.025369388,966.191570735,36.6426075778,0.135610135046,3.92091517328e-203,6.72857050271e-202,True
PSMB2-3,PSMB2,182.476794928,1099.34279316,39.8340343669,0.165987166208,2.54033469008e-202,4.28291515293e-201,True
RPL9-3,RPL9,209.960165092,1157.5669369,41.206437068,0.181380582322,1.18032097529e-199,1.95566975388e-198,True
RPS13-9,RPS13,202.929535515,1137.47167414,40.7342035048,0.178404034253,4.57628982587e-199,7.45392291977e-198,True
COPZ1-18,COPZ1,682.929791174,2207.17437476,64.5901531605,0.309413609991,5.29996639481e-195,8.48877950901e-194,True
RPL34-5,RPL34,148.282369258,978.770297236,36.9476136863,0.151498640362,3.28868697284e-194,5.18102980475e-193,True
RPS19-8,RPS19,314.46088653,1387.31766842,46.5137083315,0.226668263288,4.35932946672e-194,6.75696067341e-193,True
PSMD6-18,PSMD6,271.957534997,1280.90299739,44.0749233533,0.212317041611,5.37726194863e-193,8.20245830577e-192,True
RPL18A-7,RPL18A,147.643221115,955.886264243,36.3921285446,0.154456891618,7.58671817002e-189,1.13919315022e-187,True
NUP93-10,NUP93,122.716443524,888.23649665,34.7336153667,0.138157398381,1.41403603698e-188,2.09059789467e-187,True
RPL11-9,RPL11,114.40751766,863.515328718,34.1209307048,0.132490430517,8.93945268132e-188,1.3016384889e-186,True
RPS13-7,RPS13,92.3569067147,800.904751911,32.5514906201,0.115315718248,1.6864463479e-187,2.41891782139e-186,True
RPL35A-5,RPL35A,305.832386595,1322.25244232,45.0262024528,0.231296518582,1.65779239261e-184,2.34285071956e-183,True
RPS9-8,RPS9,151.158535903,944.641081065,36.1181760888,0.16001689841,4.08461708914e-183,5.68886525024e-182,True
RPS13-8,RPS13,281.544757148,1251.33224807,43.3915790921,0.224996005323,4.58362174857e-181,6.29265785769e-180,True
PSMC4-3,PSMC4,136.777702678,896.637866737,34.9409933399,0.152545088438,1.1017422129e-180,1.4912313614e-179,True
RPL30-1,RPL30,135.179832319,889.523905614,34.7654206813,0.151968745827,1.82804788601e-179,2.43993613674e-178,True
RPL35A-6,RPL35A,83.7284067794,743.246581164,31.0810967348,0.112652259561,3.89946500763e-178,5.13340530457e-177,True
RPS9-4,RPS9,108.65518437,812.399685775,32.8416437655,0.133745970453,5.42652489314e-178,7.04714921933e-177,True
PSMB2-4,PSMB2,92.0373326431,768.123447252,31.718680529,0.119821017015,5.96922765471e-178,7.64857036824e-177,True
POLR2A-7,POLR2A,24.6072035191,552.911039405,26.0039128567,0.0445048149981,1.72314418621e-177,2.17887047757e-176,True
COPZ1-11,COPZ1,299.440905162,1272.79470105,43.887809592,0.235262532846,1.10398932251e-176,1.37783602458e-175,True
COPS4-7,COPS4,145.086628541,894.415093445,34.8861673332,0.162213976043,7.63385377749e-174,9.40529933355e-173,True
RPL30-8,RPL30,211.55803545,1054.50056805,38.7679803131,0.200623917957,2.21768297079e-173,2.69771308219e-172,True
NUP54-19,NUP54,267.803072066,1183.28682535,41.8087490516,0.226321350267,5.69747511395e-173,6.84409198063e-172,True
COPS4-9,COPS4,564.367810582,1817.14060963,56.1144385439,0.310580154112,1.66606468901e-171,1.97665205696e-170,True
RPS9-2,RPS9,88.2024437829,734.675598468,30.8602481892,0.120056313245,2.03878312614e-171,2.389354371e-170,True
RPS19-7,RPS19,65.1931106222,668.232878555,29.1259260926,0.0975604653922,2.65550471823e-171,3.07462654725e-170,True
PSMD11-9,PSMD11,370.066775002,1400.65833103,46.8173660494,0.264209169934,2.10818535462e-170,2.41186443546e-169,True
PSMD7-7,PSMD7,98.1092400049,739.125920624,30.9749968123,0.132736841271,1.02926590693e-164,1.16367592537e-163,True
PSMC2-2,PSMC2,210.279739164,1013.29344586,37.7807495129,0.207521069068,6.81746624416e-164,7.61812216353e-163,True
PSMC1-4,PSMC1,299.760479233,1192.00531387,42.0124013165,0.251475791043,6.32667720043e-159,6.98843309151e-158,True
RPL3-11,RPL3,363.675293569,1328.18048407,45.16219122,0.273814664446,1.25980840649e-158,1.3757680439e-157,True
POLR2F-1,POLR2F,812.357290204,2221.58768261,64.900269272,0.365665193664,6.24719021464e-157,6.74556156884e-156,True
PSMD6-4,PSMD6,404.261200672,1402.18204876,46.8520208845,0.288308640828,3.53006960427e-156,3.76932987745e-155,True
COPZ1-4,COPZ1,56.2450366152,587.768883354,26.9647383466,0.095692436616,1.97241971375e-154,2.08296191748e-153,True
RPS24-5,RPS24,290.812405226,1149.85430463,41.0253655302,0.252912394253,6.20733455607e-154,6.48396576998e-153,True
PSMB2-18,PSMB2,204.207831802,952.476314611,36.3091261472,0.214396755772,2.37802183959e-152,2.45728923425e-151,True
COPS4-6,COPS4,462.104107645,1499.39317225,49.0518027963,0.308194085579,5.85035450883e-152,5.98105391807e-151,True
RPS8-5,RPS8,241.91757226,1031.57905549,38.2197678308,0.234511907713,2.10460155675e-151,2.1289706274e-150,True
PSMC4-6,PSMC4,73.8216105574,625.683168964,27.9922488018,0.11798561032,3.69067962728e-151,3.69452408523e-150,True
PSMD6-1,PSMD6,241.597998188,1028.70069486,38.1507620367,0.234857426845,1.00017541271e-150,9.90895434655e-150,True
RPS13-2,RPS13,321.491516107,1200.62242762,42.2134337683,0.267770706853,1.56780343826e-150,1.53740724916e-149,True
RPL27-2,RPL27,183.435517143,895.99515904,34.9251435595,0.204728245786,2.89559571835e-150,2.81077523771e-149,True
NUP133-6,NUP133,170.972128347,864.590705192,34.1476611663,0.197749209331,5.93927094736e-150,5.70763938041e-149,True
RPL36-5,RPL36,385.086756371,1321.44038367,45.0075664219,0.29141439987,6.41454585779e-148,6.10334511816e-147,True
COPS4-4,COPS4,323.408960537,1183.46059349,41.8128105707,0.273273958014,5.93082607972e-146,5.58776849276e-145,True
NUP98-12,NUP98,337.15064562,1210.65569619,42.4471936075,0.278485986297,1.57786030782e-145,1.47215898623e-144,True
POLR2F-3,POLR2F,212.836331737,941.854059354,36.0501761691,0.225975913809,2.52625864115e-145,2.33436014821e-144,True
RPL34-7,RPL34,202.609961443,914.490030348,35.3802887035,0.221555134249,4.41031146184e-144,4.03648506174e-143,True
PSMB2-15,PSMB2,175.446165351,853.15655681,33.8630691211,0.205643576142,5.07996763249e-144,4.60551782531e-143,True
COPB1-1,COPB1,236.16523897,988.010367357,37.1711640492,0.239031134462,1.02101055936e-143,9.17001072474e-143,True
POLR2D-4,POLR2D,484.154718591,1497.11326568,49.0004512103,0.323392177259,2.2888197349e-143,2.03662570855e-142,True
RPL3-4,RPL3,100.665832578,670.41715437,29.1836098156,0.150154022644,3.20969039896e-143,2.82982795725e-142,True
COPS4-1,COPS4,157.230443265,808.460536615,32.7423187273,0.19448128405,3.29616730832e-143,2.87965162118e-142,True
RPL11-1,RPL11,72.8628883424,596.760949976,27.2100138948,0.122097279229,4.08053400213e-143,3.53278664509e-142,True
PSMC2-7,PSMC2,236.484813041,982.585405309,37.0399656602,0.240676089593,1.95876665129e-142,1.68069174276e-141,True
POLR2F-5,POLR2F,250.226498123,1009.97612451,37.7009395565,0.247754864744,9.17815985986e-142,7.80549701356e-141,True
COPS2-9,COPS2,232.330350109,970.973331345,36.7586482711,0.239275727364,9.63385885326e-142,8.12117399823e-141,True
RPS9-7,RPS9,156.910869194,799.610138885,32.5187526855,0.196234216606,1.74571956893e-141,1.45881435282e-140,True
PSMD7-1,PSMD7,215.712498382,921.091739008,35.5422803358,0.234192197418,1.16919343112e-138,9.68616282157e-138,True
PSMC2-11,PSMC2,355.366367705,1213.51675252,42.5137913171,0.292840100449,2.04845206922e-138,1.68253199874e-137,True
RPL11-7,RPL11,592.49032889,1673.89796463,52.9519798615,0.353958449923,1.42256756965e-137,1.15854867325e-136,True
RPL9-9,RPL9,94.2743511448,632.851397255,28.1846156302,0.148967595795,1.14817200784e-136,9.27221260114e-136,True
PSMD7-2,PSMD7,230.412905679,944.084511649,36.1045997769,0.24405961843,2.2457870068e-136,1.79850109461e-135,True
RPS13-6,RPS13,348.974886272,1186.46658368,41.8830538904,0.294129553307,9.49432931877e-136,7.54053758292e-135,True
COPS8-12,COPS8,195.259757795,863.369019349,34.117293354,0.226160255255,3.07023363824e-135,2.41843813635e-134,True
RPL5-2,RPL5,239.360979686,957.414625837,36.4293111596,0.250007648961,5.63310478356e-135,4.40114934715e-134,True
PSMD6-5,PSMD6,166.817665416,795.929950717,32.4256220936,0.209588375542,1.63973908652e-134,1.27079779205e-133,True
POLA1-5,POLA1,418.961607969,1319.69032977,44.9673980754,0.317469635503,1.78666167921e-134,1.37358549898e-133,True
NUP205-5,NUP205,205.80570216,881.316170151,34.5624792453,0.233520851121,2.89452395947e-134,2.20764882941e-133,True
PSMB2-23,PSMB2,196.538054082,860.121320137,34.036518562,0.228500386493,6.98477807359e-134,5.28533206986e-133,True
POLR2D-1,POLR2D,256.937553629,985.003616204,37.0984659597,0.260849350604,4.83451711614e-133,3.6296648036e-132,True
RPL11-5,RPL11,110.5726288,656.931116919,28.8266845602,0.168316929968,3.50336408101e-132,2.60987045105e-131,True
RPL5-3,RPL5,107.696462155,648.200169386,28.5946009347,0.166146920722,9.17658859604e-132,6.78361664677e-131,True
POLR2F-9,POLR2F,447.084126276,1353.23887379,45.7359849295,0.330380788592,4.47441396506e-130,3.28237543544e-129,True
PSMC4-5,PSMC4,1110.51989908,2573.05300454,72.4094446305,0.43159619997,5.41585520076e-130,3.94290670298e-129,True
RPL18A-4,RPL18A,192.064017078,835.789629989,33.429194856,0.229799473679,5.49461499379e-130,3.97016917972e-129,True
POLR2D-7,POLR2D,141.890887825,720.733022079,30.4996485629,0.196870246649,1.21763076953e-129,8.73241171285e-129,True
NUP98-2,NUP98,212.516757665,876.520444237,34.4437135504,0.242454992422,2.13860939803e-129,1.52237306038e-128,True
COPZ1-17,COPZ1,789.347957043,1979.21401772,59.6577574319,0.398818899814,5.98557622215e-128,4.22951378639e-127,True
PSMA3-11,PSMA3,293.688571871,1032.94164933,38.2524216938,0.284322519149,1.06565176716e-126,7.47511933022e-126,True
COPB1-7,COPB1,110.253054729,635.394056764,28.2527120647,0.173519178461,5.05877608003e-126,3.52281435718e-125,True
RPL36-6,RPL36,75.7390549875,547.796673887,25.8615309784,0.138261253852,1.28127430311e-125,8.85830651286e-125,True
PSMD6-12,PSMD6,250.865646267,938.350472892,35.9646341152,0.26734749277,3.73615956683e-125,2.56460667409e-124,True
RPS13-5,RPS13,349.614034415,1129.63293545,40.5495930039,0.3094934854,1.44252133541e-123,9.83165250587e-123,True
PSMD7-5,PSMD7,433.342441194,1290.55154389,44.2973312703,0.335780808791,2.65112514757e-123,1.79417694846e-122,True
COPB1-6,COPB1,674.301291239,1736.59639232,54.3401218917,0.388289008443,6.00913520189e-123,4.03830694337e-122,True
PSMC4-4,PSMC4,105.459443653,608.462128907,27.5276870791,0.173321294199,1.07216636058e-121,7.15522133691e-121,True
RPL36-10,RPL36,135.499406391,676.262995523,29.3377551428,0.200364957551,2.93627058029e-121,1.94603863977e-120,True
COPS6-8,COPS6,365.273163927,1149.2956591,41.0122417285,0.317823495664,3.23970342169e-121,2.13243492345e-120,True
COPS6-5,COPS6,149.880239617,703.602928342,30.0542576076,0.213018214649,3.43457084486e-120,2.24532148429e-119,True
RPS8-10,RPS8,133.262387889,666.03149178,29.0677416488,0.200084214536,1.07791999632e-119,6.99919673284e-119,True
PSMB2-5,PSMB2,341.624682623,1085.24749206,39.4998286051,0.314789654086,1.31494389725e-117,8.48094688091e-117,True
COPS8-10,COPS8,324.687256824,1048.37135375,38.6216130679,0.309706341806,8.6824199403e-117,5.56253704175e-116,True
RPL11-10,RPL11,259.17457213,917.575887445,35.4560393703,0.282455735461,3.43090394503e-116,2.183509067e-115,True
RPS19-5,RPS19,256.617979557,904.86890262,35.1437655933,0.283596860069,1.16342711657e-114,7.35561486199e-114,True
COPZ1-2,COPZ1,202.929535515,793.402462415,32.3616041718,0.255771244895,3.24092088339e-114,2.0356372346e-113,True
COPS2-4,COPS2,640.10686557,1609.58043328,51.5211033082,0.397685541111,1.37807203417e-112,8.59952743401e-112,True
PSMD7-4,PSMD7,224.021424246,831.241485744,33.3152391719,0.269502218174,1.73087964533e-112,1.07314538011e-111,True
POLR2D-3,POLR2D,102.90285108,568.761804724,26.4428559852,0.180924334625,3.04046428311e-112,1.87300395902e-111,True
POLR2D-8,POLR2D,149.560665545,673.330244328,29.2604658894,0.222120819323,4.01657663806e-112,2.45855423514e-111,True
RPS13-10,RPS13,137.09727675,646.451765545,28.5480280231,0.212076575635,6.37778839923e-112,3.87914851371e-111,True
COPA-2,COPA,231.691201966,840.441013404,33.5455940714,0.275678124069,2.51422096107e-111,1.51960147396e-110,True
PSMD7-8,PSMD7,198.455498512,772.832728285,31.8388226205,0.2567897182,3.4810962129e-111,2.09083341288e-110,True
NUP54-11,NUP54,332.676608616,1036.0867651,38.3277611556,0.321089526304,5.55309245039e-111,3.31460984151e-110,True
NUP205-1,NUP205,377.097404579,1116.55761523,40.2411412687,0.337732150527,4.60701489131e-110,2.73292673491e-109,True
COPS4-2,COPS4,317.656627247,998.317493585,37.4200402782,0.318191987307,4.65219255151e-109,2.74279573129e-108,True
RPS9-3,RPS9,106.098591797,566.17698108,26.3715128054,0.187394746418,7.69677436416e-109,4.51012205119e-108,True
PSMB2-14,PSMB2,157.550017337,677.785139765,29.3778358769,0.23244832041,8.99260664313e-109,5.23751211154e-108,True
NUP133-2,NUP133,242.237146331,849.247799018,33.7655894801,0.285237296595,2.8863689303e-108,1.67096418194e-107,True
NUP98-14,NUP98,374.221237934,1100.23324946,39.8551208769,0.340129002753,6.21556009909e-108,3.57673847618e-107,True
COPA-9,COPA,250.546072195,861.118655636,34.0613307745,0.290954179839,2.26342374628e-107,1.29473227391e-106,True
POLR2A-1,POLR2A,465.299848362,1261.87928182,43.6356088226,0.368735627144,6.65524318306e-107,3.78443118279e-106,True
COPB1-2,COPB1,323.089386466,998.966278262,37.4356887924,0.323423716592,8.5359227103e-107,4.82530689682e-106,True
COPB1-5,COPB1,440.373070771,1214.10363611,42.5274490954,0.362714563793,1.81663365666e-106,1.02092686787e-105,True
COPA-6,COPA,98.7483881483,537.634054342,25.5774795249,0.183672122982,7.19804135544e-106,4.02169636196e-105,True
COPS6-2,COPS6,167.776387631,685.603532957,29.5833498997,0.24471342338,2.39389952384e-105,1.32979042914e-104,True
COPZ1-12,COPZ1,263.968183205,872.209945604,34.3368444303,0.302642941112,3.77225542234e-104,2.08341233383e-103,True
RPL34-4,RPL34,60.0799254753,440.843032722,22.7864210301,0.136284166962,4.32786970842e-104,2.37661873703e-103,True
COPB1-8,COPB1,284.101349721,906.829530741,35.1920080309,0.31329080063,6.62740308296e-103,3.61871270609e-102,True
COPS2-6,COPS2,171.611276491,683.988138499,29.540936481,0.250898029997,8.19760179651e-103,4.45078832002e-102,True
PSMA3-3,PSMA3,321.171942036,975.44258821,36.8670012484,0.329257657927,1.17939589839e-102,6.36741268736e-102,True
RPS3A-4,RPS3A,515.792551687,1327.36944481,45.1435917005,0.388582510848,1.2600350759e-102,6.76476931809e-102,True
PSMB2-6,PSMB2,641.704735928,1548.00529812,50.1441546002,0.414536524331,1.37318373321e-102,7.33127537562e-102,True
PSMB2-20,PSMB2,37.3901663862,370.180413889,20.626336316,0.101005253069,9.62104932867e-101,5.10819248887e-100,True
RPS19-9,RPS19,68.0692772673,446.986877789,22.9687764828,0.15228473284,8.4845731545e-100,4.48004109971e-99,True
PSMC2-4,PSMC2,187.589980075,699.951478738,29.9589727093,0.268004262829,1.14615554027e-98,6.01888237269e-98,True
PSMB2-21,PSMB2,368.149330572,1034.60099159,38.2921757844,0.355837016941,4.18492389697e-97,2.1857129701e-96,True
POLA1-7,POLA1,299.760479233,904.762205209,35.1411396047,0.331314103869,2.24159684305e-96,1.16441868442e-95,True
NUP205-8,NUP205,66.1518328372,430.112766952,22.466011263,0.153801137562,4.98489215365e-96,2.57552761272e-95,True
PSMC2-3,PSMC2,663.11619873,1538.48495106,49.9306038788,0.431018969846,2.85723518038e-95,1.46834385473e-94,True
PSMD1-18,PSMD1,167.137239487,644.573605954,28.4979621587,0.259298919384,8.11392537756e-95,4.14759696161e-94,True
NUP98-1,NUP98,500.452996247,1254.80844499,43.47204618,0.398828202221,1.3320423248e-94,6.7729771118e-94,True
POLA1-1,POLA1,227.856313106,759.068208834,31.4871754144,0.300178970024,4.39470463886e-94,2.22279534629e-93,True
PSMD6-14,PSMD6,242.876294475,783.003236301,32.0977066975,0.310185556349,4.99146550964e-93,2.51141275118e-92,True
PSMC2-1,PSMC2,259.813720274,812.515195471,32.8445546671,0.319764752367,1.74848978785e-92,8.75155565687e-92,True
COPA-4,COPA,190.46614672,679.096586383,29.4123502481,0.280469892706,4.7640379446e-92,2.37214531853e-91,True
POLA1-4,POLA1,573.315884589,1359.90100083,45.8882574048,0.421586486251,3.36935480658e-91,1.66904637583e-90,True
RPL30-7,RPL30,367.829756501,1001.40629081,37.494523311,0.367313207313,6.40895833292e-91,3.15846613228e-90,True
RPS8-6,RPS8,156.27172105,602.193510237,27.3577092198,0.259504160031,1.37458570852e-89,6.7396778872e-89,True
RPL11-3,RPL11,131.344943459,545.512423237,25.7978165934,0.240773514707,5.61838382863e-88,2.74074459864e-87,True
PSMD6-13,PSMD6,120.159850951,519.622332789,25.0702160471,0.231244585478,4.21882797697e-87,2.04762307367e-86,True
PSMB2-16,PSMB2,80.8522401343,429.61001829,22.4509375793,0.188199149676,6.64504949195e-86,3.20899123707e-85,True
PSMD11-8,PSMD11,170.972128347,613.971788792,27.6766960769,0.278469029796,1.5294999299e-85,7.34924716318e-85,True
RPL34-3,RPL34,485.113440806,1167.33234416,41.4353975748,0.415574401954,6.82498273305e-84,3.26308875944e-83,True
NUP205-2,NUP205,636.591550781,1413.12205728,47.1006711501,0.450485892214,5.11311754039e-83,2.43252770115e-82,True
PSMC2-13,PSMC2,438.13605227,1078.53440896,39.3403763806,0.406232799464,2.95001499527e-82,1.39653419234e-81,True
COPS8-4,COPS8,600.479680682,1346.01359288,45.5707096226,0.446117100049,8.60021305636e-82,4.05137487606e-81,True
COPA-1,COPA,326.924275326,883.148155306,34.6078113441,0.370180556186,9.03979076187e-82,4.237677523e-81,True
PSMC1-1,PSMC1,447.72327442,1085.51750683,39.5062382802,0.412451454355,8.78416330595e-81,4.09785482379e-80,True
COPA-7,COPA,228.815035321,698.576114576,29.9230503846,0.327544888161,1.1284392532e-79,5.23879286149e-79,True
RPL9-2,RPL9,362.396997282,932.333046131,35.8175610084,0.388699079997,3.68630805974e-79,1.70314521414e-78,True
RPS11-7,RPS11,703.382531762,1495.79001453,48.9706418354,0.470241494414,3.97758858442e-79,1.82892948786e-78,True
RPL18A-2,RPL18A,394.673978521,983.805373901,37.0694821936,0.401170789458,1.42799557348e-78,6.53477974338e-78,True
PSMD6-8,PSMD6,421.198626471,1027.24343867,38.1158115784,0.410028052373,3.55550586076e-78,1.61935598682e-77,True
PSMD7-9,PSMD7,333.954904903,876.169590784,34.4350191921,0.381153270344,6.31351496459e-78,2.86192824574e-77,True
PSMD6-19,PSMD6,685.486383748,1457.03057488,48.0958107537,0.470468084587,1.03964111095e-77,4.69058735975e-77,True
RPS11-3,RPS11,501.09214439,1150.95415291,41.0512000639,0.435371072882,1.45993776774e-76,6.55607567662e-76,True
RPL27-1,RPL27,250.226498123,719.462735065,30.4667106415,0.347796329021,1.73967175593e-75,7.77592817418e-75,True
RPS27-1,RPS27,301.358349592,808.393541879,32.7406285124,0.372786686162,2.12593666925e-75,9.45844971827e-75,True
POLR2D-6,POLR2D,305.193238452,814.883439192,32.9042148657,0.374523795397,2.60410668472e-75,1.15324724609e-74,True
RPL3-9,RPL3,601.757976968,1301.41208776,44.5473567255,0.462388495257,1.25156346731e-74,5.51721326647e-74,True
PSMB3-6,PSMB3,256.937553629,723.614626689,30.5743145225,0.355075124455,4.48261258979e-74,1.96702771634e-73,True
PSMD6-3,PSMD6,431.744570836,1017.11951544,37.8727358853,0.424477717989,2.30861279537e-73,1.0084440438e-72,True
RPL35A-2,RPL35A,463.06282986,1068.36292029,39.0984251863,0.433432142829,4.02121517438e-73,1.74859175682e-72,True
RPS19-6,RPS19,947.856696595,1831.67472276,56.4336082348,0.517480906854,1.08540118314e-72,4.69851593241e-72,True
COPS6-6,COPS6,229.454183464,665.592691863,29.056137923,0.344736632882,8.72017769567e-72,3.75788823567e-71,True
NUP205-7,NUP205,503.648736963,1119.53847371,40.3115180249,0.449871754111,8.62836352306e-71,3.70172202931e-70,True
NUP98-7,NUP98,439.094774485,1015.1821085,37.8261651947,0.432528086152,1.05667202429e-70,4.51316362375e-70,True
PSMD6-10,PSMD6,639.787291498,1324.02706839,45.0669222757,0.483213150828,5.86074174051e-69,2.49211186399e-68,True
RPL36-2,RPL36,236.16523897,665.017017427,29.0409116799,0.355126609968,6.54858823127e-69,2.77233184593e-68,True
NUP133-3,NUP133,340.665960408,841.458298358,33.5710321182,0.404851863809,8.97298013002e-69,3.78203241445e-68,True
COPS4-8,COPS4,327.882997541,818.836194306,33.0037041135,0.400425628253,1.34754801658e-68,5.6549940783e-68,True
NUP133-1,NUP133,721.598253847,1441.82045826,47.7515941178,0.500477191673,1.58524625358e-67,6.62357238998e-67,True
POLR2A-3,POLR2A,504.287885107,1098.6123891,39.8167356439,0.459022572575,4.3080461415e-67,1.79222179306e-66,True
POLR2A-4,POLR2A,240.00012783,660.469946736,28.920525077,0.363377817592,2.20810619085e-66,9.14650883366e-66,True
PSMD6-17,PSMD6,220.506109457,621.544268756,27.8809111876,0.354771366323,1.95539784367e-65,8.06496707197e-65,True
PSMD1-2,PSMD1,756.43182766,1479.86551225,48.611610273,0.511149034421,2.24816717353e-65,9.23285749469e-65,True
PSMD1-9,PSMD1,738.855253718,1441.37339144,47.7414686717,0.512605032191,6.5573008923e-64,2.68151751383e-63,True
PSMD11-3,PSMD11,286.977516366,725.255812821,30.6168071981,0.395691439204,1.38658922372e-63,5.646238322e-63,True
NUP93-11,NUP93,100.346258507,394.590830055,21.3865632079,0.254304588105,1.59933857636e-63,6.48508173789e-63,True
PSMD1-19,PSMD1,489.58747781,1052.52955824,38.7209297525,0.465153186414,1.913590933e-63,7.72672641433e-63,True
POLR2F-6,POLR2F,849.74745659,1605.11426981,51.4214705443,0.529399976421,2.79078686342e-63,1.12215321161e-62,True
NUP98-5,NUP98,321.491516107,778.666372239,31.9874112102,0.412874534677,1.09891345118e-62,4.40023261078e-62,True
RPL3-10,RPL3,99.06796222,384.482429428,21.0736954505,0.257665772575,3.06756456688e-61,1.22320728165e-60,True
COPA-10,COPA,571.718014231,1165.58387594,41.3944276426,0.490499247658,3.98679385582e-61,1.58318549398e-60,True
RPL18A-1,RPL18A,788.389234828,1494.83247264,48.949068606,0.52740975946,5.70452712147e-61,2.25598788631e-60,True
PSMD11-6,PSMD11,306.471534739,737.769080822,30.9400293325,0.415403061345,1.73483248988e-59,6.83268042122e-59,True
NUP54-15,NUP54,658.961735799,1282.97010994,44.1225949487,0.513622048319,7.11726789375e-59,2.79171201873e-58,True
RPS7-3,RPS7,621.251995341,1224.50730253,42.7693752557,0.507348542599,1.54831540653e-58,6.04850042956e-58,True
PSMD1-8,PSMD1,237.123961185,613.710340775,27.6696333397,0.386377653154,2.3234800813e-57,9.03993667259e-57,True
RPS8-2,RPS8,169.374257989,496.930678515,24.4237813914,0.340840816057,3.74918579531e-57,1.45280949568e-56,True
PSMC2-9,PSMC2,890.972511836,1615.67789571,51.6570688376,0.551454293088,3.94553364874e-57,1.52275415118e-56,True
RPL6-2,RPL6,1673.2898393,2742.34350107,75.9955538158,0.610167850471,2.21093268275e-56,8.49882523248e-56,True
NUP54-8,NUP54,574.913754947,1137.28471659,40.729803117,0.505514359386,3.28092989677e-56,1.25616479315e-55,True
COPB1-4,COPB1,290.492831155,693.807805247,29.798372647,0.418693518519,6.0809246033e-56,2.31895577134e-55,True
COPB1-10,COPB1,149.560665545,456.471776034,23.2487749564,0.327644935344,7.27696958025e-56,2.76409793147e-55,True
PSMA3-2,PSMA3,155.952146979,462.391284985,23.4226102531,0.337273110552,1.00619341056e-54,3.80689711634e-54,True
PSMD6-9,PSMD6,488.628755595,991.429583644,37.2537813771,0.492852708509,7.27778615133e-54,2.74272646723e-53,True
PSMA3-1,PSMA3,673.662143096,1268.65148535,43.7921224112,0.531006467005,8.17863576963e-54,3.07018319321e-53,True
NUP98-6,NUP98,928.682252294,1640.95631676,52.2200316007,0.565939655315,1.32130481858e-53,4.94075459399e-53,True
RPL36-7,RPL36,390.199941518,838.952623263,33.5083632981,0.465103666999,1.58413226824e-53,5.90058569681e-53,True
POLR2A-10,POLR2A,512.59681097,1015.52710882,37.8344594551,0.504759357498,5.74929084851e-52,2.13323108317e-51,True
RPL30-4,RPL30,955.846048387,1662.72501535,52.7039306833,0.574867184629,1.16212053296e-51,4.2953762776e-51,True
COPS6-7,COPS6,599.520958467,1128.18993229,40.5155837521,0.531400734316,1.60892483997e-49,5.92404893184e-49,True
RPS3A-2,RPS3A,351.531478845,754.878895546,31.3798506421,0.465679304216,2.48191387949e-49,9.10350854272e-49,True
COPZ1-3,COPZ1,62.9560921204,270.121886165,17.3074796607,0.233065498743,3.75541813102e-49,1.37222692924e-48,True
NUP93-6,NUP93,98.4288140766,324.645190337,19.1611734707,0.303188887457,2.54170274763e-45,9.25218310784e-45,True
PSMA3-10,PSMA3,417.363737611,824.991527867,33.1584153863,0.50590063475,2.63913949217e-44,9.57061529047e-44,True
RPS3A-5,RPS3A,371.025497217,746.263002634,31.1586746915,0.497177933125,1.39351087517e-42,5.03445094376e-42,True
PSMD11-4,PSMD11,179.281054211,449.526161113,23.0439164274,0.398822292716,2.53438245334e-42,9.12187841819e-42,True
COPS4-3,COPS4,340.665960408,696.274185901,29.8628881438,0.489269841258,6.16650927618e-42,2.21119978149e-41,True
NUP93-9,NUP93,299.760479233,632.993199056,28.1884152022,0.473560347378,1.20739992373e-41,4.31342500633e-41,True
PSMD7-10,PSMD7,278.349016431,600.672908363,27.3164050969,0.463395323071,1.45474048897e-41,5.17779855517e-41,True
RPS13-1,RPS13,160.745758054,413.975950235,21.9793440132,0.388297334574,2.94129693879e-41,1.04302079638e-40,True
RPS19-4,RPS19,123.355591667,350.627978235,20.0052345998,0.351813315891,8.69840772843e-41,3.07322420111e-40,True
PSMB2-9,PSMB2,665.672791304,1157.48225406,41.2044501055,0.575104101138,9.35809926928e-41,3.29418805779e-40,True
RPL5-8,RPL5,545.193366281,978.174314625,36.9331802879,0.557358088563,1.78928563175e-39,6.27556019019e-39,True
PSMD6-6,PSMD6,549.028255142,982.284687149,37.0326888098,0.558929872699,2.94174635878e-39,1.02800663665e-38,True
COPS8-2,COPS8,277.709868288,581.066068618,26.7812372475,0.477931655773,3.46675022844e-38,1.20708223534e-37,True
PSMD6-16,PSMD6,307.110682882,623.419291568,27.9313741849,0.492623001944,9.11915126559e-38,3.16371998781e-37,True
RPL30-5,RPL30,251.50479441,534.166348099,25.4802044699,0.470836089366,1.03366754689e-36,3.5732176711e-36,True
RPL18A-3,RPL18A,668.868532021,1127.74295576,40.5050476509,0.593103710916,1.55264256802e-36,5.34799106763e-36,True
RPL6-1,RPL6,70.306295769,239.928776615,16.2217430941,0.293029859781,6.88046681797e-36,2.36147450431e-35,True
COPS6-10,COPS6,364.634015784,692.397648719,29.7614600217,0.526625150242,2.2445166567e-35,7.67608721382e-35,True
COPS4-10,COPS4,344.82042334,662.589642364,28.976671801,0.520413241157,3.24733674209e-35,1.10662787558e-34,True
PSMD11-1,PSMD11,263.648609134,543.245777995,25.734518175,0.485321045857,4.67374827359e-35,1.58709261163e-34,True
NUP133-5,NUP133,322.450238322,629.416416918,28.0925066996,0.512300330361,5.39143417168e-35,1.82435501373e-34,True
PSMB3-1,PSMB3,1014.96725165,1556.53211199,50.335266766,0.652069587149,2.14875859341e-32,7.24546318689e-32,True
NUP54-4,NUP54,379.973571224,678.508234455,29.3968682217,0.560013205336,7.05480841149e-30,2.37051429491e-29,True
PSMC2-12,PSMC2,718.40251313,1129.22391715,40.5399538975,0.636191371985,7.17920596486e-29,2.40390833876e-28,True
POLR2A-8,POLR2A,211.55803545,432.014056235,22.5229664582,0.489701740943,1.46363386074e-28,4.88386159782e-28,True
POLR2F-8,POLR2F,1225.24699081,1783.57910737,55.3762760693,0.686959712494,3.63113066305e-28,1.20744517896e-27,True
RPS7-1,RPS7,630.200069348,1003.3041577,37.5402658755,0.628124646461,7.72262897915e-28,2.55911946516e-27,True
PSMD11-10,PSMD11,370.386349074,652.469506372,28.7081878841,0.56766844344,7.79490231964e-28,2.5741928279e-27,True
PSMD1-7,PSMD1,573.315884589,925.42272352,35.6484212848,0.619517837652,1.34182896996e-27,4.41608780866e-27,True
COPS2-10,COPS2,572.037588302,920.9442984,35.5386651245,0.621142439663,3.2229668947e-27,1.05708914191e-26,True
PSMC4-9,PSMC4,460.825811359,769.721002249,31.7594563578,0.5986920066,4.55459122601e-27,1.48876264224e-26,True
NUP205-10,NUP205,411.61140432,697.915897611,29.9058003012,0.589772214287,2.641247988e-26,8.60420107278e-26,True
PSMB2-17,PSMB2,59.7603514036,180.712983585,13.9242075568,0.330692074349,8.72440729835e-25,2.83248493707e-24,True
COPS2-5,COPS2,41.8642033897,147.112787194,12.4836304567,0.284572158466,3.51913633479e-24,1.13868350765e-23,True
RPS27-5,RPS27,550.306551428,863.237354976,34.1140199727,0.637491587054,8.48755588331e-24,2.73709436371e-23,True
RPS27-3,RPS27,983.009844479,1410.33146738,47.0372725421,0.697006247975,6.25648782558e-23,2.01086448173e-22,True
POLA1-8,POLA1,521.225310906,810.961018465,32.8053807385,0.642725481297,4.30589868094e-22,1.37932287746e-21,True
PSMB2-19,PSMB2,550.945699572,841.551057579,33.5733512983,0.65467887493,2.72004900431e-21,8.68427605696e-21,True
COPS6-1,COPS6,735.020364858,1072.53909447,39.1978165685,0.685308692846,9.12119277101e-21,2.90247226919e-20,True
POLR2A-9,POLR2A,125.592610169,266.504182418,17.1798778939,0.471259434015,1.23289463823e-20,3.91026979321e-20,True
RPL36-9,RPL36,810.439845774,1165.30280747,41.3878406698,0.69547575152,1.3624666632e-20,4.30700810309e-20,True
NUP93-8,NUP93,949.774141025,1337.52542313,45.3763699697,0.710098009803,2.04419519501e-20,6.44089043413e-20,True
NUP98-8,NUP98,851.66490102,1211.85505882,42.4751147993,0.702777856825,3.74664644826e-20,1.17664288784e-19,True
RPS13-3,RPS13,473.928348297,724.302868649,30.5921369621,0.654323445082,3.52604166198e-19,1.1037544095e-18,True
POLA1-2,POLA1,624.128161986,913.154015004,35.3474759574,0.68348619371,7.30568104886e-19,2.27946736622e-18,True
NUP54-20,NUP54,517.390422045,776.402492871,31.9297790641,0.66639459146,1.02850994695e-18,3.19869922014e-18,True
RPL3-2,RPL3,890.972511836,1231.34586118,42.9282098744,0.723576161601,1.04477176058e-17,3.23879245781e-17,True
NUP133-8,NUP133,346.73786777,546.825765516,25.8344587716,0.634092044735,2.03324676986e-17,6.28279789658e-17,True
RPL11-4,RPL11,1076.00589934,1453.53436209,48.0167351914,0.740268635819,2.85809641396e-17,8.80330337761e-17,True
PSMD6-11,PSMD6,356.644663992,556.498790588,26.1035720952,0.640872307405,5.33630353248e-17,1.63839862451e-16,True
PSMB3-5,PSMB3,828.975141931,1140.79168804,40.8123246118,0.726666533971,1.58584550582e-16,4.85349532194e-16,True
PSMB3-7,PSMB3,444.207959631,659.850557843,28.9041098828,0.673194792898,5.56424609094e-16,1.69753666457e-15,True
PSMD11-7,PSMD11,356.644663992,541.662975828,25.6902721288,0.658425404555,4.00743595804e-15,1.21871707458e-14,True
COPS6-4,COPS6,806.924530985,1072.11310699,39.1876815511,0.752648695109,3.51319424911e-13,1.06504090643e-12,True
RPS7-6,RPS7,452.836459567,643.364511391,28.4657113288,0.703856758571,4.18088245464e-13,1.26346793677e-12,True
NUP98-13,NUP98,535.925718203,741.559483032,31.0376740342,0.722700916738,8.28893742556e-13,2.49707487961e-12,True
COPS8-9,COPS8,905.992493205,1185.00368615,41.8488730719,0.764548248916,8.39015178486e-13,2.51966745789e-12,True
PSMC1-7,PSMC1,736.937809288,983.082516501,37.0519939013,0.749619484548,9.06143555751e-13,2.71278491301e-12,True
RPS9-6,RPS9,138.695147108,238.529962006,16.1702262564,0.581457968389,7.36363707233e-12,2.19765690264e-11,True
PSMC4-1,PSMC4,728.628883424,956.648171325,36.4106660484,0.761647704208,1.88055732471e-11,5.59509470294e-11,True
RPL27-8,RPL27,958.083066888,1221.97275463,42.7104691411,0.784046177182,4.38207783994e-11,1.29974592722e-10,True
PSMC4-8,PSMC4,323.408960537,464.802901348,23.4932346918,0.695798067523,7.22980422715e-11,2.13779749609e-10,True
RPL27-7,RPL27,425.033515331,587.777218094,26.9649661654,0.723120090822,8.65391957257e-11,2.55104807032e-10,True
PSMD6-15,PSMD6,354.727219562,501.457109991,24.5534129209,0.707392940482,9.66710021643e-11,2.84100406972e-10,True
RPL9-10,RPL9,217.310368741,331.760044848,19.394558934,0.655022725357,1.2673916799e-10,3.71330306214e-10,True
NUP205-9,NUP205,971.185603827,1228.41557137,42.8601681885,0.790600206039,1.55801659874e-10,4.5509238644e-10,True
PSMD1-13,PSMD1,537.523588561,718.20460736,30.4340739444,0.748426817445,1.7941258329e-10,5.22471189521e-10,True
RPL5-4,RPL5,906.95121542,1146.28194173,40.9414233988,0.791211291396,4.00537122459e-10,1.16288874527e-09,True
RPL3-8,RPL3,530.173384913,702.009733001,30.0126982036,0.755222271131,8.54607491936e-10,2.4737283125e-09,True
NUP98-3,NUP98,690.919142966,887.920454653,34.7258060688,0.778131801498,1.1758315333e-09,3.39331562612e-09,True
PSMC1-5,PSMC1,914.940567212,1147.36832867,40.9669558444,0.797425329208,1.30650757121e-09,3.75914304171e-09,True
COPZ1-5,COPZ1,448.042848492,597.55470796,27.2316165432,0.749793855732,3.99226719568e-09,1.14524441046e-08,True
PSMC4-10,PSMC4,663.11619873,848.515229472,33.7473090767,0.781501823064,4.46130117333e-09,1.2759852463e-08,True
RPL3-1,RPL3,463.382403932,613.370329443,27.6604470923,0.75546921931,5.83361301863e-09,1.66353178365e-08,True
RPL18A-5,RPL18A,787.430512613,988.863671044,37.191787442,0.796298353019,7.34539805092e-09,2.08844009673e-08,True
PSMD1-21,PSMD1,437.177330055,580.726399174,26.7719227452,0.752811187294,8.84311400931e-09,2.50685326341e-08,True
NUP98-16,NUP98,901.838030273,1109.89982735,40.083830465,0.812540022126,2.92753315226e-08,8.27458635094e-08,True
RPS11-9,RPS11,735.659513001,919.193211515,35.4957195886,0.800331751568,3.21276944007e-08,9.054168422e-08,True
PSMC2-5,PSMC2,260.452868417,362.315325401,20.3778606394,0.718856891104,6.26408431299e-08,1.76017105988e-07,True
RPS24-8,RPS24,1108.28288058,1334.01322181,45.2959006283,0.830788527775,1.13624398375e-07,3.1834707533e-07,True
COPS8-6,COPS8,394.673978521,515.313959714,24.9481281465,0.765890329732,1.89241853806e-07,5.28666922987e-07,True
NUP205-4,NUP205,1656.3524135,1943.7021424,58.8842311182,0.852163702127,2.1474519748e-07,5.98174303705e-07,True
POLR2F-10,POLR2F,1236.75165739,1472.04172508,48.4350148518,0.840160734794,2.24340256464e-07,6.23095336596e-07,True
PSMB2-22,PSMB2,1353.07661948,1600.14607652,51.3105952202,0.845595686128,3.11348030545e-07,8.6226356586e-07,True
RPS3A-6,RPS3A,298.482182947,400.019528488,21.5535029718,0.746169028485,3.63144552778e-07,1.00282159546e-06,True
RPL34-6,RPL34,643.302606286,793.910948915,32.374487237,0.810295672538,6.62920275359e-07,1.82540511353e-06,True
RPL3-7,RPL3,792.863271831,959.304170173,36.4752640836,0.826498306255,1.02645438081e-06,2.81835045703e-06,True
LYZL6-6,LYZL6,1304.18178651,1517.0532,49.4491989407,0.859680983178,4.52938549505e-06,1.24009671246e-05,True
COPA-3,COPA,930.280122653,1099.05481018,39.8272140959,0.846436514391,6.05340267148e-06,1.65264771798e-05,True
NUP98-9,NUP98,436.538181911,541.708448248,25.6915437906,0.805854483759,1.04074403594e-05,2.83330033581e-05,True
RPL3-6,RPL3,913.662270925,1067.33447105,39.0739373062,0.856022451918,2.45151422451e-05,6.6550993496e-05,True
RPS24-6,RPS24,1157.81686169,1333.38717268,45.2815535059,0.868327583625,3.18156402673e-05,8.61262825264e-05,True
RPS27-2,RPS27,768.895216456,883.674078385,34.6208214602,0.870111770011,0.000318880021231,0.000860796911245,True
COPS8-14,COPS8,981.411974121,1114.03810492,40.1816301637,0.880950094783,0.000361314267064,0.000972613475207,True
RPS24-4,RPS24,1676.80515409,1853.13964121,56.9044426758,0.904845547956,0.000761311680104,0.00204363275022,True
RPL11-6,RPL11,663.435772802,749.574834353,31.2437635875,0.885082772789,0.00244210281025,0.00653721671491,True
NUP133-10,NUP133,816.192179064,909.096053921,35.2477497289,0.897806316003,0.00370473633764,0.00988958783463,True
COPZ1-14,COPZ1,867.00445646,962.598130596,36.5553278778,0.900692021834,0.00401816180598,0.0106965470791,False
NUP98-10,NUP98,1567.83039565,1691.76193961,53.3481401174,0.926744099711,0.00905745142128,0.0240447812592,False
NUP98-4,NUP98,1920.64017078,2061.21107458,61.4382524415,0.931801790931,0.0101133925449,0.0267740226876,False
RPS24-10,RPS24,2156.80540975,2289.88184811,66.3671457604,0.941885019758,0.0210646678227,0.0556130378507,False
PSMD7-3,PSMD7,1399.0952858,1490.29831948,48.8468884493,0.938802162971,0.0301937436434,0.0794964044966,False
NUP54-16,NUP54,548.389106998,595.395351635,27.1728299257,0.921050366772,0.0405256712583,0.106407568523,False
PSMD7-6,PSMD7,446.444978133,485.325681831,24.0898085344,0.919887396951,0.0517781113152,0.135582465869,False
COPS8-15,COPS8,1751.26591279,1839.48011503,56.6048933596,0.952043948984,0.0587923049229,0.153530991932,False
RPL3-3,RPL3,1788.01693103,1873.61436435,57.3529743288,0.954314273551,0.067702516228,0.176320103239,False
RPS8-3,RPS8,1116.27223237,1167.69774681,41.4439582949,0.955959909505,0.107552126181,0.27934484665,False
NUP54-10,NUP54,508.442348039,534.696417912,25.4950855437,0.950899110236,0.151932969149,0.393551437606,False
RPL5-1,RPL5,1070.57314012,1104.79243332,39.9630359829,0.969026495686,0.19597755059,0.506275339024,False
COPZ1-7,COPZ1,659.28130987,682.940218689,29.5134090179,0.965357277004,0.214462125817,0.552541830859,False
RPS24-13,RPS24,852.943197307,879.608328495,34.5202007506,0.96968522202,0.217059097473,0.557737413561,False
OC90-1,OC90,47.9361107516,52.2847098471,7.30665461,0.916828474171,0.260680080318,0.668036152496,False
RPL9-4,RPL9,192.064017078,201.644890056,14.7662875762,0.952486408283,0.270526815044,0.691426248024,False
RPS11-4,RPS11,746.84460551,765.508288517,31.6518882977,0.975619228052,0.275886839662,0.703255312771,False
POLR2D-5,POLR2D,1099.65438064,1118.58180006,40.288935085,0.983079092277,0.320064407863,0.813708719462,False
NUP98-11,NUP98,1078.24291784,1096.86194331,39.7752698805,0.983025187825,0.324401414939,0.822558732865,False
COPS8-16,COPS8,621.251995341,624.985511804,27.9734953681,0.994026235181,0.453916955606,1.0,False
COPS8-1,COPS8,1270.30693492,1273.84198604,43.91198849,0.997224890403,0.472712373399,1.0,False
COPS2-3,COPS2,0.0,0.0,0.0,1.0,1.0,1.0,False
COPS2-8,COPS2,0.0,0.0,0.0,1.0,1.0,1.0,False
DMRTC2-10,DMRTC2,0.0,0.0,0.0,1.0,1.0,1.0,False
DMRTC2-9,DMRTC2,0.0,0.0,0.0,1.0,1.0,1.0,False
OR9Q2-5,OR9Q2,0.0,0.0,0.0,1.0,1.0,1.0,False
OR9Q2-8,OR9Q2,0.0,0.0,0.0,1.0,1.0,1.0,False
PLA2G2E-7,PLA2G2E,0.0,0.0,0.0,1.0,1.0,1.0,False
PLA2G2E-8,PLA2G2E,0.0,0.0,0.0,1.0,1.0,1.0,False
PSMC4-2,PSMC4,0.0,0.0,0.0,1.0,1.0,1.0,False
PSMC4-7,PSMC4,0.0,0.0,0.0,1.0,1.0,1.0,False
RPL18A-6,RPL18A,0.0,0.0,0.0,1.0,1.0,1.0,False
RPL18A-8,RPL18A,0.0,0.0,0.0,1.0,1.0,1.0,False
VN1R2-1,VN1R2,0.0,0.0,0.0,1.0,1.0,1.0,False
VN1R2-2,VN1R2,0.0,0.0,0.0,1.0,1.0,1.0,False
PSMC1-3,PSMC1,1359.14852684,1359.02451406,45.8682306265,1.00009125132,1.0,1.0,False
POLR2F-4,POLR2F,671.425124594,667.628019286,29.1099440678,1.00568745649,1.0,1.0,False
COPZ1-15,COPZ1,1024.87404787,1016.97398402,37.8692382542,1.00776820644,1.0,1.0,False
COPS6-3,COPS6,441.97094113,436.096229439,22.644985954,1.01347113617,1.0,1.0,False
NUP54-9,NUP54,1284.68776814,1265.4488673,43.7181232467,1.01520322262,1.0,1.0,False
POLA1-9,POLA1,866.045734245,840.316802784,33.5424876135,1.0306181328,1.0,1.0,False
RPS27-4,RPS27,1833.39644921,1777.16735893,55.2350673574,1.03163972712,1.0,1.0,False
LUZP4-1,LUZP4,339.06809005,327.429455753,19.2527151646,1.03554547122,1.0,1.0,False
RPTN-4,RPTN,278.668590503,268.203593051,17.2398981162,1.03901885628,1.0,1.0,False
NUP98-15,NUP98,1061.94464018,1014.9756682,37.8212018359,1.04627595858,1.0,1.0,False
COPZ1-9,COPZ1,1236.11250925,1180.70802578,41.7484620718,1.04692479619,1.0,1.0,False
MRGPRD-8,MRGPRD,1068.33612162,1018.90221854,37.915572599,1.04851682741,1.0,1.0,False
PSMD1-16,PSMD1,1561.43891422,1478.97807068,48.5915860191,1.0557552848,1.0,1.0,False
OTUD6A-8,OTUD6A,555.100162503,524.958623398,25.2210245883,1.05741698062,1.0,1.0,False
PIWIL3-5,PIWIL3,1265.19374977,1193.70255141,42.0520166054,1.05989029535,1.0,1.0,False
KRT25-2,KRT25,690.279994823,650.200547725,28.6478457058,1.06164166923,1.0,1.0,False
RPL9-5,RPL9,374.221237934,351.954172964,20.0477276333,1.06326694405,1.0,1.0,False
RPS8-1,RPS8,1245.06058325,1170.12892546,41.5009044671,1.06403709554,1.0,1.0,False
IL1F10-1,IL1F10,572.676736446,535.493431356,25.5174527638,1.06943746256,1.0,1.0,False
RPL3-5,RPL3,1550.25382171,1447.91586289,47.8896009541,1.07067949281,1.0,1.0,False
NUP205-3,NUP205,1086.23226963,1014.01423398,37.7980838754,1.07121994271,1.0,1.0,False
POLR2F-7,POLR2F,1656.67198757,1544.61431179,50.0681121766,1.07254735045,1.0,1.0,False
IL1F10-10,IL1F10,931.238844868,863.52761544,34.1212361549,1.07841234978,1.0,1.0,False
LYZL6-2,LYZL6,1911.3725227,1771.39131692,55.1078068782,1.07902331035,1.0,1.0,False
RPS19-1,RPS19,1414.11526717,1310.42614726,44.7546198704,1.0791262599,1.0,1.0,False
MRGPRD-10,MRGPRD,885.859326689,817.996547426,32.9825796632,1.082962183,1.0,1.0,False
POLA1-10,POLA1,1349.88087876,1245.56448726,43.2579851543,1.0837502936,1.0,1.0,False
PSMB2-11,PSMB2,1038.93530702,952.353638113,36.30613892,1.09091335975,1.0,1.0,False
RPL36-4,RPL36,1112.11776944,1017.28036599,37.8766015754,1.09322641685,1.0,1.0,False
CRYGB-8,CRYGB,854.541067665,781.298233066,32.054361957,1.09374504062,1.0,1.0,False
HTR3D-7,HTR3D,1012.41065907,924.389198381,35.6231017619,1.09522121293,1.0,1.0,False
RPL30-2,RPL30,968.629011254,882.360997908,34.5883357799,1.0977695224,1.0,1.0,False
COPS8-5,COPS8,980.133677834,891.091804291,34.804142152,1.09992446695,1.0,1.0,False
RPS7-4,RPS7,901.838030273,817.099261351,32.9599996543,1.10370682355,1.0,1.0,False
OR9Q2-7,OR9Q2,347.377015913,313.317772049,18.7858651411,1.10870511315,1.0,1.0,False
NPSR1-10,NPSR1,989.401325913,892.066181891,34.8281984345,1.10911202106,1.0,1.0,False
KRT25-4,KRT25,1048.2029551,944.526484265,36.1153808811,1.10976555191,1.0,1.0,False
NUP205-6,NUP205,1838.50963436,1655.46867311,52.5427195849,1.11056745695,1.0,1.0,False
NUP93-5,NUP93,1191.37213921,1071.13214522,39.1643398171,1.11225505137,1.0,1.0,False
RNASE9-4,RNASE9,868.92190089,778.5712589,31.9849906753,1.11604672142,1.0,1.0,False
HTR3D-5,HTR3D,1182.42406521,1057.09516145,38.8298912195,1.11855971755,1.0,1.0,False
RPS11-8,RPS11,262.050738775,234.202652813,16.0101185995,1.11890593735,1.0,1.0,False
RPS8-9,RPS8,2072.43785483,1850.67260947,56.8503602573,1.11982953885,1.0,1.0,False
RPS11-6,RPS11,1220.77295381,1089.16787668,39.5928626802,1.12083084706,1.0,1.0,False
RXFP2-6,RXFP2,1467.16456307,1303.07434634,44.5855947521,1.12592544485,1.0,1.0,False
RPS24-3,RPS24,1109.24160279,983.209022288,37.0550546765,1.12818493082,1.0,1.0,False
RPL5-9,RPL5,1726.3391352,1529.87176416,49.7372448707,1.12842080993,1.0,1.0,False
NUP54-2,NUP54,893.209530338,790.906271687,32.298332726,1.12934940879,1.0,1.0,False
IL1F10-3,IL1F10,532.410403414,469.969331843,23.6441580099,1.1328620132,1.0,1.0,False
LHX5-3,LHX5,566.604829084,499.969680852,24.510853188,1.13327837824,1.0,1.0,False
TPH2-8,TPH2,526.338496052,463.246732542,23.4476750215,1.13619472967,1.0,1.0,False
KRT25-3,KRT25,1645.80646914,1447.2840176,47.8752992053,1.13716896554,1.0,1.0,False
RPL27-9,RPL27,975.979214902,855.107141743,33.9116774802,1.14135313256,1.0,1.0,False
IL1F10-6,IL1F10,740.453124076,648.468040916,28.601733441,1.14184983277,1.0,1.0,False
DMRTB1-1,DMRTB1,1204.47467615,1054.51117689,38.7682335148,1.14221138907,1.0,1.0,False
MRGPRD-9,MRGPRD,1179.86747263,1032.40482919,38.2395580654,1.14283412792,1.0,1.0,False
KRT74-7,KRT74,1371.61191564,1199.60349529,42.1896755799,1.14338772855,1.0,1.0,False
OC90-6,OC90,1451.50543356,1266.10664126,43.7333241624,1.14643220899,1.0,1.0,False
POLR2D-10,POLR2D,839.521086296,728.355418922,30.6969965471,1.15262557878,1.0,1.0,False
DMRTC2-1,DMRTC2,1173.79556527,1016.80341583,37.8651387776,1.15439774001,1.0,1.0,False
DMRTC2-3,DMRTC2,948.81541881,819.824245615,33.0285559522,1.15734003219,1.0,1.0,False
DMRTB1-10,DMRTB1,2100.24079906,1808.58059724,55.9263208119,1.16126469689,1.0,1.0,False
COPS8-13,COPS8,1616.40565454,1391.64971776,46.6123617033,1.16150323886,1.0,1.0,False
POLA1-6,POLA1,893.209530338,768.965740549,31.7401816231,1.16157259451,1.0,1.0,False
NPHS2-5,NPHS2,739.813975933,635.993950082,28.2687676859,1.16324058717,1.0,1.0,False
LYZL6-5,LYZL6,1193.60915771,1025.97622603,38.0854112835,1.16338870963,1.0,1.0,False
PSMD1-14,PSMD1,497.25725553,426.698608253,22.3635359481,1.16535945024,1.0,1.0,False
IL1F10-4,IL1F10,1385.35360072,1187.83114171,41.9149304274,1.1662883318,1.0,1.0,False
CYP7A1-6,CYP7A1,982.370696336,840.623987138,33.5501699851,1.16862082378,1.0,1.0,False
PSMB3-10,PSMB3,1605.85971018,1374.02675373,46.2107432955,1.16872521282,1.0,1.0,False
COPS2-7,COPS2,981.092400049,839.023884049,33.5101461593,1.16932594971,1.0,1.0,False
OC90-8,OC90,569.800569801,487.219241258,24.1444638909,1.16949521191,1.0,1.0,False
COPS2-1,COPS2,1574.86102523,1346.00752752,45.5705708224,1.170023936,1.0,1.0,False
PIWIL3-9,PIWIL3,437.816478198,373.720327617,20.7375911279,1.17150833349,1.0,1.0,False
SPATA16-1,SPATA16,1309.93411981,1115.93347725,40.2264013358,1.17384606387,1.0,1.0,False
DMRTB1-8,DMRTB1,962.557103892,819.490983343,33.0201743717,1.17457924914,1.0,1.0,False
OLIG2-5,OLIG2,1103.4892695,936.698270315,35.9242717896,1.17806267447,1.0,1.0,False
PSMA3-5,PSMA3,1958.34991124,1659.33493918,52.628626031,1.18020169708,1.0,1.0,False
PSMB3-2,PSMB3,1276.05926821,1078.41321439,39.337496018,1.18327488126,1.0,1.0,False
RPL30-9,RPL30,1628.54946927,1374.67410127,46.2255098132,1.18468040372,1.0,1.0,False
FAM71B-9,FAM71B,1673.60941337,1410.71961382,47.0460918475,1.18635155914,1.0,1.0,False
LYZL6-8,LYZL6,1547.69722913,1302.95906126,44.5829430254,1.18783258442,1.0,1.0,False
FCRL4-9,FCRL4,310.306423599,260.15898576,16.9545060217,1.19275689322,1.0,1.0,False
COPZ1-8,COPZ1,1037.65701074,868.707336413,34.249920663,1.19448399622,1.0,1.0,False
RNASE9-11,RNASE9,963.515826107,806.6169957,32.6957962254,1.19451465968,1.0,1.0,False
IL1F10-7,IL1F10,1887.08489325,1579.76777702,50.8553308981,1.19453309575,1.0,1.0,False
CYP7A1-8,CYP7A1,1863.11683788,1557.19478415,50.3501133007,1.19645715285,1.0,1.0,False
DMRTB1-4,DMRTB1,1579.97421037,1318.94127317,44.9502026812,1.19791096276,1.0,1.0,False
KRT74-10,KRT74,1713.87574641,1430.13532695,47.4867904063,1.19840109821,1.0,1.0,False
OR9Q2-6,OR9Q2,1230.36017596,1026.46394795,38.0971125391,1.1986394441,1.0,1.0,False
OC90-7,OC90,1090.38673256,907.251339011,35.2023839927,1.20185739681,1.0,1.0,False
LYZL6-7,LYZL6,1196.80489843,994.534953291,37.3287663429,1.20338143418,1.0,1.0,False
SAGE1-9,SAGE1,644.261328501,535.357707094,25.5136445021,1.20342216048,1.0,1.0,False
COPS8-11,COPS8,692.517013325,574.908750649,26.6121550307,1.20456857291,1.0,1.0,False
SPATA16-3,SPATA16,740.133550005,613.547525332,27.665234648,1.20631820592,1.0,1.0,False
IL1F10-9,IL1F10,1467.16456307,1210.99660605,42.4551304754,1.21153482656,1.0,1.0,False
ADH7-8,ADH7,356.005515848,293.778441773,18.1269240949,1.21181633921,1.0,1.0,False
LYZL6-4,LYZL6,2269.61505705,1870.53412781,57.2855326293,1.21335132212,1.0,1.0,False
TRIM42-7,TRIM42,1629.50819148,1341.55171314,45.4685771895,1.21464433724,1.0,1.0,False
ABCG8-8,ABCG8,1326.23239746,1091.70511995,39.6530406038,1.2148265802,1.0,1.0,False
RPS24-11,RPS24,1422.42419304,1170.58769441,41.5116480185,1.21513680678,1.0,1.0,False
CABP5-7,CABP5,880.106993399,722.906468591,30.5559720175,1.21745624315,1.0,1.0,False
IL22-2,IL22,441.651367058,362.387623114,20.3801529064,1.21872641031,1.0,1.0,False
RPL30-3,RPL30,1429.45482261,1172.05687986,41.546048777,1.21961215976,1.0,1.0,False
ADH7-1,ADH7,1153.02325061,943.776160695,36.0970775115,1.22171262491,1.0,1.0,False
DMRTC2-7,DMRTC2,1571.98485858,1286.25363999,44.1982939237,1.22214220408,1.0,1.0,False
NUP93-3,NUP93,996.112381418,814.20205004,32.8870535244,1.22342160815,1.0,1.0,False
RPL30-10,RPL30,980.453251906,799.123888126,32.5064533205,1.22691020313,1.0,1.0,False
OTUD6A-10,OTUD6A,1174.43471341,956.29469181,36.4020661247,1.22810962297,1.0,1.0,False
PSMD1-17,PSMD1,646.498347003,525.620976064,25.239712171,1.22997059943,1.0,1.0,False
TPH2-5,TPH2,1721.54552413,1398.81300038,46.7753890029,1.23071884781,1.0,1.0,False
PSMA3-4,PSMA3,528.575514554,429.363404454,22.4435414285,1.23106792305,1.0,1.0,False
RPL35A-7,RPL35A,1195.20702807,970.094177737,36.7373222034,1.23205257335,1.0,1.0,False
MRGPRD-6,MRGPRD,818.109623494,663.158676985,28.9917365791,1.23365591356,1.0,1.0,False
TAAR8-6,TAAR8,649.374513648,525.802504419,25.2448326108,1.23501601493,1.0,1.0,False
RPTN-9,RPTN,2273.13037184,1836.87521043,56.5477395072,1.23749852953,1.0,1.0,False
PIWIL3-6,PIWIL3,1385.35360072,1117.48059042,40.2629359418,1.23971155526,1.0,1.0,False
IL1F10-8,IL1F10,1253.04993505,1010.42979256,37.7118571772,1.24011578467,1.0,1.0,False
KRT25-9,KRT25,1118.82882494,901.44439688,35.0594504011,1.2411512333,1.0,1.0,False
OC90-9,OC90,995.473233275,801.669238143,32.5708170991,1.24175056982,1.0,1.0,False
TGM6-4,TGM6,657.044291368,528.985653236,25.3345379715,1.2420833861,1.0,1.0,False
HTR3D-3,HTR3D,1453.10330392,1169.42013923,41.4843045093,1.24258447001,1.0,1.0,False
LYZL6-9,LYZL6,1020.71958494,820.285880031,33.0401648324,1.24434616003,1.0,1.0,False
CRYGB-6,CRYGB,1456.93819278,1168.41661293,41.4607986532,1.24693382194,1.0,1.0,False
NPHS2-9,NPHS2,1647.08476542,1316.62497764,44.8970198641,1.25099006429,1.0,1.0,False
RNASE9-9,RNASE9,867.00445646,692.37845143,29.7609573786,1.25221178485,1.0,1.0,False
NLRP5-3,NLRP5,1422.10461896,1135.65832801,40.6915176257,1.25222928753,1.0,1.0,False
RPL5-7,RPL5,1497.52409988,1195.16878258,42.0862321679,1.25298127068,1.0,1.0,False
COPS6-9,COPS6,1830.2007085,1459.45860033,48.1507104289,1.25402714958,1.0,1.0,False
MRGPRD-1,MRGPRD,1827.64411592,1456.68475394,48.0879903781,1.25466001547,1.0,1.0,False
RPL9-1,RPL9,1067.69697347,849.5970539,33.7743034939,1.25670983506,1.0,1.0,False
DMRTC2-6,DMRTC2,1835.31389364,1459.16937074,48.1441714008,1.25777989207,1.0,1.0,False
OTUD6A-3,OTUD6A,1559.20189571,1239.51785397,43.1178215874,1.25790999356,1.0,1.0,False
FCRL4-10,FCRL4,1509.98748868,1198.44169281,42.1625819067,1.25995907664,1.0,1.0,False
DMRTC2-8,DMRTC2,2505.14114788,1986.6188073,59.8188609094,1.26100746589,1.0,1.0,False
CABP5-5,CABP5,1238.34952775,980.325128641,36.9852600276,1.26320288195,1.0,1.0,False
OC90-4,OC90,708.495716909,560.516875306,26.214970304,1.26400425772,1.0,1.0,False
FCRL4-3,FCRL4,694.434457755,549.357010487,25.9050099113,1.26408591225,1.0,1.0,False
DMRTC2-5,DMRTC2,1438.72247069,1136.21553021,40.7046353734,1.2662408077,1.0,1.0,False
TAS2R13-4,TAS2R13,539.12145892,425.551130717,22.3290363087,1.26687821981,1.0,1.0,False
NPHS2-2,NPHS2,1710.99957976,1349.78240924,45.6569368471,1.26761140762,1.0,1.0,False
CABP5-9,CABP5,1418.2697301,1118.82331701,40.2946365888,1.2676440583,1.0,1.0,False
COPS2-2,COPS2,1753.50293129,1381.60619434,46.3835701418,1.26917709147,1.0,1.0,False
VN1R2-3,VN1R2,1130.01391745,890.162283449,34.7811880854,1.26944708674,1.0,1.0,False
CYP7A1-4,CYP7A1,1947.80396687,1531.58725291,49.7757681571,1.27175514367,1.0,1.0,False
PSMC1-2,PSMC1,1165.16706534,915.97760402,35.4168118918,1.27204754813,1.0,1.0,False
MRGPRD-5,MRGPRD,2151.37265053,1688.94258403,53.2856519308,1.27379857129,1.0,1.0,False
SPATA16-10,SPATA16,1166.76493569,913.938960142,35.3667555553,1.27663332736,1.0,1.0,False
LYZL6-3,LYZL6,1137.3641211,890.908250113,34.7996097768,1.27663440198,1.0,1.0,False
FAM71B-7,FAM71B,1143.43602846,895.635595784,34.9162753319,1.27667550714,1.0,1.0,False
RPTN-5,RPTN,1308.97539759,1025.19961515,38.0667768814,1.27680051596,1.0,1.0,False
KRT9-9,KRT9,1525.00747004,1192.98404092,42.0352470071,1.27831338705,1.0,1.0,False
RPS7-7,RPS7,1034.14169595,808.466341577,32.7424651796,1.27914007395,1.0,1.0,False
TPH2-3,TPH2,834.727475221,652.132486093,28.6992283934,1.2799967691,1.0,1.0,False
TRIM42-3,TRIM42,1020.71958494,797.063945138,32.4543294261,1.28059936868,1.0,1.0,False
PSMC2-10,PSMC2,1199.04191693,934.746309946,35.8765675876,1.28274581474,1.0,1.0,False
HTR3D-1,HTR3D,2808.73651597,2188.49488684,64.1879589313,1.283410134,1.0,1.0,False
SPATA16-2,SPATA16,1149.82750989,895.325130824,34.9086174481,1.28425693673,1.0,1.0,False
MRGPRD-7,MRGPRD,1281.49202743,997.830796485,37.4082999551,1.28427788754,1.0,1.0,False
IL22-9,IL22,1713.55617233,1334.22389436,45.3007283587,1.28430931238,1.0,1.0,False
CRYGB-1,CRYGB,1437.76374848,1119.02227786,40.2993333008,1.28483925381,1.0,1.0,False
MRGPRD-3,MRGPRD,1977.52435554,1537.23290224,49.9025057018,1.28641818208,1.0,1.0,False
DEFB129-10,DEFB129,1043.40934403,809.726492429,32.7742516108,1.28859479563,1.0,1.0,False
MAGEB3-3,MAGEB3,673.662143096,522.48813137,25.1512618323,1.28933482437,1.0,1.0,False
ABCG8-10,ABCG8,1320.48006417,1023.83488962,38.0340243288,1.28973927101,1.0,1.0,False
OTUD6A-6,OTUD6A,1378.96211929,1068.54801676,39.102831954,1.29050084569,1.0,1.0,False
COPS8-3,COPS8,2111.74546564,1635.51953652,52.0990478004,1.29117715716,1.0,1.0,False
IL22-7,IL22,1065.1403809,824.579780393,33.1480744656,1.29173720509,1.0,1.0,False
CRYGB-7,CRYGB,2032.49109587,1572.75889628,50.6985666235,1.29230939382,1.0,1.0,False
OLIG2-6,OLIG2,1016.88469608,786.639288817,32.1900694443,1.29269502622,1.0,1.0,False
KRT9-1,KRT9,1088.14971406,841.261189713,33.5661037889,1.29347428286,1.0,1.0,False
KRT9-2,KRT9,1637.49754327,1265.96549724,43.7300624847,1.29347722891,1.0,1.0,False
RPL5-10,RPL5,1911.69209677,1477.40421504,48.5560692794,1.29395332524,1.0,1.0,False
DEFB129-9,DEFB129,1451.18585949,1121.25488212,40.3520262755,1.2942515414,1.0,1.0,False
PSMA3-9,PSMA3,1188.1763985,917.599903549,35.4566287004,1.29487415365,1.0,1.0,False
RNASE9-5,RNASE9,1521.49215526,1174.04605793,41.5926130972,1.29593906899,1.0,1.0,False
KRT9-4,KRT9,682.610217103,526.62271052,25.2679620988,1.29620353142,1.0,1.0,False
NLRP5-9,NLRP5,893.209530338,689.034605333,29.6733518707,1.29632027684,1.0,1.0,False
DMRTB1-6,DMRTB1,1508.38961832,1162.9199377,41.3319857828,1.29707090696,1.0,1.0,False
RPS24-2,RPS24,998.668973991,769.855070253,31.7628773887,1.29721685624,1.0,1.0,False
IL22-3,IL22,1763.09015344,1357.68130529,45.8375358903,1.29860383771,1.0,1.0,False
OLIG2-9,OLIG2,872.437215679,671.364086715,29.2086020693,1.29949938184,1.0,1.0,False
RPS24-12,RPS24,2100.87994721,1616.42757622,51.673781078,1.29970558416,1.0,1.0,False
RXFP2-2,RXFP2,572.357162374,440.171462989,22.7664401549,1.30030501861,1.0,1.0,False
KRT74-9,KRT74,1920.64017078,1476.00689109,48.5245317459,1.30124065299,1.0,1.0,False
COPS8-8,COPS8,1851.29259723,1420.94753663,47.2783568203,1.30285781108,1.0,1.0,False
MRGPRD-2,MRGPRD,1004.10173321,770.611160117,31.7821680094,1.30299401978,1.0,1.0,False
MAGEB3-6,MAGEB3,1350.52002691,1034.88781009,38.2990460636,1.30499172349,1.0,1.0,False
HTR3D-4,HTR3D,2122.93055815,1626.50345985,51.8982991285,1.30521121569,1.0,1.0,False
POU4F2-1,POU4F2,640.746013713,490.437913691,24.2372211671,1.30647732532,1.0,1.0,False
DMRTB1-9,DMRTB1,2009.16218863,1535.75772122,49.8693959992,1.30825465558,1.0,1.0,False
LUZP4-9,LUZP4,650.013661792,496.586616875,24.4139135744,1.30896331013,1.0,1.0,False
TAS2R9-3,TAS2R9,1097.41736214,837.179894821,33.4640008409,1.31085011588,1.0,1.0,False
RPL27-5,RPL27,2135.07437288,1628.21099371,51.9363295626,1.31130079647,1.0,1.0,False
KRT25-5,KRT25,2098.32335463,1600.16159293,51.3109415712,1.31131965915,1.0,1.0,False
TAS2R13-6,TAS2R13,850.386604733,647.783518998,28.5835054292,1.31276356961,1.0,1.0,False
MAGEB3-7,MAGEB3,1308.97539759,996.747739744,37.3821699194,1.31324641672,1.0,1.0,False
HTR3D-8,HTR3D,471.052181652,358.476961561,20.2559386613,1.31403753145,1.0,1.0,False
KRT25-6,KRT25,1359.14852684,1034.30297352,38.2850368491,1.31407195148,1.0,1.0,False
OR12D2-2,OR12D2,1674.56813559,1274.19363441,43.9201063466,1.31421794174,1.0,1.0,False
OR12D2-7,OR12D2,753.875235087,572.91520272,26.5573041605,1.31585831814,1.0,1.0,False
KRT9-5,KRT9,1133.84880631,861.652149811,34.0746007258,1.31590086157,1.0,1.0,False
RNASE9-1,RNASE9,624.128161986,474.195515872,23.767238734,1.31618317992,1.0,1.0,False
KRT9-6,KRT9,1589.88100659,1207.94588603,42.3840918314,1.31618562137,1.0,1.0,False
PIWIL3-10,PIWIL3,1346.0459899,1022.51067465,38.0022359145,1.31641265296,1.0,1.0,False
RNASE9-7,RNASE9,807.563679128,613.386734445,27.6608903453,1.31656528219,1.0,1.0,False
MAGEB3-9,MAGEB3,1824.76794928,1385.86587137,46.4806362716,1.31669881406,1.0,1.0,False
DMRTB1-7,DMRTB1,1355.31363798,1028.45899542,38.1449658414,1.31781008676,1.0,1.0,False
TRIM42-8,TRIM42,2090.97315098,1586.13564885,50.997677055,1.31828141716,1.0,1.0,False
OR9Q2-2,OR9Q2,1447.35097063,1097.5145932,39.790731721,1.31875328091,1.0,1.0,False
OLIG2-7,OLIG2,1760.2139868,1334.31722192,45.3028669964,1.3191870403,1.0,1.0,False
SPATA16-4,SPATA16,1398.45613766,1059.759291,38.893431452,1.3195979026,1.0,1.0,False
RPL9-8,RPL9,328.841719756,249.191080436,16.5600224688,1.31963679912,1.0,1.0,False
TAAR1-4,TAAR1,1094.22162142,828.874523145,33.2558786785,1.32012939337,1.0,1.0,False
RPTN-10,RPTN,1287.56393479,974.942308963,36.8548774126,1.32065653829,1.0,1.0,False
LYZL6-1,LYZL6,2678.35029473,2023.22094483,60.6142703191,1.32380514425,1.0,1.0,False
KRT74-6,KRT74,783.915197824,591.411624566,27.0642236351,1.3254984604,1.0,1.0,False
NPSR1-5,NPSR1,1467.80371121,1106.88518286,40.0125437036,1.32606681699,1.0,1.0,False
ADH7-4,ADH7,657.683439512,495.848576718,24.3927394422,1.32637960537,1.0,1.0,False
DMRTC2-2,DMRTC2,1784.82119032,1345.43742062,45.5575240035,1.32657317462,1.0,1.0,False
DMRTB1-3,DMRTB1,2240.53381653,1688.85679503,53.283750298,1.32665707544,1.0,1.0,False
FCRL4-2,FCRL4,2254.27550161,1697.37318311,53.4724687962,1.32809656948,1.0,1.0,False
CYP7A1-10,CYP7A1,1688.62939474,1271.39972051,43.8555983319,1.32816561739,1.0,1.0,False
TPH2-4,TPH2,830.253438218,625.105343825,27.9767169182,1.32818163597,1.0,1.0,False
RXFP2-10,RXFP2,1579.01548816,1188.44177206,41.9291929107,1.32864354425,1.0,1.0,False
POU4F2-9,POU4F2,971.824751971,731.405389598,30.7758207311,1.32870876506,1.0,1.0,False
IL22-10,IL22,2319.14903816,1745.38805807,54.5342685524,1.32872975006,1.0,1.0,False
SAGE1-3,SAGE1,1273.50267563,958.226782032,36.4490647152,1.32902012291,1.0,1.0,False
OR9Q2-4,OR9Q2,854.860641737,642.916663941,28.4537616342,1.32966010944,1.0,1.0,False
TAS2R9-8,TAS2R9,1203.19637986,903.532886571,35.1108794342,1.33165753869,1.0,1.0,False
RPL34-2,RPL34,562.13079208,422.03417975,22.2231121675,1.33195560704,1.0,1.0,False
KRT74-4,KRT74,1590.20058067,1192.86946306,42.0325726689,1.33308851464,1.0,1.0,False
LUZP4-10,LUZP4,2212.09172415,1657.79705398,52.5944580896,1.33435616793,1.0,1.0,False
TPH2-1,TPH2,927.084381936,694.741000773,29.8227898813,1.33443165281,1.0,1.0,False
NPSR1-6,NPSR1,1691.50556139,1267.32718762,43.7615271174,1.3347031279,1.0,1.0,False
FCRL4-1,FCRL4,1798.24330133,1344.34450304,45.53251033,1.3376357751,1.0,1.0,False
TGM6-9,TGM6,969.587733469,724.75537693,30.6038526821,1.33781378425,1.0,1.0,False
PIWIL3-2,PIWIL3,547.430384783,409.011126444,21.8283959565,1.33842418797,1.0,1.0,False
PIWIL3-3,PIWIL3,1704.60809833,1273.27555459,43.8989115656,1.33875820688,1.0,1.0,False
ABCG8-9,ABCG8,1574.22187708,1173.2999618,41.5751494777,1.3417045328,1.0,1.0,False
ABCG8-5,ABCG8,1216.61849088,906.171485539,35.1758188947,1.3425918938,1.0,1.0,False
KRT77-3,KRT77,1450.54671134,1080.01867625,39.375647232,1.34307558123,1.0,1.0,False
KRT77-6,KRT77,1582.21122887,1177.60199955,41.6758192854,1.34358741703,1.0,1.0,False
FAM71B-4,FAM71B,2153.9292431,1603.06844272,51.3758192706,1.34362899655,1.0,1.0,False
COPZ1-13,COPZ1,2376.03322292,1767.86954847,55.0301891808,1.34400936142,1.0,1.0,False
KRT9-8,KRT9,864.767437959,641.3062429,28.4107735512,1.34844693551,1.0,1.0,False
NPHS2-3,NPHS2,1632.06478406,1210.1419494,42.4352321314,1.34865565554,1.0,1.0,False
RNASE9-8,RNASE9,1228.12315746,910.424245947,35.2804009589,1.34895699772,1.0,1.0,False
PSMD6-2,PSMD6,789.667531115,585.012477555,26.8893470138,1.34983023681,1.0,1.0,False
KRT9-10,KRT9,1348.92215655,998.837636072,37.4325861364,1.35049191964,1.0,1.0,False
KRT77-10,KRT77,2482.45138879,1837.20632137,56.5550048864,1.35120991035,1.0,1.0,False
TPH2-10,TPH2,1760.85313494,1302.70830344,44.5771750966,1.35168642918,1.0,1.0,False
SAGE1-7,SAGE1,756.751401732,559.674030651,26.1916217698,1.35212884695,1.0,1.0,False
PIWIL3-1,PIWIL3,1653.79582093,1222.06704931,42.712661038,1.35327748331,1.0,1.0,False
LHX5-6,LHX5,764.10160538,563.870370584,26.3077716527,1.35510153617,1.0,1.0,False
OR12D2-6,OR12D2,890.972511836,657.21653758,28.8342579987,1.35567573378,1.0,1.0,False
TAS2R9-5,TAS2R9,1226.5252871,904.513621756,35.1350213264,1.35600532441,1.0,1.0,False
TGM6-10,TGM6,1574.22187708,1159.15934493,41.243795894,1.35807202346,1.0,1.0,False
RPTN-2,RPTN,1532.67724776,1128.01226569,40.5113958966,1.35874165058,1.0,1.0,False
KRT74-2,KRT74,2068.60296597,1522.00903796,49.5606015254,1.35912659805,1.0,1.0,False
RPL35A-3,RPL35A,1215.02062052,893.207165409,34.8563608882,1.36028982701,1.0,1.0,False
HTR3D-9,HTR3D,1532.99682184,1126.39229528,40.4732054021,1.36097949912,1.0,1.0,False
PSMC2-8,PSMC2,1192.6504355,876.282306149,34.4378124283,1.36103448299,1.0,1.0,False
SPATA16-8,SPATA16,2865.9402748,2104.77672088,62.3812522738,1.36163624691,1.0,1.0,False
IL1F10-2,IL1F10,341.624682623,250.704541992,16.6148406533,1.36265852987,1.0,1.0,False
IL1F10-5,IL1F10,1828.60283814,1341.45416348,45.4663436876,1.36314969823,1.0,1.0,False
TAS2R9-2,TAS2R9,2459.44205563,1803.42516087,55.8129727343,1.36376164035,1.0,1.0,False
OC90-3,OC90,1133.84880631,831.105714643,33.3118352267,1.36426544341,1.0,1.0,False
OR12D2-3,OR12D2,1943.0103558,1423.33083499,47.3324432409,1.36511505831,1.0,1.0,False
IL22-5,IL22,2617.95079518,1917.7353674,58.3176439185,1.36512620025,1.0,1.0,False
RPS7-2,RPS7,1991.26604062,1457.99043828,48.1175156445,1.36576069934,1.0,1.0,False
TAAR8-4,TAAR8,1576.45889558,1152.01439474,41.0761001362,1.3684368032,1.0,1.0,False
OR12D2-5,OR12D2,2232.54446474,1630.41816643,51.9854803157,1.36930789334,1.0,1.0,False
CYP7A1-1,CYP7A1,1137.3641211,830.507274097,33.2968301141,1.36948122741,1.0,1.0,False
OC90-2,OC90,1132.8900841,826.821832396,33.2043689083,1.37017437096,1.0,1.0,False
NPHS2-6,NPHS2,1517.01811825,1106.75416345,40.0094447081,1.370691133,1.0,1.0,False
TGM6-11,TGM6,867.963178675,633.09613846,28.1911733175,1.37098163446,1.0,1.0,False
CYP7A1-3,CYP7A1,1375.4468045,1003.09344987,37.5351882168,1.37120505042,1.0,1.0,False
PIWIL3-8,PIWIL3,2323.94264924,1693.97567826,53.3971962373,1.37188666819,1.0,1.0,False
TRIM42-2,TRIM42,2477.33820364,1803.03857567,55.8044716858,1.37397959038,1.0,1.0,False
RXFP2-5,RXFP2,2586.63253616,1882.18961048,57.5406630358,1.37426777927,1.0,1.0,False
PLA2G2E-2,PLA2G2E,2555.31427713,1858.39423919,57.0196067938,1.37501194485,1.0,1.0,False
CYP7A1-2,CYP7A1,1969.85457782,1429.48895802,47.4721333997,1.37801314712,1.0,1.0,False
ADH7-6,ADH7,1331.34558261,965.925267207,36.6361416897,1.37831116734,1.0,1.0,False
DEFB129-7,DEFB129,1035.10041816,750.355848425,31.263816583,1.3794793768,1.0,1.0,False
TAS2R9-1,TAS2R9,2141.78542838,1552.47197231,50.2442844038,1.37959684077,1.0,1.0,False
NPSR1-7,NPSR1,921.971196789,667.959956904,29.11871522,1.38027914287,1.0,1.0,False
OLIG2-2,OLIG2,1863.75598602,1348.46574023,45.626816862,1.38213076567,1.0,1.0,False
TAS2R13-5,TAS2R13,868.92190089,628.378520643,28.0646494164,1.38280013136,1.0,1.0,False
PIWIL3-4,PIWIL3,1951.9584298,1411.55829618,47.0651468118,1.38283940173,1.0,1.0,False
OLIG2-8,OLIG2,1873.0236341,1353.83422017,45.7495971275,1.38349556112,1.0,1.0,False
OTUD6A-5,OTUD6A,876.272104539,632.702779199,28.1806331761,1.38496642238,1.0,1.0,False
PLA2G2E-9,PLA2G2E,906.95121542,654.720204363,28.7679906831,1.38525007992,1.0,1.0,False
PSMB2-24,PSMB2,992.59706663,716.353208543,30.3860218457,1.38562521225,1.0,1.0,False
NPSR1-4,NPSR1,1446.71182248,1043.87226843,38.514070079,1.38590885708,1.0,1.0,False
DEFB129-6,DEFB129,681.331920816,491.515870797,24.268245496,1.38618498668,1.0,1.0,False
OTUD6A-9,OTUD6A,1041.17232552,751.105977388,31.2830718867,1.38618564738,1.0,1.0,False
RPS24-9,RPS24,1407.0846376,1013.32152312,37.781424793,1.38858654977,1.0,1.0,False
ADH7-3,ADH7,1628.54946927,1172.60367748,41.5588500392,1.38883196475,1.0,1.0,False
DEFB129-2,DEFB129,2258.42996454,1625.71844632,51.8808134477,1.38918886579,1.0,1.0,False
VN1R2-7,VN1R2,1113.7156398,800.6081228,32.5439905921,1.39108711001,1.0,1.0,False
KRT77-8,KRT77,358.562108422,257.75303187,16.8685145219,1.39110723866,1.0,1.0,False
KRT77-2,KRT77,929.640974509,668.219969196,29.125585031,1.39121998348,1.0,1.0,False
COPB1-9,COPB1,2283.99589028,1641.42324479,52.2304196504,1.39147285597,1.0,1.0,False
LUZP4-4,LUZP4,1760.2139868,1264.69664806,43.7007381485,1.39180726817,1.0,1.0,False
PSMA3-7,PSMA3,1773.95567188,1274.56580254,43.9286975073,1.39181175922,1.0,1.0,False
TAAR1-5,TAAR1,1803.0369124,1295.10452393,44.4021884371,1.39219412726,1.0,1.0,False
LHX5-9,LHX5,1294.27499029,929.625049571,35.7513102009,1.39225485682,1.0,1.0,False
TAS2R13-7,TAS2R13,1851.93174537,1329.8522704,45.2005245759,1.39258456491,1.0,1.0,False
RPTN-3,RPTN,1686.39237624,1208.41050192,42.3949127815,1.39554594532,1.0,1.0,False
NLRP5-2,NLRP5,1021.99788122,732.231880175,30.7971669899,1.39572983489,1.0,1.0,False
KRT74-5,KRT74,2069.24211411,1482.45782825,48.6700935478,1.39581853506,1.0,1.0,False
CABP5-3,CABP5,1658.58943201,1187.66716115,41.9111001206,1.39651030715,1.0,1.0,False
LHX5-8,LHX5,2117.49779893,1514.69587172,49.3961906129,1.39796895104,1.0,1.0,False
NLRP5-7,NLRP5,2450.81355569,1753.05159698,54.7034055104,1.39802705175,1.0,1.0,False
HTR3D-2,HTR3D,659.28130987,471.197504943,23.6799611377,1.39916129214,1.0,1.0,False
OR12D2-4,OR12D2,1646.44561728,1176.72556428,41.6553154669,1.39917553188,1.0,1.0,False
ADH7-2,ADH7,600.799254753,429.303381278,22.4417410809,1.39947477927,1.0,1.0,False
RPTN-6,RPTN,1102.53054729,787.694661675,32.2168593576,1.39969280095,1.0,1.0,False
TAAR8-8,TAAR8,1277.33756449,912.378103243,35.3284148069,1.40000900937,1.0,1.0,False
OR9Q2-3,OR9Q2,1799.52159761,1283.93685269,44.1448856276,1.40156550055,1.0,1.0,False
TAS2R13-3,TAS2R13,1044.04849217,744.750116876,31.1197749129,1.40187758083,1.0,1.0,False
KRT25-10,KRT25,1799.20202354,1282.34926081,44.1082782808,1.40305147632,1.0,1.0,False
TRIM42-9,TRIM42,1401.97145245,998.311696795,37.4199004522,1.40434240824,1.0,1.0,False
CABP5-10,CABP5,1044.04849217,743.438776754,31.0860419786,1.40435033094,1.0,1.0,False
NPHS2-4,NPHS2,1837.23133807,1308.14810784,44.7022617055,1.4044520854,1.0,1.0,False
LHX5-1,LHX5,1085.91269556,772.993791117,31.8429285693,1.40481425341,1.0,1.0,False
FCRL4-5,FCRL4,1440.63991512,1025.10009735,38.0643888028,1.40536511395,1.0,1.0,False
KRT74-8,KRT74,1981.99839254,1410.13256288,47.0327529746,1.40554047521,1.0,1.0,False
PLA2G2E-3,PLA2G2E,1018.16299236,724.069702079,30.5860994371,1.40616709888,1.0,1.0,False
NPSR1-2,NPSR1,2386.25959321,1696.35688029,53.4499543384,1.40669668095,1.0,1.0,False
FCRL4-6,FCRL4,1435.52672997,1020.33949611,37.9500984397,1.40691087177,1.0,1.0,False
RPTN-7,RPTN,1640.37370992,1165.92565263,41.4024369661,1.40692822584,1.0,1.0,False
FCRL4-7,FCRL4,1132.25093595,804.430383448,32.6405846548,1.40751885961,1.0,1.0,False
CABP5-4,CABP5,2736.51277577,1942.82113849,58.865021545,1.40852532513,1.0,1.0,False
TGM6-6,TGM6,1429.77439668,1015.01647774,37.8221830184,1.40862185791,1.0,1.0,False
TAAR1-10,TAAR1,544.554218138,386.488502852,21.1359992352,1.40897908766,1.0,1.0,False
RPL27-3,RPL27,1105.726288,784.391834735,32.1329915257,1.4096606301,1.0,1.0,False
ABCG8-3,ABCG8,1710.99957976,1213.03651768,42.5026146026,1.41050953934,1.0,1.0,False
ABCG8-6,ABCG8,2340.88007504,1659.07636205,52.6228813813,1.41095378645,1.0,1.0,False
PSMC2-6,PSMC2,771.132234957,546.159621527,25.8158765227,1.41191733069,1.0,1.0,False
VN1R2-6,VN1R2,1760.2139868,1246.10538074,43.2705177797,1.41257233458,1.0,1.0,False
TGM6-8,TGM6,1554.40828464,1099.0895693,39.82803731,1.41426898049,1.0,1.0,False
TAAR1-3,TAAR1,1315.6864531,930.227530283,35.7660532806,1.41437058168,1.0,1.0,False
TRIM42-1,TRIM42,2326.49924181,1644.86985738,52.3070868509,1.41439715207,1.0,1.0,False
KRT77-1,KRT77,1953.55630016,1380.93370692,46.3682418863,1.41466334725,1.0,1.0,False
KRT25-7,KRT25,1811.34583827,1279.2031805,44.0357129565,1.41599541487,1.0,1.0,False
RXFP2-3,RXFP2,2264.18229783,1598.774446,51.2799764653,1.41619870364,1.0,1.0,False
SAGE1-1,SAGE1,1252.73036097,884.168816443,34.6330586101,1.41684521968,1.0,1.0,False
OR9Q2-9,OR9Q2,938.908622588,662.29735192,28.9689323308,1.41765419998,1.0,1.0,False
LHX5-5,LHX5,1400.37358209,986.940580177,37.1453034854,1.41890364042,1.0,1.0,False
LUZP4-5,LUZP4,973.422622329,685.990471453,29.5935055215,1.41900312444,1.0,1.0,False
KRT77-5,KRT77,770.173512742,542.733515175,25.7202022837,1.41906385216,1.0,1.0,False
TAS2R9-9,TAS2R9,1869.18874524,1316.20385371,44.8873491458,1.42013620456,1.0,1.0,False
RPS9-5,RPS9,1531.07937741,1077.40534534,39.3135402275,1.42108017566,1.0,1.0,False
PLA2G2E-6,PLA2G2E,2270.57377927,1597.67176134,51.2553588299,1.42117663604,1.0,1.0,False
DEFB129-1,DEFB129,1416.99143382,996.628190587,37.3792853095,1.42178542329,1.0,1.0,False
COPZ1-6,COPZ1,1720.90637598,1209.2027393,42.4133624354,1.42317439421,1.0,1.0,False
RPS11-5,RPS11,786.791364469,552.441591107,25.9908591991,1.42420733184,1.0,1.0,False
TPH2-9,TPH2,1518.29641454,1065.87276639,39.0391257738,1.42446309017,1.0,1.0,False
LUZP4-6,LUZP4,1878.13681925,1318.25075647,44.9343497651,1.42471893912,1.0,1.0,False
KRT9-7,KRT9,1641.65200621,1151.79076599,41.070848491,1.42530401761,1.0,1.0,False
HTR3D-10,HTR3D,1751.26591279,1228.09099044,42.8526297051,1.4260066448,1.0,1.0,False
TRIM42-5,TRIM42,1569.10869194,1100.32321175,39.8572510605,1.4260434345,1.0,1.0,False
TAS2R13-1,TAS2R13,341.624682623,239.206650392,16.1951623404,1.42815712717,1.0,1.0,False
TAAR1-1,TAAR1,1245.38015733,871.768717542,34.3258987171,1.42856715579,1.0,1.0,False
KRT25-1,KRT25,1177.63045413,823.747926405,33.1271791383,1.42960050809,1.0,1.0,False
TPH2-7,TPH2,1526.92491447,1067.10178456,39.0683963124,1.43090840683,1.0,1.0,False
RPTN-8,RPTN,2066.36594747,1443.346073,47.7861437311,1.43164968272,1.0,1.0,False
OR12D2-8,OR12D2,1144.71432475,799.326552113,32.5115797701,1.43209846054,1.0,1.0,False
COPS4-5,COPS4,1479.30837779,1032.27252056,38.2363874034,1.43305992199,1.0,1.0,False
LHX5-7,LHX5,1335.81961961,932.137334686,35.8127742917,1.43307168365,1.0,1.0,False
RNASE9-3,RNASE9,1485.69985923,1036.58538817,38.3397013476,1.43326336275,1.0,1.0,False
TPH2-2,TPH2,1294.27499029,902.637302816,35.088828787,1.43388156711,1.0,1.0,False
ABCG8-4,ABCG8,1347.32428619,938.219860452,35.9614438658,1.43604323782,1.0,1.0,False
PLA2G2E-5,PLA2G2E,1657.63070979,1150.09838256,41.0310990985,1.44129470568,1.0,1.0,False
NPSR1-8,NPSR1,1596.5920621,1103.92353653,39.942475644,1.44628863256,1.0,1.0,False
SAGE1-8,SAGE1,2060.2940401,1422.07400735,47.3039225468,1.44879523109,1.0,1.0,False
TAAR8-5,TAAR8,1628.86904334,1124.06974105,40.4184343562,1.44908183528,1.0,1.0,False
POU4F2-6,POU4F2,1035.10041816,713.84365669,30.3208389376,1.45003798585,1.0,1.0,False
KRT77-9,KRT77,2611.87888782,1800.15542743,55.7410641692,1.45091854182,1.0,1.0,False
ABCG8-7,ABCG8,1674.24856152,1153.29483622,41.1061662534,1.45170905907,1.0,1.0,False
ABCG8-1,ABCG8,1608.09672868,1107.41759045,40.0251360244,1.45211412799,1.0,1.0,False
OR52E8-1,OR52E8,1577.73719187,1084.40945868,39.4799332841,1.45492754535,1.0,1.0,False
RXFP2-1,RXFP2,1851.29259723,1272.02243143,43.8699779565,1.45539304299,1.0,1.0,False
LUZP4-2,LUZP4,1928.94909664,1323.9229638,45.0645337732,1.45699496827,1.0,1.0,False
PSMB2-8,PSMB2,1261.99800905,865.897872872,34.1801434497,1.45744440377,1.0,1.0,False
RPS7-5,RPS7,3448.52380747,2365.88425981,67.9949055645,1.45760461154,1.0,1.0,False
TAS2R13-2,TAS2R13,1313.44943459,901.071556671,35.0502665568,1.45765275229,1.0,1.0,False
OTUD6A-2,OTUD6A,1357.55065649,930.778888849,35.7795436314,1.45851036455,1.0,1.0,False
TGM6-2,TGM6,2525.27431439,1730.21468048,54.199118966,1.45951502023,1.0,1.0,False
PSMB3-4,PSMB3,2083.94252141,1427.49017086,47.4268028919,1.45986470797,1.0,1.0,False
CABP5-2,CABP5,615.180087979,421.187831355,22.1975797917,1.4605837163,1.0,1.0,False
OR9Q2-1,OR9Q2,1375.4468045,941.541451156,36.0425463307,1.46084572571,1.0,1.0,False
RPS7-8,RPS7,379.653997153,259.747504879,16.9398204065,1.46162711873,1.0,1.0,False
VN1R2-4,VN1R2,2261.62570526,1546.33124923,50.1066171295,1.46257518005,1.0,1.0,False
VN1R2-5,VN1R2,1172.51726898,801.382638065,32.5635722449,1.46311788313,1.0,1.0,False
CYP7A1-5,CYP7A1,769.853938671,525.953819817,25.2491004307,1.463729152,1.0,1.0,False
CRYGB-3,CRYGB,1612.25119161,1101.43195226,39.8835018946,1.46377739297,1.0,1.0,False
CRYGB-2,CRYGB,1105.40671393,754.202626385,31.3625122304,1.46566277451,1.0,1.0,False
PSMB3-8,PSMB3,892.250808123,608.75101943,27.5355091229,1.46570729189,1.0,1.0,False
MRGPRD-4,MRGPRD,2076.27274369,1415.5124811,47.1549636818,1.46679931927,1.0,1.0,False
IL22-6,IL22,921.332048646,627.948444123,28.0531025335,1.46720970052,1.0,1.0,False
POU4F2-10,POU4F2,1209.5878613,823.647056915,33.1246450757,1.46857546706,1.0,1.0,False
DMRTC2-4,DMRTC2,1744.23528321,1187.43323361,41.9056358131,1.46891230078,1.0,1.0,False
TAAR8-10,TAAR8,1922.23804114,1308.50565196,44.7104804132,1.46903304411,1.0,1.0,False
OR9Q2-10,OR9Q2,1333.90217518,907.461983034,35.2075651933,1.46992623396,1.0,1.0,False
SAGE1-4,SAGE1,2578.00403622,1753.28046088,54.7084552325,1.4703888475,1.0,1.0,False
MAGEB3-1,MAGEB3,905.672919133,615.500821129,27.7179851202,1.47144063508,1.0,1.0,False
VN1R2-8,VN1R2,2014.27537378,1368.43569366,46.0831624307,1.4719547167,1.0,1.0,False
LUZP4-3,LUZP4,1295.87286065,879.009896824,34.5053820776,1.47424149072,1.0,1.0,False
MAGEB3-10,MAGEB3,1650.60008021,1117.36431103,40.2601903582,1.47722641928,1.0,1.0,False
OTUD6A-4,OTUD6A,1262.31758313,854.380386596,33.8935696794,1.47746554454,1.0,1.0,False
RXFP2-4,RXFP2,1680.95961702,1134.86602548,40.6728631224,1.48119652829,1.0,1.0,False
LUZP4-7,LUZP4,433.981589338,292.895544314,18.0967837552,1.48169406385,1.0,1.0,False
TGM6-14,TGM6,1725.38041299,1163.73746893,41.3511511201,1.48261997148,1.0,1.0,False
TAAR8-3,TAAR8,981.411974121,661.792455301,28.9555612561,1.4829603545,1.0,1.0,False
RXFP2-7,RXFP2,1012.091085,682.132256556,29.492177635,1.48371679432,1.0,1.0,False
LUZP4-8,LUZP4,2791.79909017,1881.28025265,57.520764268,1.48398894117,1.0,1.0,False
CRYGB-9,CRYGB,1673.60941337,1127.28446748,40.4942394148,1.4846380498,1.0,1.0,False
NLRP5-10,NLRP5,1568.14996972,1055.85408653,38.8002808977,1.48519571949,1.0,1.0,False
FAM71B-6,FAM71B,3727.19239797,2508.64662453,71.0403009865,1.48573831066,1.0,1.0,False
KRT25-8,KRT25,1063.22293647,715.481132922,30.3633770009,1.48602512009,1.0,1.0,False
TGM6-13,TGM6,1727.61743149,1161.69897817,41.3033584919,1.48714724206,1.0,1.0,False
CRYGB-5,CRYGB,2098.96250278,1411.39747085,47.0614929717,1.48715195126,1.0,1.0,False
PLA2G2E-10,PLA2G2E,1692.4642836,1136.77749903,40.7178641721,1.48882634029,1.0,1.0,False
SPATA16-6,SPATA16,1568.46954379,1053.07937127,38.7340561826,1.48941246651,1.0,1.0,False
IL22-8,IL22,2061.57233639,1384.14288139,46.441379604,1.48942162266,1.0,1.0,False
NPHS2-7,NPHS2,2636.48609134,1766.7341808,55.0051623854,1.49229358892,1.0,1.0,False
PIWIL3-7,PIWIL3,1925.11420778,1288.91950912,44.2597302853,1.49358760897,1.0,1.0,False
OR12D2-9,OR12D2,1417.95015603,948.900750488,36.2220272564,1.49430818271,1.0,1.0,False
OR12D2-1,OR12D2,760.586290592,508.868459928,24.7649203647,1.49466188315,1.0,1.0,False
RNASE9-10,RNASE9,1649.641358,1103.449365,39.9312542737,1.49498600509,1.0,1.0,False
RPTN-1,RPTN,1643.24987656,1099.08702867,39.8279771394,1.49510442185,1.0,1.0,False
KRT74-1,KRT74,2332.89072324,1559.05076357,50.3916901658,1.49635327967,1.0,1.0,False
CRYGB-10,CRYGB,2361.97196377,1578.04383492,50.8167810041,1.49677208675,1.0,1.0,False
TAAR8-2,TAAR8,1695.97959839,1132.11398342,40.6080490527,1.49806434973,1.0,1.0,False
RPS24-1,RPS24,1133.84880631,756.718036096,31.4269844369,1.49837687517,1.0,1.0,False
OC90-5,OC90,633.715384136,422.872325047,22.2483809946,1.49859744088,1.0,1.0,False
FAM71B-2,FAM71B,3198.93645749,2133.65259984,63.0052020502,1.49927708837,1.0,1.0,False
SAGE1-10,SAGE1,1834.99431957,1222.25385085,42.7170031892,1.50132013762,1.0,1.0,False
OR52E8-5,OR52E8,2513.76964781,1674.26599004,52.960146753,1.50141594153,1.0,1.0,False
ADH7-5,ADH7,1628.2298952,1084.27582138,39.4767604058,1.50167500104,1.0,1.0,False
PLA2G2E-4,PLA2G2E,1800.7998939,1198.2254609,42.1575388002,1.50288902436,1.0,1.0,False
TAS2R9-4,TAS2R9,2009.48176271,1336.61954664,45.3556182649,1.50340593758,1.0,1.0,False
NPHS2-10,NPHS2,1322.3975086,879.237189971,34.511010684,1.5040281777,1.0,1.0,False
OR52E8-8,OR52E8,3382.37197463,2248.32741425,65.4750990252,1.50439475727,1.0,1.0,False
TPH2-6,TPH2,989.720899985,657.426577983,28.8398307319,1.5054470463,1.0,1.0,False
POU4F2-7,POU4F2,932.836715226,619.003710998,27.8124717258,1.50699696731,1.0,1.0,False
NPSR1-3,NPSR1,1770.12078302,1173.36002907,41.5765555235,1.5085913438,1.0,1.0,False
OLIG2-3,OLIG2,1228.44273153,813.485473737,32.8690024456,1.51009793191,1.0,1.0,False
TAAR1-8,TAAR1,3326.44651209,2201.13351453,64.4601211125,1.51124249853,1.0,1.0,False
SPATA16-5,SPATA16,1267.1111942,837.845116334,33.4806504353,1.51234538401,1.0,1.0,False
TRIM42-6,TRIM42,1310.89284202,866.791069899,34.2023326722,1.51235157761,1.0,1.0,False
DEFB129-5,DEFB129,1812.62413455,1198.24742864,42.1580511537,1.51272941734,1.0,1.0,False
SAGE1-6,SAGE1,1434.24843369,947.973127984,36.1994198849,1.51296317517,1.0,1.0,False
CABP5-1,CABP5,3092.51829162,2043.89467298,61.0628673209,1.51305169122,1.0,1.0,False
TAAR8-7,TAAR8,2606.4461286,1719.0760082,53.9528582251,1.51619016039,1.0,1.0,False
TAS2R13-8,TAS2R13,2529.10920325,1667.59971084,52.8121791957,1.51661647985,1.0,1.0,False
LYZL6-10,LYZL6,2995.6873479,1974.29796612,59.5507649496,1.51734307552,1.0,1.0,False
TGM6-1,TGM6,1903.06359684,1252.52529178,43.4191998532,1.51938137244,1.0,1.0,False
TAS2R13-10,TAS2R13,2494.91477758,1641.91576164,52.2413765768,1.51951448172,1.0,1.0,False
TGM6-7,TGM6,1931.50568922,1271.12704849,43.8493014347,1.51952213708,1.0,1.0,False
KRT77-7,KRT77,1774.59482002,1167.1720287,41.4316415269,1.52042267668,1.0,1.0,False
CABP5-6,CABP5,2618.58994332,1721.52634744,54.0070487097,1.52108618449,1.0,1.0,False
PSMD1-15,PSMD1,2711.26642411,1779.06458164,55.2768570468,1.52398426234,1.0,1.0,False
CRYGB-4,CRYGB,2020.66685522,1325.30864718,45.0963234929,1.52467642878,1.0,1.0,False
NPHS2-1,NPHS2,602.397125112,395.03363964,21.4002081733,1.52492614467,1.0,1.0,False
HTR3D-6,HTR3D,1228.44273153,805.468963427,32.6668128897,1.52512733241,1.0,1.0,False
KRT77-4,KRT77,2655.34096157,1739.66175185,54.4078279413,1.52635474037,1.0,1.0,False
COPZ1-16,COPZ1,1676.48558002,1093.7146469,39.7006839138,1.53283636163,1.0,1.0,False
RNASE9-6,RNASE9,1191.05256514,776.68808652,31.9370516585,1.53350178252,1.0,1.0,False
DEFB129-3,DEFB129,3194.46242049,2082.88298752,61.9076016214,1.53367348988,1.0,1.0,False
RNASE9-2,RNASE9,1089.10843628,710.050848102,30.222217509,1.53384569456,1.0,1.0,False
OTUD6A-1,OTUD6A,384.447608228,250.383834446,16.6032349643,1.53543302457,1.0,1.0,False
SAGE1-5,SAGE1,1946.84524466,1267.56853644,43.7671033968,1.53588953078,1.0,1.0,False
TAAR1-7,TAAR1,1924.79463371,1252.03159804,43.4077706264,1.53733710613,1.0,1.0,False
TGM6-3,TGM6,1517.33769232,986.2204771,37.1278928881,1.53853801209,1.0,1.0,False
TAS2R13-9,TAS2R13,1963.78267046,1275.10188875,43.9410718495,1.54009862881,1.0,1.0,False
FAM71B-3,FAM71B,2824.07607141,1830.60081061,56.410035197,1.54270447989,1.0,1.0,False
PLA2G2E-1,PLA2G2E,3319.73545658,2151.19376136,63.3838227978,1.5432061566,1.0,1.0,False
TAAR8-1,TAAR8,1206.71169465,780.882091986,32.0437794356,1.54531869412,1.0,1.0,False
OR52E8-4,OR52E8,3006.55286634,1945.00377967,58.9126105202,1.54578253151,1.0,1.0,False
RPL30-6,RPL30,1466.844989,947.741635277,36.1937773986,1.54772665292,1.0,1.0,False
FCRL4-8,FCRL4,1306.73837909,844.152767006,33.6383765215,1.54798803032,1.0,1.0,False
TAAR8-9,TAAR8,2169.58837262,1401.3169447,46.8323459922,1.5482495811,1.0,1.0,False
NUP133-4,NUP133,1320.48006417,852.639116384,33.8501704567,1.54869749557,1.0,1.0,False
POU4F2-5,POU4F2,1527.88363669,985.806069614,37.1178722274,1.54988256188,1.0,1.0,False
IL22-1,IL22,1217.89678716,785.77057649,32.1680115169,1.54993941438,1.0,1.0,False
ABCG8-2,ABCG8,1289.80095329,831.155881773,33.3130929916,1.55181594882,1.0,1.0,False
OR12D2-10,OR12D2,542.317199636,349.311001348,19.9629825708,1.5525339813,1.0,1.0,False
OR52E8-2,OR52E8,1753.18335722,1128.0351471,40.5119352509,1.55419213819,1.0,1.0,False
TAAR1-6,TAAR1,1786.41906068,1149.3865416,41.0143768337,1.55423697427,1.0,1.0,False
NPHS2-8,NPHS2,3400.58769672,2187.46219522,64.1657141414,1.5545812422,1.0,1.0,False
MAGEB3-5,MAGEB3,1383.43615629,889.6262888,34.7679496245,1.55507562412,1.0,1.0,False
DMRTB1-2,DMRTB1,1820.61348635,1169.58714071,41.4882158857,1.55662919246,1.0,1.0,False
ADH7-9,ADH7,1703.96895018,1091.64429784,39.6515983375,1.56091957202,1.0,1.0,False
VN1R2-9,VN1R2,1879.41511553,1201.78022579,42.2404256688,1.56385924414,1.0,1.0,False
NLRP5-8,NLRP5,1238.34952775,791.336369197,32.3092377829,1.56488387992,1.0,1.0,False
CYP7A1-7,CYP7A1,3102.42508784,1981.16531277,59.7002173352,1.56595972474,1.0,1.0,False
POU4F2-3,POU4F2,1694.7013021,1079.97425224,39.3745917091,1.56920528298,1.0,1.0,False
RXFP2-8,RXFP2,1760.53356087,1121.25392654,40.3520037265,1.5701470641,1.0,1.0,False
RPL27-6,RPL27,1568.14996972,997.372118464,37.3972344852,1.57228173987,1.0,1.0,False
TGM6-12,TGM6,1666.5787838,1058.57499316,38.8651893506,1.57436062118,1.0,1.0,False
LHX5-10,LHX5,2202.18492793,1396.37063449,46.7198179773,1.57707765656,1.0,1.0,False
TGM6-5,TGM6,1343.48939733,851.788769096,33.828969399,1.57725652893,1.0,1.0,False
MAGEB3-8,MAGEB3,1670.09409859,1058.18611491,38.8559144196,1.57826121044,1.0,1.0,False
MAGEB3-2,MAGEB3,2345.03453797,1485.40042527,48.7364615911,1.57872213989,1.0,1.0,False
DEFB129-4,DEFB129,2629.45546176,1662.80258632,52.7056535576,1.58133953086,1.0,1.0,False
FAM71B-1,FAM71B,1832.11815293,1158.47605673,41.2277666606,1.58148987395,1.0,1.0,False
OR52E8-3,OR52E8,735.979087073,465.249899716,23.5063127376,1.58190058186,1.0,1.0,False
RPL27-4,RPL27,2263.54314969,1430.17580553,47.4877082625,1.58270272853,1.0,1.0,False
TAS2R9-6,TAS2R9,1471.319026,929.326542406,35.7440048084,1.58320994706,1.0,1.0,False
NPSR1-1,NPSR1,1388.54934144,876.824780028,34.4512545634,1.58361097116,1.0,1.0,False
POU4F2-2,POU4F2,1452.46415577,916.311184301,35.4250003068,1.58512106002,1.0,1.0,False
OR52E8-7,OR52E8,2569.37553629,1619.11875475,51.7337657497,1.58689751987,1.0,1.0,False
OLIG2-4,OLIG2,1517.01811825,954.480407641,36.3579155844,1.58936538257,1.0,1.0,False
TAS2R9-10,TAS2R9,1807.83052348,1136.14627708,40.7030050672,1.59119521839,1.0,1.0,False
OR52E8-9,OR52E8,2203.46322421,1383.26031434,46.4212682949,1.59294906488,1.0,1.0,False
FAM71B-5,FAM71B,1616.40565454,1012.7151779,37.7668409022,1.5961108215,1.0,1.0,False
RPS9-9,RPS9,1557.28445128,975.051289352,36.8575185647,1.59713080562,1.0,1.0,False
VN1R2-10,VN1R2,1488.89559994,927.937775777,35.7100109798,1.60452094829,1.0,1.0,False
POLR2A-6,POLR2A,1516.69854418,944.063242403,36.1040809268,1.60656455633,1.0,1.0,False
RPL36-8,RPL36,761.864586879,473.901700742,23.7586926642,1.60764265181,1.0,1.0,False
TAS2R9-7,TAS2R9,1028.38936266,637.774802315,28.3164072082,1.61246471157,1.0,1.0,False
OR52E8-6,OR52E8,1907.53763384,1181.95122774,41.7775283988,1.6138886183,1.0,1.0,False
POU4F2-4,POU4F2,1097.09778807,679.747411886,29.4294722566,1.61397861748,1.0,1.0,False
PSMB2-7,PSMB2,1228.44273153,760.824258505,31.5321212414,1.61462087703,1.0,1.0,False
NLRP5-1,NLRP5,2594.30231388,1600.38423088,51.3159111583,1.62104966034,1.0,1.0,False
FAM71B-8,FAM71B,2377.95066735,1460.95941975,48.1846385994,1.62766373604,1.0,1.0,False
FCRL4-4,FCRL4,1293.95541622,794.711195493,32.3947585077,1.62820836495,1.0,1.0,False
NLRP5-4,NLRP5,2500.98668495,1534.23820854,49.835286708,1.63011628248,1.0,1.0,False
TAAR1-2,TAAR1,1906.8984857,1166.61790496,41.418658207,1.63455273367,1.0,1.0,False
DMRTB1-5,DMRTB1,367.510182429,224.812992716,15.6587363233,1.63473728982,1.0,1.0,False
SAGE1-2,SAGE1,2219.12235373,1354.48761137,45.7645354166,1.63834821013,1.0,1.0,False
NPSR1-9,NPSR1,1476.43221115,900.664425303,35.0402371268,1.63927004295,1.0,1.0,False
OR52E8-10,OR52E8,1732.09146849,1056.02364075,38.8043266141,1.64020141373,1.0,1.0,False
TAAR1-9,TAAR1,1045.64636253,636.972799113,28.2949571783,1.64158715095,1.0,1.0,False
RXFP2-9,RXFP2,1145.67304696,694.216626821,29.809070551,1.65031058419,1.0,1.0,False
CABP5-8,CABP5,1771.39907931,1070.36487072,39.1460799261,1.65494881957,1.0,1.0,False
KRT9-3,KRT9,2064.12892896,1245.71303129,43.2614270433,1.65698590053,1.0,1.0,False
ADH7-10,ADH7,1770.12078302,1067.52292814,39.0784248933,1.6581571565,1.0,1.0,False
OLIG2-10,OLIG2,755.473105445,453.607334648,23.1644069886,1.665478152,1.0,1.0,False
LHX5-4,LHX5,502.050866605,301.347814751,18.384001176,1.66601794348,1.0,1.0,False
KRT74-3,KRT74,1312.17113831,786.59338703,32.1889040697,1.66816955233,1.0,1.0,False
ADH7-7,ADH7,968.309437182,578.308157856,26.7055655748,1.67438315374,1.0,1.0,False
OC90-10,OC90,1002.82343692,597.10039023,27.2192529415,1.67948883191,1.0,1.0,False
SPATA16-9,SPATA16,905.03377099,537.481541213,25.5732050645,1.68384158635,1.0,1.0,False
CYP7A1-9,CYP7A1,1219.49465752,723.127060856,30.5616862051,1.68641822929,1.0,1.0,False
TRIM42-4,TRIM42,1628.54946927,963.622102203,36.5802054465,1.69002917798,1.0,1.0,False
SPATA16-7,SPATA16,1616.72522862,955.886961469,36.3921455098,1.69133516178,1.0,1.0,False
COPA-5,COPA,1319.20176788,775.749357977,31.9131447385,1.70055154325,1.0,1.0,False
NLRP5-6,NLRP5,2144.02244688,1260.65744265,43.6073560303,1.70071771628,1.0,1.0,False
POU4F2-8,POU4F2,1593.07674731,936.694717764,35.924184987,1.70074274691,1.0,1.0,False
DEFB129-8,DEFB129,2660.77372078,1562.98339441,50.4797650797,1.70236851543,1.0,1.0,False
NLRP5-5,NLRP5,2650.54735049,1541.5170246,49.9986359059,1.71944085481,1.0,1.0,False
OTUD6A-7,OTUD6A,2575.76701772,1493.52714428,48.9196566673,1.72462015678,1.0,1.0,False
TRIM42-10,TRIM42,2040.48044766,1183.02783527,41.8026954304,1.72479495987,1.0,1.0,False
RPS9-1,RPS9,1592.75717324,923.013758293,35.5893967681,1.72560501827,1.0,1.0,False
NUP133-9,NUP133,1473.87561858,851.682373495,33.8263163905,1.7305461102,1.0,1.0,False
FAM71B-10,FAM71B,2058.37659567,1185.97967648,41.8716780405,1.73559179511,1.0,1.0,False
OLIG2-1,OLIG2,1118.1896768,643.625479259,28.4726736042,1.73732972487,1.0,1.0,False
LHX5-2,LHX5,1745.5135795,993.859231401,37.3124537274,1.75629860281,1.0,1.0,False
IL22-4,IL22,5153.1319058,2909.25571564,79.5152548362,1.77128874512,1.0,1.0,False
MAGEB3-4,MAGEB3,2578.32361029,1453.48998907,48.0157314078,1.77388467047,1.0,1.0,False
COPS8-7,COPS8,2092.89059541,1139.78253301,40.7885831341,1.83621922147,1.0,1.0,False
