sgRNA,baseMean,log2FoldChange,lfcSE,stat,pvalue,padj
RPS24-5,4336.958530560478,-3.029165846164541,0.05355011813656245,-56.56693115857601,0,0
RPL11-5,4519.616144315833,-3.2517898460038577,0.05036829379003223,-64.56025410666938,0,0
PSMA3-5,3673.5647495436874,-2.931935777181887,0.0795642437990177,-36.84991696255001,2.9335190885508646e-297,8.014374149920962e-296
PSMA3-3,4065.2793604953713,-3.015513143365086,0.06133302895347813,-49.16621916149601,0,0
RPL34-28,3429.92959743938,-4.339466522992797,0.1778310709532044,-24.402184048785895,1.621282743966459e-131,1.496400154228502e-130
RPS8-20,4708.066636897721,-2.637202924654699,0.11713530637096775,-22.514159106757035,3.0160599503998457e-112,2.3408738024126077e-111
RPL30-17,4609.64479019691,-2.757936076803918,0.11953342308452278,-23.072509810530274,8.74413797180904e-118,7.373143499685894e-117
COPZ1-5,4840.825066016583,-2.447666827876578,0.04750592671955915,-51.52339922397143,0,0
POLR2D-2,5285.558031484162,-2.2569032250482377,0.05744498253059925,-39.28808271194185,0,0
COPZ1-11,3906.1068266518455,-2.8759588656411,0.06942081592996191,-41.427903534620384,0,0
PSMC2-6,4260.448252557218,-2.6594926540300747,0.06242518237315864,-42.60288160845797,0,0
RPS7-11,3818.7140078159287,-2.678169773064049,0.05960094223582945,-44.93502405493938,0,0
RPL30-1,3493.097291831391,-2.920622478873568,0.058422685266784756,-49.99123997017028,0,0
POLR2D-7,3274.5727012795323,-3.5261881426592727,0.08578080459597857,-41.106960458897134,0,0
RPS24-20,5050.024411006788,-1.9937055446060825,0.1964084515424815,-10.150813414334468,3.2861294244206748e-24,1.4574197382333253e-23
PSMD1-9,3472.5711980043843,-3.0140052388585445,0.06549392359366268,-46.019616377818984,0,0
PSMD1-1,4838.190332149063,-1.6999336095734179,0.0471719948884216,-36.0369243148262,2.210249456474487e-284,4.8696786412002405e-283
RPS8-11,3993.6864509974844,-2.4322248931331005,0.05993728505028977,-40.579497237693815,0,0
RPL34-15,3704.6450365164064,-2.5428606257543347,0.07495204316152418,-33.926501780270144,2.709670825965974e-252,5.001905876039893e-251
RPL11-2,3617.5842651349353,-3.077418081315602,0.06825126421472236,-45.08953961107402,0,0
POLA1-22,4391.613335181357,-2.2772644909481237,0.06262685116699046,-36.36242998831196,1.6717186370743689e-289,4.3914762658530534e-288
RPL6-18,2923.6751939348696,-2.7092647656010644,0.18374112035067847,-14.745010591152958,3.3126782841972097e-49,1.83947907976154e-48
PSMD11-6,3757.3314322477986,-2.613170385658886,0.05732118853941027,-45.58821008853022,0,0
RPL36-9,4242.995873871124,-1.9617614543479325,0.05404271043538237,-36.30020475552509,1.6059282533207328e-288,4.0624036926594836e-287
RPL34-17,2324.4125900121467,-3.8095683691025446,0.09857739596959321,-38.645455498516405,0,0
NUP205-3,3121.7678496674366,-3.2715772920309147,0.06894778440017989,-47.45007139087096,0,0
RPL6-13,3028.114196793412,-2.554956430066155,0.08077950084147317,-31.628772194076365,1.4853707536088346e-219,2.158528137691136e-218
RPL30-15,2954.886859667146,-2.98072515491586,0.07984454211278433,-37.331608097964164,5.041097379815462e-305,1.4969867436582436e-303
RPL6-15,3036.258350134294,-2.9175368766904866,0.07026586248540204,-41.52139849271208,0,0
PSMC1-1,2699.7115123489616,-3.2448843106266527,0.07564996310096961,-42.893402423682915,0,0
RPL36-7,3597.984656677957,-2.134432070825256,0.06781961043837603,-31.472195977367015,2.0865301335040436e-217,2.9689585024651285e-216
PSMD1-24,3388.2898407619105,-2.6600503560005935,0.07359889514229129,-36.14253109177558,4.874580227902958e-286,1.1890493913063287e-284
RPS8-18,3275.9590586535323,-2.523699643130647,0.08460216431211347,-29.83020190618575,1.5859552002576882e-195,1.8675989685793123e-194
RPL36-27,2263.085157818819,-3.8071475947851945,0.22744313367256663,-16.7388987889433,6.823893430349274e-63,4.124530276927924e-62
RPL11-1,2640.609491562223,-3.171075944893417,0.07655472587045126,-41.422340800483425,0,0
COPZ1-19,2259.6486121695525,-3.50234008315557,0.08053837668013816,-43.486598905081905,0,0
RPS19-8,5094.0860417193935,-1.7824013741873304,0.05743748403269707,-31.032023846529803,1.9944250448353456e-211,2.7243846112450822e-210
NUP93-12,2444.951284594819,-3.019568918253209,0.09012667140225401,-33.50361076552186,4.2700786381878575e-246,7.113326121664163e-245
RPS24-7,3182.404388774805,-2.4523425223946473,0.0723745535188787,-33.88404353686217,1.144594561039356e-251,2.057258118920737e-250
RPL9-1,4102.603197577752,-2.0473290967081432,0.06380195449538309,-32.08881472206772,6.31512907197232e-226,9.584962569237988e-225
NUP93-5,2491.5819692863215,-3.366962836781195,0.08128629050256464,-41.42104180132276,0,0
NUP93-9,1950.9186884203066,-4.096726369560876,0.11613436041493219,-35.27574746116338,1.3828917487064396e-272,2.7779854834308774e-271
POLR2A-2,3161.2431715754155,-2.2459191555610967,0.06752225101843322,-33.2619117651746,1.373138818249984e-242,2.2329852687255693e-241
COPB1-14,2293.5314439677195,-3.2478039577032662,0.10010760505915177,-32.443129128742996,6.770769825054415e-231,1.0510081342073103e-229
RPS7-20,2731.1196451455953,-2.89988521767043,0.08043556508770036,-36.05227630972235,1.270389570511176e-284,2.892253588863777e-283
COPZ1-6,2170.4853294410186,-2.9949159931485116,0.08855556991968229,-33.819623044206324,1.0152317089331285e-250,1.777957069746992e-249
POLA1-3,2869.230752510939,-2.5654834152671717,0.08531850449769475,-30.069484109821563,1.2147107270273428e-198,1.5363841232586578e-197
RPS8-13,2167.489870874538,-2.890393497740669,0.07774917673999222,-37.17587270932379,1.6749254434346958e-302,4.766558657774572e-301
RPL6-2,2280.114528821451,-2.993471660000818,0.09969718723501739,-30.02563806483598,4.542278170298094e-198,5.539957125559997e-197
POLR2A-6,2214.137408074471,-3.303823906137387,0.08317637531805432,-39.72070066174496,0,0
POLR2D-6,2300.664608335493,-2.903538071036435,0.08256016422033487,-35.16875358057104,6.008587847502449e-271,1.172532999955478e-269
POLA1-26,3879.859891263131,-1.869117877216214,0.052902563008212174,-35.33132935215383,1.9405133714855014e-273,4.016274644619992e-272
RPL11-8,2714.567188048338,-2.168368775377915,0.07541676958383943,-28.75181192914103,8.597265076406038e-182,9.952427198619193e-181
POLR2D-12,4539.796478221941,-1.692272145733135,0.04782419695144685,-35.38527050336467,2.8769972383812424e-274,6.140590980669964e-273
PSMA3-2,2478.1177479447333,-2.809175058559457,0.09270409525255509,-30.302599371757864,1.0594272353085846e-201,1.365261890029742e-200
COPZ1-14,2737.1539303714485,-2.1183452581932722,0.06602642837488168,-32.083293165061626,7.540473087012296e-226,1.1195963300933475e-224
PSMD1-7,3429.816973683286,-2.066133928572562,0.06638645317326236,-31.12282445908276,1.1831448454012852e-212,1.649159039610363e-211
RPS7-14,2182.8007206604884,-3.27214180391174,0.09058049094389599,-36.124134124404875,9.480964948109157e-286,2.232930710192605e-284
RPL11-7,3386.343595730022,-1.9118053722949817,0.15430483996069402,-12.3897952441542,2.968002327130348e-35,1.479668313452575e-34
RPL34-25,1754.1808825204812,-3.284961172150104,0.09768959180810524,-33.626521631934516,6.873240345411033e-248,1.173605788978934e-246
COPZ1-9,4179.062568875323,-1.6668962079668492,0.04855285670316408,-34.331578431269136,2.6527892484481245e-258,5.032930713027969e-257
RPS24-16,3579.845385070669,-1.941981542394814,0.14756649607515118,-13.16004373652554,1.4899959580796484e-39,7.888893328437207e-39
RPL6-10,2810.052127595407,-2.177949651438335,0.07243269685126465,-30.06859810715869,1.2475437460172708e-198,1.549222506417811e-197
PSMA3-1,3166.479407216987,-2.1985851260383007,0.08256397814184412,-26.628866189818915,3.1450341442210196e-156,3.2060571947805318e-155
RPL5-24,3850.3486565694925,-1.6412695959361594,0.05494728978779505,-29.86989171394437,4.843815212851629e-196,5.804080333995899e-195
PSMC2-1,3086.916555008419,-2.1391877357673192,0.09417932022640732,-22.7139857308877,3.259016780660337e-114,2.6498910252273935e-113
COPZ1-1,2062.353141883073,-2.6077658447988883,0.2310174578610508,-11.288176525461429,1.5011872568005518e-29,7.071109630308806e-29
COPZ1-8,4829.057008114375,-1.2926983604283786,0.05953506643298292,-21.71322613511376,1.538691264080569e-104,1.118006524858541e-103
RPL11-10,1864.8986686858698,-3.3448720188916417,0.10067958302504136,-33.22294270984112,5.0213326699946294e-242,7.975744682805423e-241
NUP93-2,1980.1561268401742,-2.9315660830382644,0.3199656160591223,-9.162128478506823,5.0883609876158095e-20,2.1857550657494327e-19
PSMD7-25,3036.7875390593017,-1.959565494148295,0.06917439619228005,-28.327901680578528,1.5668835773520344e-176,1.754395874313835e-175
NUP205-4,1569.7445118962403,-3.0390509572280493,0.1360901063716476,-22.33116747611854,1.8405598124806263e-110,1.4124745527238964e-109
RPS27-6,3769.580931914713,-1.6217123701511438,0.07042823241141352,-23.02645281053981,2.5329360527855944e-117,2.1097503951860503e-116
RPL11-9,2608.353322106607,-2.3039491536488144,0.07464753051508066,-30.864372039519232,3.593450448296325e-209,4.719858954204596e-208
RPL36-38,2549.8178249666707,-2.1295941177280864,0.06872718915681908,-30.986195475983454,8.272424391349624e-211,1.1078560508415281e-209
NUP205-11,2458.9360038638283,-2.0373253381718026,0.08549577228497408,-23.829544826859976,1.6504738085153227e-125,1.5030314816212873e-124
RPS11-8,3325.2119463597196,-1.4906121449185126,0.07110900502740103,-20.962354125811807,1.4474832086940662e-97,1.019207249008296e-96
RPS27-1,4099.738034214261,-1.4703707154794148,0.05255092996558991,-27.979918080273865,2.852444720396702e-172,3.1422899097273346e-171
RPL6-3,3230.260396013186,-1.6685499745654948,0.07172940272590739,-23.26172965556904,1.0823691813194627e-119,9.357698111913836e-119
RPL3-13,2326.693847453975,-2.2766317888259002,0.08159018676531804,-27.903255024704023,2.436141513489299e-171,2.6410867519257005e-170
RPL36-26,3518.165594932014,-1.7851326780650227,0.072567463423403325,-24.59962900521213,1.2747821781219153e-133,1.1927071611743399e-132
RPL34-13,2412.372256676354,-2.265757751016521,0.08545041546563649,-26.515467931547807,6.428445025185921e-155,6.456805812061742e-154
RPL27-20,2994.521080765232,-1.5267950709688665,0.09250746763838634,-16.504560225744594,3.4020238664237554e-61,2.0382300883924778e-60
PSMD11-20,2549.8337488574102,-1.9755537193246144,0.08730432276500438,-22.62836085038057,2.2791879704404898e-113,1.7892935446101776e-112
PSMD1-27,3428.314023698797,-1.5942652386889764,0.06133824352116013,-25.991374176519997,6.198963852061949e-149,6.0484175870833024e-148
COPB1-6,3815.3138539445376,-1.2265012889219165,0.06719331566405651,-18.25332292060123,1.946981866995601e-74,1.2312857547759218e-73
NUP133-6,3217.819236180623,-1.7289195917452915,0.062144223356609844,-27.821082931940744,2.411538123216643e-170,2.5735633408702612e-169
RPS8-7,1694.472308596394,-2.6728210120377147,0.09839739090132225,-27.163535410386555,1.7523180988868436e-162,1.8412819408303294e-161
NUP133-4,2131.414179104443,-1.6338804040144945,0.08433222699850883,-19.374330100916048,1.2710487860014852e-83,8.511042361166808e-83
RPS24-19,2566.7295489934672,-1.9116943939942512,0.08572150053141554,-22.301224105306535,3.595303244946554e-110,2.728435684776107e-109
RPL27-15,3715.7492760127234,-1.4569035060269484,0.07878662422400247,-18.491762026568725,2.405639056747284e-76,1.5355621268770046e-75
NUP93-13,2280.3943008068027,-2.0407952284628204,0.09015996987107566,-22.635269636636497,1.9486888540134595e-113,1.5476214968502242e-112
PSMC2-40,3199.5804913956385,-1.6044002183967887,0.06886624816673793,-23.2973373910575,4.71751400288524e-120,4.1308487999623325e-119
POLA1-13,2551.584753522721,-2.0120613612573215,0.07035401221091926,-28.599099014072156,6.8943280210777885e-180,7.848043397326882e-179
PSMD7-2,3089.1101130557995,-1.5344698886430714,0.07641257894404718,-20.08137809046703,1.073743783400126e-89,7.261059446161248e-89
RPL36-34,1815.4348801553463,-2.288226110781519,0.08511056039056215,-26.88533714595608,3.2595916994758876e-159,3.3731835314273197e-158
PSMA3-12,3825.6184212082953,-1.4581159636597567,0.05834778969386351,-24.99008053792838,7.836677501514092e-138,7.433959352130728e-137
RPL11-15,3199.619093153891,-1.2548237086920875,0.0661792218666525,-18.960992186044262,3.5832044950374825e-80,2.353200644337116e-79
RPS7-19,3356.4055120231933,-1.5068348101363729,0.06946917355157763,-21.690697227276186,2.5115182825872214e-104,1.8056494600074444e-103
RPS19-32,2569.6182635542627,-1.77521301449198,0.08118820579077721,-21.865405168168405,5.547072999785813e-106,4.073818127799688e-105
PSMD6-23,1880.6248904776792,-2.4345307596547676,0.10744941010774418,-22.65746044779174,1.1777895915727385e-113,9.463885776990358e-113
RPS24-8,2616.8631358318244,-1.929864378062842,0.07500120857847614,-25.73111039995527,5.245683397169918e-146,5.046199662347963e-145
PSMD7-9,2991.4354453679744,-1.655997002473757,0.07061237424424537,-23.45193771201815,1.263076662307969e-121,1.1203654030601855e-120
RPS3A-19,2633.804651507846,-1.5272240852284265,0.069141822791626,-22.08828207828784,4.096814109749297e-108,3.0414391706073586e-107
RPL5-10,2546.3982558727907,-1.7135971417307048,0.08985532317428341,-19.07062465745086,4.429818609799648e-81,2.937442825721514e-80
NUP205-2,3291.39723976056,-1.4508758614566115,0.08377866169623144,-17.31796416988928,3.443254376648645e-67,2.1575621461018572e-66
PSMD1-5,1317.1031666460158,-1.945009174228171,0.09650683124008173,-20.15410877380833,2.4767857839131963e-90,1.691644690412713e-89
RPL11-14,2244.0052033113666,-1.4228723386518118,0.08368879792421507,-17.001944990777655,7.943986386691917e-65,4.888056488387909e-64
PSMD11-9,2021.218408153528,-1.9671346748029734,0.10509563250261085,-18.717568256265118,3.5603839910524627e-78,2.315945015132221e-77
COPS4-20,3799.4947008374393,-1.2670028377388383,0.07376215652543028,-17.176868158701755,3.9570557214294997e-66,2.4569718706694075e-65
RPS11-4,1217.5837525822237,-2.7745372376274227,0.10662723794139198,-26.02090508198718,2.872736626618233e-149,2.8435929217105117e-148
NUP54-6,1703.762022620494,-1.974010511351059,0.09678762047682887,-20.39527887581078,1.8416166330420587e-92,1.270529454916895e-91
COPB1-1,1990.759376970414,-1.916284429955919,0.08348307542275403,-22.95416670087862,1.3388439254939634e-116,1.1017233748341892e-115
RPS24-11,2714.039291378269,-1.4090136800158548,0.06844422653909009,-20.58630437164973,3.641048404160533e-94,2.5375878163690247e-93
COPA-6,2328.8932027429146,-1.4458106646908349,0.11210912766529235,-12.896458074380687,4.712644867071565e-38,2.4201025896314878e-37
RPL3-15,2813.011308322526,-1.452721458926747,0.09441838205100359,-15.386002464456611,2.0320476155809194e-53,1.1565737678681399e-52
RPL35A-9,6097.378371764168,-0.830525830782702,0.03939496117996728,-21.082031963139297,1.1628261259166696e-98,8.273023375011305e-98
COPZ1-15,4737.323419814475,-1.0050802842832798,0.043464866978802655,-23.12397009689335,2.657861555376676e-118,2.269149302902837e-117
RPL9-22,2549.4743046951285,-1.1262021305611043,0.09278359207575841,-12.137944925020287,6.647466571519903e-34,3.2663450851425135e-33
POLR2A-11,1371.108241454662,-2.3370709020913374,0.09906848934705882,-23.590456637569805,4.8293975940291484e-123,4.340103364107774e-122
RPL34-10,1059.2504666388263,-2.496193428823932,0.11237857066196434,-22.212361432612468,2.6086112516366355e-109,1.9578917416129912e-108
RPL18A-12,1563.7834291184267,-1.7628258968295396,0.10811278711021595,-16.305433833949916,9.029554278575391e-60,5.316539286437062e-59
RPS24-18,5927.786892315386,-0.8446883789794476,0.05368930869376242,-15.732897284959506,8.999702121410597e-56,5.253672264037126e-55
POLR2F-3,2591.0404163697795,-1.199857892882192,0.0711340357739201,-16.86756388595199,7.794528390912298e-64,4.753270438386696e-63
PSMD6-3,3957.1791373517362,-0.8622048664927925,0.06495072071899052,-13.274754413012971,3.2433265752762482e-40,1.7442457093808486e-39
RPS24-4,2680.282130035188,-1.0872744809906016,0.07804385153077781,-13.931584098739899,4.0722226332811315e-44,2.2250624468248106e-43
RPS19-10,2630.8385611093,-1.1540993656327267,0.07000652638049579,-16.485596776506615,4.65673908886338e-61,2.765698084951034e-60
RPS7-15,2552.74433598216,-1.0725978770683011,0.07280047928730707,-14.733390323369905,3.934609987546311e-49,2.167208565721073e-48
NUP54-26,2601.841025036106,-1.0949980560481636,0.07012848003763562,-15.614170668757037,5.829822746900223e-55,3.374380454349875e-54
NUP93-6,1930.4772740140284,-1.1713025831666681,0.07538397359469914,-15.537819609565286,1.9241945803239355e-54,1.104390670891805e-53
PSMD7-24,3849.5533812087256,-0.9903786304647186,0.06580407233140197,-15.050415504332031,3.430727511978033e-51,1.9206449923614724e-50
COPS4-16,6913.839727446931,-0.5178569800342256,0.041627492448293654,-12.440263623312555,1.5798165019760772e-35,7.933931403306329e-35
PSMC2-32,2135.5119515203014,-1.268258902295694,0.09976783208784674,-12.712102445796129,5.0653995841645345e-37,2.58184172834655e-36
PSMB3-14,4531.920160772079,-0.7954152355003826,0.05993117874813654,-13.272144017776636,3.358327102184886e-40,1.7919823521814663e-39
RPS8-15,1729.734895698968,-0.83366364107784,0.08653977035031236,-9.633300824617116,5.784098494430044e-22,2.532396969035718e-21
NUP54-11,2568.955951275542,-1.0690254693744865,0.08141698894607587,-13.130250617380653,2.2092416507552745e-39,1.1518412576075209e-38
RPL5-7,3728.1636488856866,-0.7701418624868941,0.059200805769500216,-13.00897601774983,1.0879007641403519e-38,5.62906228718076e-38
RPS27-9,5772.493097937021,-0.7114556386076928,0.058604572956234356,-12.139933843370974,6.487847177541413e-34,3.211014219029555e-33
PSMD6-13,3670.543540162794,-0.9077265423730146,0.07241927423283287,-12.534322554167174,4.8448370151665426e-36,2.4511286528583323e-35
RPS11-10,575.7613578694318,-3.3427303647471063,0.18001408736407953,-18.569270959257842,5.697123296041103e-77,3.670882274713277e-76
POLR2D-14,2310.6346362523045,-1.040358927423548,0.06895938133389452,-15.08654670763696,1.985662985040222e-51,1.1208329080846872e-50
NUP98-4,4440.616383417632,-0.6338693904572658,0.054777695164893746,-11.571669610215796,5.735554297580996e-31,2.739429080592881e-30
RPL34-7,5777.814675039734,-0.5442194674705413,0.04084063228485605,-13.325441772661808,1.646552209760084e-40,8.925358406874107e-40
COPA-8,2694.314375902108,-0.9890363457135105,0.08427288881720467,-11.736115369900485,8.322193045907394e-32,4.060041321681965e-31
POLA1-24,4169.02901639717,-0.7349065007126009,0.05589208333232932,-13.148668950894399,1.7319646319626523e-39,9.09947572023455e-39
RPS24-10,3263.726630642517,-0.7587359263827148,0.0802232986277066,-9.457800157330746,3.14489629340466e-21,1.368130043563938e-20
RPS8-12,4188.195857244352,-0.7094705901217947,0.060567172781699166,-11.713780873988007,1.0833841725244283e-31,5.210925280522426e-31
RPS7-18,2547.5797313520793,-0.8444074263533043,0.07686687704189768,-10.985322402171287,4.496303125489934e-28,2.0749831315605574e-27
RPL18A-5,1890.1779792228667,-0.8751319442002444,0.08036867408626919,-10.888968297036504,1.3010578385273208e-27,5.9639094209004036e-27
NUP54-2,2896.1232283970257,-0.6174923218521294,0.07231009902775204,-8.539503197404567,1.3480013136966707e-17,5.613932300334306e-17
RPL35A-14,3083.940919332639,-0.655340110266239,0.05960879843618796,-10.99401644486744,4.083409719745076e-28,1.8972577133237325e-27
RPS19-1,2492.28034574014,-0.7780999046874074,0.06638907058517757,-11.720301215681287,1.0031468073828979e-31,4.8592146768973e-31
POLA1-18,3572.127994107444,-0.6873545616551672,0.061087996113403806,-11.251876070368418,2.2671771892997753e-29,1.0606041234874977e-28
NUP54-12,4951.870338624186,-0.40903869358580297,0.06487450904834963,-6.30507574679224,2.880529875136444e-10,1.1242296598389666e-9
PSMD1-2,1548.296680776951,-1.1758943860720348,0.10392968322211946,-11.314326664105216,1.1145469282875326e-29,5.28635800014156e-29
RPL3-24,4213.391434066559,-0.5992500995896153,0.06560667508825738,-9.133980632054195,6.602585011844987e-20,2.8184784769313285e-19
PSMC1-7,2938.0811315817177,-0.7237208827036977,0.06912062439528083,-10.4704042973476,1.1813736000479189e-25,5.379187792218191e-25
RPTN-10,7362.79417108232,0.089791526527221,0.04997440500117361,1.7967502869741483,0.07237527173971438,0.13042826015362777
RPS24-1,3939.0879929635444,-0.45995727944933085,0.05467023161740627,-8.413304020151372,3.986200243436409e-17,1.650045312889132e-16
POLR2F-4,4363.137189302091,-0.3363436513981081,0.05580156204132223,-6.027495272426936,1.665201202987007e-9,6.38950798674228e-9
NUP133-11,3089.1583898808185,-0.5435457911271204,0.060536973468936224,-8.978740759249122,2.7388325362761297e-19,1.1547053223929607e-18
RPL3-20,4634.840976899287,-0.48567477288381483,0.04712428801513194,-10.30625168761937,6.602647996772159e-25,2.966847751181174e-24
POLR2A-7,2222.5266297249495,-0.7656268194356967,0.09122091797669311,-8.39310584038755,4.734650094115465e-17,1.9480518158318446e-16
RPS19-6,4875.088143536015,-0.5110555476430305,0.04891945615231401,-10.446877129047076,1.5142953353720078e-25,6.849428569927691e-25
DMRTC2-13,1511.7465243184213,-0.2358322026949577,0.09069991469749385,-2.6001369844890716,0.009318655397860032,0.022253991736847556
RPL34-11,5814.516305646854,-0.3364278487610732,0.048786900547548466,-6.895864360827461,5.3538261089041435e-12,2.1015305933227183e-11
RPTN-7,3815.7954216822945,0.05949429784695516,0.0582174825051443,1.021931819908187,0.3068131709289379,0.4096196567510312
NUP98-8,5341.917600058827,-0.3908323402479072,0.038907873596459475,-10.04507067904816,9.65784198278032e-24,4.2556813382186827e-23
RPS9-19,6928.126351362717,-0.20138092517979791,0.03581678389398139,-5.622529531849947,1.8818138434761598e-8,7.140438083856762e-8
NUP133-9,4436.458206359763,-0.41090367720627446,0.05509034047269062,-7.458724590928379,8.736400264235205e-14,3.5307463789778964e-13
RPL34-9,7297.427174166914,-0.23067035552188797,0.042553364622520545,-5.420731299818538,5.935571930855105e-8,2.2397765904828932e-7
COPS2-8,3021.3662763783514,-0.36494674229273893,0.09224761515697685,-3.9561645216704266,7.616271831865097e-5,2.62722912179993e-4
PSMD7-19,5798.794605947864,-0.31048107798224117,0.03923350560401713,-7.913671572352457,2.4990703199116406e-15,1.0220748673650603e-14
PSMB3-2,6428.14338500022,-0.3845092199252148,0.044535036999338126,-8.633858773507459,5.931622691809835e-18,2.485459078838109e-17
RPS19-11,2828.673497042223,-0.5122508015826821,0.07257036553274328,-7.0586774342697485,1.680947621332568e-12,6.674925728896186e-12
POLR2F-6,6416.586377737165,-0.3832491527522537,0.04204665273829381,-9.114855233249308,7.877557315845241e-20,3.3418457433057757e-19
NUP98-6,2251.81711695029,-0.42170512526373166,0.08379831425531153,-5.032381963900926,4.844228707011057e-7,1.798156634178561e-6
POLR2F-13,3309.8291778031835,-0.2780285698716614,0.07035874218352099,-3.951585279146443,7.763519668446502e-5,2.664564790728121e-4
POLR2D-8,6790.961234748813,-0.2711654332751886,0.03768048037943668,-7.19644310647301,6.180355882964397e-13,2.4685281099793467e-12
NUP54-5,3611.3928376520175,-0.2949606237663627,0.06285462854771899,-4.6927430895949005,2.6956592821603672e-6,9.793272817635801e-6
CRYGB-9,4254.152385843012,0.07565502608818733,0.04758991039100612,1.5897282736318232,0.11189606768080104,0.1864024737219198
RPS7-7,5160.946098778093,-0.3440598998456613,0.04616677126299333,-7.45254412282141,9.15572221731904e-14,3.678446043781708e-13
RPS7-13,2643.4348005631105,-0.30403683286687117,0.08874601072081972,-3.4259211247626755,6.127182833868783e-4,0.0018766214688486003
NUP205-20,1630.2629792805117,-0.500557655386389,0.10067802917166965,-4.971865853004239,6.631158452660108e-7,2.4219685685384247e-6
NUP54-7,4976.153531680807,-0.24424789533319988,0.048783640592363516,-5.006758256812713,5.535437585137932e-7,2.0436237138644367e-6
POLA1-1,31.141392681952425,-4.0926532458951055,0.6600461876164297,-6.200555843939598,5.626409118528692e-10,2.1834303567926685e-9
RPL3-11,3859.2766224536185,-0.344456532330099,0.06025902337093746,-5.71626476933956,1.0889102947905325e-8,4.154892353865552e-8
RPTN-2,3883.5059332472456,0.06623599140896654,0.06484821807557803,1.021400331027926,0.3070648085747115,0.4096196567510312
NUP54-13,6698.906312389179,-0.14272016651852582,0.040685906408085275,-3.50785269687795,4.5173910541131053e-4,0.0014088484429037676
RPS19-9,5.207260657746748,-2.6061140455669696,1.27124184567038,-2.0500536970545165,0.040359191124443035,0.07898374652720513
RPTN-4,4777.039945146524,0.005649736301725198,0.046231092685547245,0.12220641939296877,0.9027355426231825,0.9293144735217044
PSMD7-1,1956.2716754984208,-0.39685514149794415,0.0875046573052956,-4.535245936834579,5.7536400883838635e-6,2.0682822001927256e-5
RPL6-21,3747.516657365045,-0.21818170497166323,0.05843687380656826,-3.733630681440385,1.8873919345401067e-4,6.31906221221026e-4
COPA-11,3057.3635350373133,-0.22282039486353628,0.08985333745486412,-2.479823245023762,0.01314475252239518,0.03043344397557935
RPL6-1,3099.1100887222465,-0.1511936548105326,0.06009056774407257,-2.516096294088461,0.011866275710892448,0.027851086977799113
COPA-10,27.693414446394076,-2.2378654406277696,0.6891700169699382,-3.2471892066154497,0.0011655087978768956,0.0034312177109910333
RPS24-13,9.929743012953397,-2.5513656593003464,2.034642137764457,-1.253962852702753,0.20985550779986942,0.30823938027378667
RPS7-10,11.66539851775409,-2.6327717063098612,0.9536157521153062,-2.7608307648755366,0.00576545434543911,0.014490966534034127
RPS19-22,2584.621270773133,0.07742287138817439,0.09308933871570342,0.8317050314926533,0.40557545993079647,0.5163967683478364
POU4F2-15,3033.535882916859,-0.25779659755187107,0.06979722973649599,-3.6935075865492815,2.2118190831997176e-4,7.297934462924672e-4
RPS9-12,6834.078688469378,-0.1121210479824872,0.043636537612413345,-2.5694304387383835,0.010186584064590212,0.024074176180329115
IL1F10-8,4171.70782543724,0.03368932967971454,0.05567213284280631,0.6051381177516305,0.5450872289460796,0.6452245708321879
RPL9-13,2597.3879169307233,-0.23258010050616543,0.07553297402538668,-3.079186322360286,0.0020756682267281243,0.0058101696674397905
RPS8-1,3516.2738086028176,-0.155002977989772,0.05440655613846137,-2.848976097573588,0.004386017547280291,0.011261842048091875
RPL9-17,5712.211333640796,0.08313911132387226,0.04703941420857719,1.767435090820341,0.07715539053957511,0.13723211390242135
TAS2R9-6,3.1569275451269903,-1.7800216861831804,1.4817830173764313,-1.2012701355794961,0.2296464310735041,0.33207937246752145
COPZ1-10,9521.617544138751,-0.13212047293678966,0.04183577748056165,-3.1580738041303857,0.0015881534473497795,0.004557600019075208
CRYGB-4,2511.759456737247,0.10068990349898667,0.08665334799957633,1.1619851491425233,0.2452414973805327,0.34895821398104965
CABP5-6,2879.3189866054386,0.029527698403496522,0.08067874101483113,0.365991065701787,0.7143717423043402,0.7863704943661799
POLA1-8,25.338344541226498,-1.6984135573986554,0.7562594820852347,-2.245807950355371,0.024716311854626933,0.05258953581529656
NPSR1-5,4470.250582928566,0.045712251650500184,0.05249987957704538,0.8707115524601514,0.38391166908195967,0.4947389999678839
PSMC2-19,2132.9059186815475,-0.02772866834445198,0.0777311172163464,-0.35672545741592404,0.7212973455008392,0.7894969342581302
RPS19-34,2459.5606747604993,-0.04288677867085927,0.06714263506512377,-0.6387413694631142,0.5229911954084887,0.6277732626783793
COPA-2,2949.733706847598,-0.2261167057840752,0.0929631844598722,-2.4323253027296956,0.01500222663765421,0.034155069311726086
PSMD6-25,5483.48430881751,-0.14024666464510924,0.045684525542031895,-3.069894301869804,0.002141345391059273,0.005969546539157075
RPS24-6,2989.9259538068973,-0.14613123646727605,0.07589444863706168,-1.9254535620397866,0.05417264024142315,0.101648113420033
NLRP5-4,2720.3949267787216,-0.03254885680021477,0.07419383094463981,-0.43870031222004563,0.6608787008242769,0.7463436477612676
RPL35A-19,5989.228679562738,0.04192536596129072,0.040532989220970476,1.0343516914760353,0.3009717795693767,0.40385800676991024
VN1R2-10,1426.766435963989,-0.12355983944356587,0.09412300857399028,-1.3127485119266586,0.18926770487420985,0.2828661759936222
RPS8-14,4376.534081754558,-0.05041181091624857,0.0571419907649461,-0.8822200669139764,0.37765781229696943,0.4875997841187715
TAAR8-10,4345.150580586664,-0.0029753151374627223,0.05075949876198049,-0.05861592825048286,0.9532580235876138,0.9688619495689588
NUP54-1,2122.0647628623583,-0.1338415013201767,0.09627960029650215,-1.3901335371979018,0.16448833099932555,0.2541754074039352
VN1R2-7,11.85817668324789,-1.0935802341136784,0.7775685454631311,-1.4064100721336743,0.15960239112508498,0.24944721541975523
TPH2-3,19.650412511074993,0.5230432661778247,1.5968943954983201,0.3275377931391675,0.743261163110869,0.8109382977711238
RPL18A-14,5865.59942033026,0.05644669912959519,0.040337897842144074,1.3993465735495276,0.16170907975370155,0.2518618725064827
COPS2-10,24.510417549301987,-0.04760259411671513,1.5734068868837383,-0.030254471690406782,0.9758641062627029,0.9801693890844502
RXFP2-10,2480.519184904991,0.14495965476606917,0.07430274838181439,1.9509326091300827,0.05106506293866083,0.09688177218640374
TAAR1-5,4864.168519321724,0.025982192931312986,0.0569036176995478,0.4566000191499153,0.6479585654357306,0.7355312046150702
COPS8-2,3606.6857149092803,-0.043864251215053315,0.08680453359330988,-0.5053221231573323,0.6133326067553138,0.7040439838888727
PSMC1-2,1863.8189046584519,-0.08892047667101723,0.11470226538447001,-0.7752286005247156,0.4382045908778314,0.5532231711082419
ADH7-9,5339.837660760748,0.06793806213994827,0.039940658517161824,1.7009750129872405,0.0889476793116406,0.15458337142455605
RPL11-20,6383.848485836463,-0.06930978966162858,0.036761472454803566,-1.8853920975782887,0.059376920145774816,0.10990362184163739
PLA2G2E-2,4192.282107252741,0.01857349605228567,0.04989935307521895,0.37221917535258897,0.7097296703138279,0.7833133558833639
POLA1-12,2793.3013907533436,-0.06936805026336158,0.07477122965902154,-0.9277371868792312,0.3535439137134552,0.46347503467618023
VN1R2-5,3031.418285858636,0.06663446514670154,0.061619689396904376,1.081382684639905,0.27952692072578605,0.3825989716547332
PSMD11-13,3176.9094322327815,0.1285581403985574,0.06941877698982621,1.851921713017192,0.0640370655124016,0.11725821915541634
RPS19-15,31.20454558876678,-0.7593723602914639,0.6160322104435444,-1.2326828815407467,0.21769410099986755,0.31777533342675235
NUP54-3,2785.7674106679638,-0.13477840252028855,0.09391597803331288,-1.4350955539480341,0.1512598703405311,0.23859235898979847
NLRP5-9,5322.766105167853,0.010835057840254379,0.04273257000212475,0.25355502465018226,0.7998393463832448,0.8541988044251554
ADH7-10,1861.9353221270699,-0.06680744634341926,0.0864146863127049,-0.7731029202798491,0.4394614729722427,0.553786321107088
COPZ1-13,8.75847708362139,-0.697088750197742,0.8857991557390048,-0.7869602783897153,0.431305119183017,0.5455211044481493
PSMB2-9,26.329588037624397,-0.24723041841701174,0.5369596753362728,-0.46042641519064326,0.6452101779824806,0.7355312046150702
RPS7-32,4294.914850595581,-0.17000044489598312,0.055966924475878664,-3.0375162917742973,0.0023853651003595553,0.006569372433651517
POU4F2-13,5363.4528823463315,0.02851840324130377,0.04213009897462849,0.6769127995279117,0.49846128260435874,0.611219131092957
MRGPRD-10,5155.978401501016,0.005573016420780402,0.045576653893854444,0.12227787572470009,0.9026789531153563,0.9293144735217044
LUZP4-8,2873.211459625209,-0.09826135440688619,0.08185574920193746,-1.200420927850483,0.22997590509097754,0.33207937246752145
RPL11-19,3911.495452585111,0.012246249981081044,0.052911134041044014,0.23144939534997364,0.8169656947656353,0.8691395163939702
CYP7A1-1,48.20863840012239,0.22859896535031113,0.3853002809315463,0.5933008011248369,0.5529798627336879,0.6523061247791171
FCRL4-14,5293.871115048306,0.0738071159453821,0.048952532081028996,1.5077282585344594,0.13162409000522465,0.21303140633547024
OTUD6A-1,2917.924633162462,-0.013491174413539348,0.06362297179515722,-0.21204879358631679,0.8320689679853325,0.8756596381109122
CYP7A1-7,4824.849963565938,0.06226394013832834,0.0544396500580077,1.1437241068225739,0.25273807259735265,0.3563487130669205
TRIM42-5,8626.11261188985,0.03743203780800136,0.03964082984358098,0.94427987395079,0.3450266478138547,0.45492895841093195
RPS8-8,2040.796817148818,0.0199150639498218,0.08922383816597779,0.22320339899271083,0.8233772066574906,0.8718862513908001
HTR3D-8,3200.5841389900215,0.022889044935754044,0.07343840588166652,0.31167676723043036,0.755286186109913,0.8201279254579819
PIWIL3-2,1511.6379471368414,0.1048402546673493,0.1006995245729317,1.0411196588263798,0.29782001673412445,0.40041549493977757
NPHS2-1,3024.5698454191524,-0.12929816564230312,0.07262260746031218,-1.780412052995533,0.07500855066262363,0.134464147250845
COPS2-3,4341.262099883592,-0.005354718725146781,0.05441705263789367,-0.09840148382858184,0.921613496475128,0.9451381653040728
RPL35A-6,1864.3665611479275,0.20667589404329237,0.08218257750192047,2.5148383066771385,0.011908698663858956,0.027854935573341327
IL1F10-1,3944.5725632024223,0.09134302543598777,0.055872839609323634,1.6348377149735045,0.10208307219639898,0.17474370503794612
KRT77-10,2872.1597484506246,0.0708499077311861,0.06691534117887567,1.058799170459173,0.2896912515424144,0.3925776285783116
RPS11-9,1337.8077341871294,-0.10412582131326677,0.0927118381358903,-1.123112467694219,0.26138973165500495,0.36509036139134643
RPL9-12,4632.020628839041,0.027498934461498453,0.049763505208616894,0.5525923936872683,0.5805425516099929,0.6743376917510632
COPS8-29,3899.8115312324976,0.11100092024042837,0.056439325100353405,1.9667301131446968,0.04921433331913466,0.0938921498798016
OC90-13,4464.5406098339845,0.1737737279139516,0.051282566526269786,3.3885536486348635,7.02622824667818e-4,0.002123413226761592
IL1F10-10,3514.3535296500577,-0.04135697256518819,0.05744513619177101,-0.7199386285224363,0.47156278296678705,0.5855952377569373
COPS6-14,4654.643163205149,-0.10805616558744174,0.051306161740724714,-2.1061050353659807,0.03519522954546471,0.07111935437737396
POLR2F-16,2516.4512853178962,0.17530146055769508,0.08059252309081844,2.1751578661974715,0.029618288353409183,0.061300881652662044
MAGEB3-1,1893.3964455061198,-0.013703766683198195,0.07951563792091554,-0.1723405237197198,0.8631698276124036,0.8986966345415727
RPS13-5,4700.244468027213,0.11227652054281982,0.04988798780765176,2.250572241472505,0.024412643197151227,0.052215984554386974
RPS19-17,2906.473237184921,0.06207124565458228,0.06938961614841378,0.89453219516046,0.37103721194311434,0.4827017442993278
PLA2G2E-19,2978.197414867873,0.013771284438243039,0.08478692998245338,0.1624222558959618,0.870973345865153,0.9054410886238958
IL22-9,4538.512515584346,0.01838340755152904,0.047245465260723735,0.389104170105646,0.69719908879442,0.775976105922401
COPZ1-2,4002.2727649545905,-0.020574125885342513,0.06427740920147466,-0.32008330984302485,0.74890517744797,0.8157930401865447
PIWIL3-5,4506.606624029647,-0.07037253448129228,0.045838962980274234,-1.535212184262884,0.12473171639750344,0.20478789014301646
RXFP2-2,3699.4028578566035,-0.009032848689760425,0.05941071826492757,-0.15204072520181705,0.8791548149521672,0.9125573535141795
RPL11-22,6819.757071099222,0.052464963234835564,0.046976231320606035,1.1168406183282291,0.2640624781716862,0.3673211254404515
RPS11-12,1750.2556505995517,-0.05267566376979228,0.08221596396274525,-0.6406987308895552,0.5217184388878726,0.6277732626783793
NPSR1-8,4674.260903397684,0.06206995359287583,0.0564986269261228,1.0986099480618894,0.2719382366534143,0.3759793838750647
RPS11-21,12971.187535468118,0.04191145845788554,0.02791738763006898,1.501267203552526,0.13328646408315986,0.21521195028084678
PSMD11-3,2192.1025733814245,0.047422487138289046,0.11186756225193316,0.42391633627888003,0.6716268297591014,0.7532366580056917
IL1F10-18,6797.890837892964,0.13853124400327818,0.03666213363470201,3.778591976767916,1.5771759948833618e-4,5.332728735174931e-4
TPH2-9,25.64254949248377,0.15059261790988238,0.5770951592442768,0.26094936943690167,0.7941315520734673,0.8541988044251554
TAAR1-6,2655.289471802286,0.051410153431202005,0.0676028771031058,0.7604728620172903,0.44697198485106815,0.562213380576942
PSMD1-3,5785.2796548217775,-0.05913060852287906,0.03974255077305516,-1.4878413029032023,0.1367927503394448,0.21880432899728525
SPATA16-6,4446.742589756903,0.09152605544423172,0.050851797692515695,1.7998587974737894,0.07188293698302788,0.12988371946933344
OLIG2-1,3755.5724303041325,0.06498674791824306,0.05775138218954978,1.1252847196790128,0.2604684026948567,0.36454901442743265
RPL36-13,3033.907445051686,0.020513401763870637,0.06715811406547788,0.30544934218775804,0.7600239465238996,0.822656664779435
RPL35A-8,48.492359942284246,-0.7720881577502979,0.5684681546044411,-1.3581906945826057,0.17440318252908052,0.26588699479321876
DEFB129-8,5077.717947654108,0.040532666606489465,0.04860576515907695,0.8339065638373175,0.404333638155122,0.5163967683478364
DMRTC2-4,4995.813133944079,-0.02190251333497303,0.05250314563540126,-0.4171657349270295,0.6765571862361299,0.7575222265561914
LHX5-13,3122.180336795998,0.03244726781090677,0.05911385392755924,0.5488944749004032,0.5830778700754486,0.67613274237951
RPL9-7,132.13692296926504,-0.016732528122607244,0.24571451602618405,-0.06809743434459598,0.9457080727141813,0.9640576323340088
COPS8-23,5190.0745104145635,-0.10547504381851697,0.04262961780883085,-2.4742197852092285,0.013352752315079397,0.030810573754051447
RPS9-38,1579.6919903808293,0.05676203278554934,0.09120988391683149,0.6223232652867647,0.5337293260559257,0.6384187910616413
NUP205-10,6496.784185506474,0.010165308560509585,0.040108820155572975,0.25344322074498,0.7999257322630806,0.8541988044251554
IL1F10-2,3488.0284262039677,0.1602394133074857,0.060758981459760324,2.6372959101299225,0.008356989613659733,0.02009797150045633
PLA2G2E-4,4801.98814068513,0.07890223666404567,0.04184037425683421,1.885791847360394,0.05932300998737498,0.10990362184163739
COPA-4,3537.9956838632925,-8.854711873211027e-4,0.0566066321074903,-0.015642534352506295,0.9875195723206961,0.9889675482331898
IL22-8,5042.22539626401,-0.03265290935702333,0.050511036507466835,-0.6464509860572033,0.5179873298395048,0.6261687544785518
TAS2R9-2,4683.973359418751,0.08294477022344655,0.05002769407215359,1.6579770817303223,0.09732209231356569,0.1682809849371275
TAAR1-10,4613.372073078983,0.07690664577959035,0.04518036073265722,1.7022140711683331,0.08871524593905784,0.15457273718463393
PIWIL3-7,1798.4277345875648,0.12339924667624813,0.07829879547351738,1.5760044063255718,0.11502478773547939,0.19114824823195237
NPSR1-1,2672.917633123016,0.12309567005224656,0.0716265614009837,1.7185757300720568,0.08569165404967874,0.150843813700852
PSMC4-22,7137.750543527052,-0.022826722168328147,0.039496894268990626,-0.5779371414083465,0.5633065584315049,0.6587985948779416
RPL3-1,2451.8994968344127,0.00395526980544435,0.07405675728975204,0.05340862806035499,0.9574063308282073,0.9713860628998097
SAGE1-2,6020.766169719831,0.04104706509758468,0.03862982102094763,1.0625745606050379,0.2879749286733057,0.3910275870454628
RPL3-9,5540.613662216444,0.13896824568385924,0.037710178233870614,3.6851654431863814,2.2855412709036027e-4,7.46901764606297e-4
PSMC4-12,4648.451074742505,0.07493575581455368,0.04591222183559541,1.6321526778400548,0.10264732687476884,0.1752703106386678
VN1R2-4,3047.5312955275167,-0.003711095443507378,0.060680283153405734,-0.06115817611011081,0.9512332379777381,0.9682448607135546
RPL5-3,4035.2954685276927,0.05959592537489287,0.05165608326323678,1.1537058485676326,0.2486207853039209,0.3522987476402033
PSMB3-1,5071.273530418821,0.1313656440163626,0.04336039769077814,3.029622674431821,0.002448594401473775,0.006716425607255374
MAGEB3-8,4189.417652067542,0.05257873571079346,0.05582446228279579,0.9418583459781463,0.34626516851168354,0.4556822930510209
OTUD6A-10,2277.537264073127,0.15945951147790716,0.08242208844785878,1.9346696314154086,0.05303084929006557,0.10005544216882536
RPS24-9,6154.406640011319,-0.11196933259841572,0.04202299773624615,-2.6644775154114884,0.007710802090331525,0.018675453289703662
PSMC4-5,2896.8024164760154,-0.019932933457834617,0.08284818685986749,-0.2405958924792153,0.8098683340117339,0.862933029844016
RPS19-3,3343.816621279245,0.07502650419637887,0.05648678823817422,1.328213313882048,0.18410764729979573,0.276972517854098
TGM6-8,4632.523812335209,0.08968464870621456,0.04641581707775005,1.9322001497029755,0.05333480672644148,0.10035171623735409
SPATA16-3,6498.591218368047,0.14770576545733596,0.043134762456134,3.4242860525207646,6.164169959874458e-4,0.0018795214654438637
FCRL4-1,5408.9931900461215,0.02965541024493297,0.05223172290832561,0.5677662652825486,0.5701936892332137,0.6645772862564588
CYP7A1-8,3909.501262096663,0.04067937417079044,0.0536676873824497,0.7579863443881751,0.44845915774665107,0.5630470675385344
RPS11-14,4867.94463697241,0.10365058826717785,0.05852322988796017,1.7711016371723123,0.07654380182707164,0.1368571116436909
RPS9-3,7071.60587227912,0.052546752180720996,0.04077491493975274,1.2887029257660454,0.19750138495501962,0.29324662157451825
NPHS2-6,5569.039513938259,0.11097228072003336,0.04528177649173512,2.4507051029742204,0.014257670867011994,0.032677816114661716
RPL9-24,38.59898964345702,-0.28048065222822205,0.45943895688142805,-0.6104851319793686,0.5415404894580824,0.64479384688859
DMRTB1-4,5392.609921256315,0.09797282425518843,0.04699614914874484,2.084698981295259,0.037096633194515595,0.07408479670132792
RPS24-14,4600.16133412248,-0.049049101093397524,0.04795155280300849,-1.0228886913192972,0.3063604769746973,0.4096196567510312
OLIG2-16,1694.2030151069753,0.08595843944968277,0.09398815910860338,0.9145666886650875,0.36041915301734906,0.4706812265981824
DEFB129-9,5076.6506926888615,0.00898563905525253,0.049754691313140684,0.1805988303434482,0.8566824740366461,0.8946699231911763
RPL18A-4,5863.703864351217,0.0906420603194591,0.042923823513171845,2.111695857934095,0.03471254453165718,0.0703521303119343
TAAR8-7,4076.360722295451,0.05646734233039312,0.05008589448215542,1.1274100805070233,0.2595691389804185,0.36430538039932453
TGM6-5,3787.4114894385466,0.16183981430150138,0.05067867425470383,3.193450039519926,0.001405836617505329,0.004103360725453588
LUZP4-2,4164.85276919068,0.07957213763446708,0.053365139400660545,1.4910883495880487,0.13593830067175305,0.21846084555013492
NUP205-19,4159.845985526836,0.010630176709970955,0.05278567260684934,0.20138375026771202,0.8403985203392785,0.8817084322453568
RXFP2-11,6446.1553760852275,0.02443038161753697,0.04239855664416206,0.5762078606253884,0.5644746926819006,0.6590362651311763
PSMB2-14,3732.1498084205496,0.09979086261709567,0.053290765330693136,1.8725732685175105,0.06112733553002258,0.11283775720812277
IL22-3,5723.4512062072645,0.0751553052544759,0.041411459789242995,1.814843177153542,0.06954801294311232,0.1263332256386854
VN1R2-6,3638.330948199031,0.012218891314455946,0.06358416811859344,0.19216876898768245,0.8476100086828613,0.8879104845558194
OLIG2-6,4110.002839566299,0.0893482066523991,0.05916041764993781,1.5102700454396307,0.13097453183773874,0.21256823846308837
MRGPRD-4,69.40853250146925,0.6232265564807362,0.3884325690113351,1.60446524365095,0.10861153969029631,0.18226457397659063
PSMC1-6,7402.02162371083,0.11055887661935547,0.039852609078408034,2.7741941914477004,0.005533863450330774,0.013998624950281181
RPTN-5,3152.1707135761926,0.16422332543681764,0.06999374060999326,2.3462573082338003,0.018963011251495205,0.042464710441872874
RPS19-2,8633.693162521082,0.018416802802585217,0.035337740362757726,0.5211652644885748,0.6022516493913714,0.6936557783040584
RPS3A-22,2492.8046047170965,0.05926656659709556,0.09739281751920037,0.6085311844008573,0.5428352298110384,0.64479384688859
PSMC1-17,4877.0298877790865,0.06452613935361017,0.04894432610227901,1.3183579076922998,0.1873838644190528,0.2806648671013444
NUP133-10,3618.3232057670866,0.07557978166418286,0.05955276720043155,1.269122917660746,0.20439722764118137,0.30151902047284423
OTUD6A-9,6721.934600819941,0.055790554279160874,0.05092043047980168,1.0956418426448888,0.27323554283886603,0.37624974951400303
NUP54-10,6226.144409659846,0.07873066550252932,0.0381261422529978,2.0650047670726206,0.03892254924399265,0.0766255706682781
FCRL4-5,8286.004963237654,0.07071864301824146,0.037453496356906646,1.8881719971972797,0.05900286384525873,0.10980641963572674
OLIG2-14,2771.258272937398,0.08056308133595133,0.06920542772649729,1.1641150699095446,0.24437738226558964,0.34845459725970296
TPH2-2,3494.7466594550397,0.21917438420461308,0.05773554798849688,3.796177430381036,1.4694434659993352e-4,4.993183518793761e-4
CYP7A1-3,2474.237415014844,0.08977394504837587,0.07115162129543887,1.2617273283993429,0.20704691968517352,0.30476949600209813
CYP7A1-6,3932.214726609297,0.04538120316347308,0.06831904202551649,0.6642540910705926,0.5065276987554934,0.6158755493721737
CRYGB-5,5393.877409618018,0.09056302253581293,0.0398615551876481,2.2719390176697294,0.023090193855354626,0.0503853111923553
COPS4-3,3156.647113291368,-0.003459999105128674,0.06709515793472212,-0.05156853656257816,0.9588724901544137,0.9713860628998097
RPL6-8,4433.985995752052,0.16045995114738196,0.051446940141482524,3.118940615440031,0.0018150253850470486,0.005143827128577321
PSMC2-20,5678.728504119638,0.01790602673506098,0.041063263407492716,0.4360595152258091,0.6627935494660255,0.7470098915598935
PSMB2-3,4442.467759217845,0.04282279143250745,0.05425666022225477,0.7892633136114519,0.4299581239254332,0.5448263425622836
MAGEB3-3,6720.708408669393,0.13309979210469416,0.040801283303254936,3.262147200504257,0.0011057171094737159,0.003269284786885489
OR12D2-2,5491.7035208341385,-0.051611935446243686,0.04925226912460303,-1.047909799154044,0.29468016707088635,0.3977599883585284
PSMC2-10,3945.5826442988373,0.0360572362090777,0.052973632930113534,0.6806638362267298,0.496084224111876,0.6093984263820347
COPS8-25,5880.819838260932,0.07910099423901827,0.04473824038262683,1.7680846086592066,0.07704676011261968,0.13723211390242135
RPL9-15,84.70961152374112,0.4248285796631049,0.3241420318510536,1.3106247814794896,0.18998456254862783,0.2833175900015564
PSMC1-24,8294.351822773222,0.02984244505826603,0.04254685834907249,0.7014018476623101,0.4830522692430773,0.5966088605660431
COPZ1-27,5988.741940572054,0.05236832416750984,0.04646881332207751,1.1269563482188054,0.25976093741503814,0.36430538039932453
RPL36-28,2729.119595494782,0.1020619633027942,0.07213896492042857,1.4147966139432635,0.15712813719589255,0.24697121373929315
TAS2R13-10,28.367086514338872,-0.1865466818904485,0.5202909953159044,-0.35854297608434144,0.7199370123784627,0.7892728402158748
PSMB2-5,3480.6274489680013,0.042661695690563564,0.06488309564335638,0.6575163417766404,0.5108489667819951,0.6186344757306785
PSMD6-21,6787.511390768211,0.03683366819027111,0.03729584317132633,0.9876078688198007,0.3233447310433455,0.42965846556927034
KRT25-5,5355.48886205191,-0.027471880995508378,0.04947337009122016,-0.5552862266074674,0.5786988982681942,0.6733413075250028
COPS8-38,4514.034704954194,0.003560222856452338,0.05210087001700635,0.06833327073598269,0.945520339799589,0.9640576323340088
KRT74-6,9570.098615040386,0.012256211862283277,0.041306352100673537,0.29671494186685704,0.7666841485439596,0.8285526478726652
RXFP2-5,4022.464994667513,0.08359375186431979,0.049035783127935835,1.7047500117663295,0.08824105810577408,0.1541397511157128
RPS13-3,7356.18775014486,0.060989431027328116,0.03482894897814618,1.7511131635237294,0.07992641920821443,0.1411355982677936
PSMC1-23,5775.2674478226045,-0.06499458460148648,0.05040465674402548,-1.2894559510950416,0.19723962061632141,0.29324662157451825
RPS9-36,7013.0648464876485,0.05100369075019533,0.03857943970870298,1.3220433250275954,0.1861537243923345,0.27943515112080103
RPS7-8,5343.134641992099,0.0660654220573658,0.04269783024163737,1.5472782032127996,0.12179617538434637,0.2004500910542375
CYP7A1-9,2810.111051739208,0.003565090425731737,0.0739082576332031,0.04823669965844424,0.9615276021191499,0.9714842488866559
CYP7A1-10,3732.8675377806358,0.020177745898983985,0.06510701458975846,0.30991661998518377,0.7566243637335406,0.8202768895714415
OLIG2-17,4494.699726476133,0.10791603373722188,0.05129942084977837,2.103650137751762,0.03540897696083967,0.07134021021903687
SAGE1-26,3153.518022444601,0.025028857083160178,0.06594811973409434,0.3795234372727776,0.704299203381684,0.7821729364385206
PIWIL3-1,2221.0804077597218,-0.04601364963192694,0.0848452808414582,-0.5423242067865623,0.5875951826243044,0.6790651602917088
RPL30-18,6809.375178251801,0.03978602576080409,0.03573837514245009,1.1132578244595737,0.26559771445659097,0.36870577027205614
OLIG2-8,1762.841328002798,0.09836044543909334,0.08303301494349645,1.1845944111029465,0.23617784784158996,0.33817498967674203
NPSR1-2,5837.620856951564,0.06171549103586266,0.04511333707530545,1.368009884368431,0.17130898217037965,0.26186642072162913
COPB1-13,4143.318272275059,0.05836037246622464,0.05541831557584532,1.0530881687725213,0.2923005847742702,0.395329305744211
RPL35A-10,3403.2795865382327,0.026749530612309884,0.061018824345509405,0.43838161254705454,0.6611096733463644,0.7463436477612676
RPL9-26,57.94523169723392,0.26305968031427945,0.4948366934767828,0.5316090819094076,0.5949967733313243,0.6864574259886731
COPS8-33,4756.881419272156,0.1612325881407619,0.05381907565047315,2.9958260373679315,0.002737025298524597,0.007302297964423046
KRT77-9,4321.071796158591,0.03251701012890147,0.04707982376231717,0.690678246653255,0.4897677627322555,0.603811158747528
OC90-7,5051.019665812748,0.19938624349137316,0.05387809516619859,3.700692143557105,2.150122014410378e-4,7.128802601176156e-4
OTUD6A-7,7847.548312630355,0.07986913772730164,0.036906359690401694,2.164102295574639,0.030456499381400617,0.06265599119727898
TAAR1-8,2674.774903918803,0.08798835130736658,0.07358969082694923,1.19566138026421,0.23182872800145876,0.332961126937812
RPS9-9,3600.0108685502246,0.0804304777755616,0.05833572791939795,1.3787515926207659,0.16797135638036717,0.2578077222646984
DEFB129-2,3599.1119054386018,-0.014008455919220118,0.06447390238539377,-0.2172732749366457,0.8279953831264903,0.8740662236095716
PSMC1-5,3615.433684349026,0.10302403591659795,0.07425209892291128,1.3874898812430578,0.16529243451000447,0.2548413832287428
ABCG8-1,4533.885617196006,0.14053622525441584,0.05449621777025665,2.5788253020949785,0.009913690851195775,0.023510593233912202
PSMC2-17,7474.726338549749,-0.0284972544762439,0.04147699207741546,-0.6870617431238674,0.49204382098272936,0.6055241977138814
SAGE1-9,6937.69590637223,0.04261206332927596,0.0392465596577906,1.0857528328809145,0.2775883592843844,0.3807085329141256
NUP133-17,2517.1339938044694,0.1411213137690978,0.06850876894353011,2.05990146875096,0.039407961278395603,0.07734378607225344
MAGEB3-9,6876.135969682497,0.07861044006208534,0.041201228860765576,1.9079634815684634,0.0563959363703599,0.10524159710643664
TPH2-4,8176.324480873081,0.06939532723531132,0.03724594677733511,1.8631645384173652,0.06243912039183826,0.11463956781619765
NPHS2-2,4319.865915010354,0.03789710372350032,0.047963744214277945,0.7901197945305327,0.42945781072644135,0.5448263425622836
RPL27-4,9976.134016386832,0.07315794907304891,0.032485271774219886,2.252034385967693,0.02432009910767777,0.052215984554386974
MAGEB3-2,6860.004948769099,0.056796977032746346,0.04066305753495672,1.3967709384352078,0.1624824641454532,0.2518618725064827
SPATA16-9,4929.789255101265,0.11112240968098962,0.04440170245137165,2.5026610140160703,0.012326354262122316,0.028635714153161705
OLIG2-2,7712.6633794227155,0.05246960076851079,0.03728824990203694,1.407134979688187,0.1593873674078704,0.24944721541975523
NPHS2-4,6743.670499817705,0.03313243349442576,0.049748021740684274,0.6660050457308904,0.5054078752773238,0.6158755493721737
RPS9-18,3849.1024330486425,0.12128011594694439,0.06721189262909692,1.8044442910753657,0.0711616850073852,0.12892156726802148
RPS9-11,7808.269444441431,0.05224036338322138,0.04361116984525291,1.19786659171464,0.23096895758583819,0.3328097004876107
OLIG2-5,3971.445270086367,0.09648669399259395,0.05510815784489969,1.7508604490854685,0.07996995099507485,0.1411355982677936
RNASE9-5,4074.103691413726,-0.017196169573782765,0.06753447118846287,-0.254628033227577,0.7990104052971467,0.8541988044251554
LYZL6-18,4302.245649745632,0.07412275542254612,0.06075504894372473,1.2200262646681994,0.22245491847887394,0.32258324696618024
HTR3D-12,7529.264141804353,0.05826372914722534,0.041198259414403256,1.4142279303881429,0.1572949897168265,0.24697121373929315
PSMC4-6,5106.140933014305,-0.023251521017113794,0.049795315626651036,-0.4669419346881157,0.640541421782576,0.7316645698024505
ADH7-11,2038.6082716395472,0.0840663837374923,0.0910895978107363,0.9228977375897887,0.3560604997488516,0.4658799259166009
TPH2-5,37.60779726293576,0.6413596257722969,0.5846644302752105,1.096970488644912,0.2726542929792678,0.37620784263604024
RPL5-5,1659.795782959964,0.022696842008702273,0.10267552584418171,0.22105406154088306,0.8250503389780596,0.8723055441517256
RPS9-26,7060.274215888735,0.035282410046290916,0.03669469272476962,0.9615126173947932,0.3362944844754362,0.44427298432635
PSMB3-8,5273.650200682635,0.046519854038403,0.0401677380337536,1.158139748852963,0.24680701125071017,0.35045569373021834
RPS24-3,5317.1784366577795,0.05995912029282329,0.041617126855980374,1.4407318530257256,0.1496604523464497,0.23716493956525556
ADH7-8,2670.470126132987,0.002605752714983932,0.06828424321492677,0.038160380672042374,0.9695598095152261,0.9764866471897271
TAS2R13-3,4588.025517164658,0.05099013401877404,0.04452258912693797,1.1452643482479536,0.2520996696822417,0.3563487130669205
ADH7-6,3579.9270122386147,0.10644019266248222,0.062195651079249674,1.7113767733833378,0.08701158203452572,0.1523818218707207
TAAR1-3,5140.42330038434,0.028047751111912298,0.046040035651251615,0.6092035054961955,0.5423895570511557,0.64479384688859
SAGE1-25,6300.163524812804,0.05700501965018566,0.04488291739115796,1.270082761184677,0.20405515152946505,0.30151902047284423
RPS9-30,5889.039249027945,-0.010695695208762665,0.050106904723041,-0.21345751185154307,0.83097012600994,0.8756596381109122
RPS24-15,5536.890721930752,0.028841822385205995,0.04653214377642285,0.6198257815884194,0.5353724929458095,0.6392647074859927
ABCG8-2,5759.839512200333,0.0849648238762491,0.043348599947893855,1.9600361713729861,0.049991562667914005,0.09510929610636563
NUP54-19,5470.1788136630585,0.1264928352203122,0.041238936336857664,3.0673156598187554,0.002159906359733316,0.005996813185763638
RPL18A-16,4692.407912794753,-0.004250392242884419,0.051491126869679264,-0.082546110393775,0.9342124526251993,0.9551902771601962
RPS9-15,6374.965346081387,0.15911790425473296,0.04445995458201513,3.578903886669715,3.450383229538283e-4,0.0010910239563771517
PSMD1-4,2978.8998250951845,-0.03260364173093438,0.076786892273309,-0.4245990528551102,0.6711289835858469,0.7532366580056917
RPL27-16,38.65344925998763,0.23342778851508306,0.5117646352121635,0.4561233279011363,0.6483012960150398,0.7355312046150702
RPL30-8,2745.642276734311,0.04987062811162863,0.06864081797219648,0.7265447817336491,0.4675048650343753,0.5825604545957915
FAM71B-9,6522.3740173619335,0.01136952104900916,0.04460964181193647,0.2548668984373452,0.7988259033667224,0.8541988044251554
RPS9-21,7332.324417340594,0.10283945248424463,0.036444786981924986,2.8217877233100164,0.004775677678185271,0.01217085020224082
RPL36-22,5162.67589600919,0.08060043603843331,0.042175907801203186,1.911053969919148,0.05599764560160508,0.10478463546820894
TGM6-4,6830.072381712666,0.11203534753460263,0.03829848009552063,2.9253209854587996,0.0034410109004323172,0.009004637720288401
PIWIL3-3,5222.476986918082,-0.01877178251540419,0.051595344935146475,-0.3638270572471151,0.7159871565692859,0.7863704943661799
OTUD6A-6,2442.271406286937,-0.034741855370233214,0.08740205348185377,-0.39749472679662207,0.6910026743481668,0.7711680172872515
CABP5-9,4477.159290416456,0.16830081260369792,0.049009953618867626,3.434012892819924,5.947159081069507e-4,0.0018296890325993124
RPL27-17,4567.480310504376,0.10085323463276093,0.044477704115807606,2.2675009116965,0.02335964327145068,0.05081094380382425
TAS2R9-9,8431.013301586408,0.01780891338310197,0.03886930208636487,0.45817425132902595,0.6468272571725848,0.7355312046150702
CABP5-10,5054.900331750054,0.05610822786755397,0.0479110456147758,1.171091700203891,0.24156191965410814,0.34516065088651854
COPS6-17,5838.523275897642,0.09892750695328113,0.04201831029333158,2.354390413671185,0.018553113356260437,0.04168347507344039
POLR2F-11,4400.787339559892,0.08939474706200029,0.054947199005234974,1.6269209109909935,0.10375389616958562,0.17627838578066413
PSMC2-39,6752.62283012223,-0.02736113102618814,0.04557544908962775,-0.6003480288780105,0.5482743161507213,0.6478743216798316
RPS3A-1,4649.389659277424,0.00510888655309085,0.04618022619583515,0.11062930985711812,0.911910304238094,0.9365935906685988
PSMC1-10,3131.146020542591,-0.0025943712089747076,0.066171941810957,-0.03920651469449733,0.9687257396565758,0.9764866471897271
RPS9-24,4465.971518518688,0.09562496853180882,0.0462318824437504,2.0683771345057,0.03860457361751439,0.07642586603119515
OC90-9,7247.931062579952,0.08870198573613637,0.040534790291560575,2.1882927011122173,0.028648288226653947,0.05947349805107795
OLIG2-18,7352.458312899249,0.10297425158920173,0.04686649185984606,2.1971828379462575,0.028007390786041822,0.05832026800873953
NUP98-11,6081.217158049038,0.018231646599066342,0.03850721482545146,0.4734605367256029,0.6358846492957815,0.7287067373641254
ABCG8-3,5991.066339120469,0.0033218344761504733,0.03790616710553785,0.08763308795906127,0.9301683029480718,0.9524811857774108
COPS8-37,5073.308407291096,0.07061921865183263,0.05294619367696904,1.3337921717789345,0.1822719772314887,0.2748162482320238
RPL3-2,6056.139562036831,0.03441545753118145,0.038918161309686256,0.8843032757206817,0.3765325204538673,0.4870676353598321
IL1F10-20,6222.590528204732,-0.0052463492941336575,0.04325506191812972,-0.12128867839938816,0.9034623871426234,0.9293144735217044
HTR3D-6,3556.1008296484893,0.12736254299510133,0.054787269018336096,2.3246740579910248,0.020089395459634094,0.04440471553051808
OC90-2,10228.069030610974,0.057756487337665384,0.034789127724303245,1.6601878551073137,0.09687666709939854,0.1679359482966731
KRT77-5,3335.3829158314456,0.04311681819484406,0.05698896143175122,0.7565819258959448,0.44930037301403597,0.5630681738873148
DEFB129-1,5398.669066291673,0.11303998152368497,0.04571996172095557,2.4724426108142064,0.01341932575358349,0.030859930941742504
SPATA16-8,5923.2743874217485,0.0334704566473635,0.039479688150818315,0.8477892864680528,0.396555330660799,0.5091114489498604
LYZL6-21,5033.905237453753,0.09067149471538924,0.04323525505551,2.0971657180922274,0.035978908071969094,0.07227527709751438
RPL35A-5,3896.790826592146,0.0014050968772583168,0.05565917729141157,0.0252446576761588,0.9798598166189363,0.9827375253314735
LHX5-1,5958.923042711813,0.1693926539238763,0.056530888763231465,2.9964618924238784,0.0027313237369917236,0.007302297964423046
RXFP2-9,7613.203532806163,0.023969056496595254,0.03747135600582455,0.6396634403321166,0.5223914286437419,0.6277732626783793
RPL18A-25,3534.945427075192,0.10307543961676577,0.0644214718157824,1.6000168377325659,0.10959484813873042,0.1834639247028257
NPHS2-13,3793.422680321603,0.2319412289343102,0.05473105371552256,4.237835985031075,2.2568453632525713e-5,7.904745554366699e-5
RPL27-12,5237.1392635874645,0.15944493545304406,0.05311090044945271,3.0021132028215707,0.0026811245356633167,0.007237976513272906
IL1F10-6,5178.415980008109,0.07120572818473533,0.0634845473712741,1.1216229954087216,0.26202277011231784,0.365227657115741
IL1F10-17,5270.967142754338,0.09575666728835315,0.04130944740988607,2.3180331205649805,0.02044752110151366,0.0450505061688188
COPS2-9,6418.839002406575,0.038952034570932804,0.05908174108848183,0.6592905668199176,0.509709198761403,0.6183505910373681
TAS2R9-5,3153.8977491781225,0.03955849735583654,0.07741402723371094,0.5109990885296597,0.6093516950086322,0.7006518647994878
KRT9-6,4440.230886581983,0.034186609588544185,0.048675274501617655,0.7023403553154701,0.4824669320276126,0.5966088605660431
NPSR1-14,5013.983101141395,0.05655425306309053,0.047321884375828155,1.195097232687087,0.2320490430781823,0.332961126937812
TPH2-1,7541.788844062815,0.07566691482442361,0.03563875117510085,2.1231640371643716,0.033740108398132546,0.06871323808469877
RPS8-2,2861.5410801278776,-0.01102308125567166,0.0639432045646783,-0.1723886272312464,0.8631320124912565,0.8986966345415727
LYZL6-14,2420.298618730083,0.1102914621821441,0.06692767782454917,1.647920049927222,0.09936907845940789,0.1709548629415002
PSMB3-3,6349.37609571576,-0.009238949970218846,0.03611904187316853,-0.25579166808082227,0.7981117078448428,0.8541988044251554
RPL5-2,3498.2861734100343,0.04801478272573357,0.05778404092630714,0.8309350117442903,0.4060103434887089,0.5163967683478364
FCRL4-9,7104.029766065212,0.04517320957559861,0.04130815529356303,1.0935663733848184,0.2741452039845712,0.37674280547577893
HTR3D-17,4765.192742187233,0.11414903646471738,0.050387095027141234,2.2654419033927335,0.023485575361959943,0.05092269197529727
PSMD6-10,1389.1256931950204,-0.04060888322654574,0.0937476141943327,-0.4331724447127387,0.6648894958068061,0.7481376040132597
RPS7-2,4010.066982561858,0.019090594557520626,0.060835511156317,0.31380675849780065,0.7536678109607331,0.8196737498187591
POU4F2-1,6056.398822018501,0.06589493695802019,0.03758407477403975,1.7532675037017396,0.079556100747957,0.14113458911910295
RPL35A-4,12263.798056918991,0.10818294722861506,0.034173975556234866,3.1656529703602962,0.0015473527726077648,0.004459248707557398
TAS2R9-8,6202.6873852864655,0.11937487061206156,0.04042632634395499,2.952899296275331,0.0031480464185364653,0.00830160503421006
PSMD11-11,2815.237308126527,0.09548840387612727,0.06837354152993055,1.3965695170891093,0.16254306225819068,0.2518618725064827
NPHS2-7,4414.665622966217,0.12784006295851533,0.054064093674022,2.364601980185288,0.018049457269244087,0.04068574031318057
MRGPRD-2,5823.01093724491,0.035851268302401686,0.05317538989345002,0.6742079065943574,0.5001791436123226,0.6122264428086315
RPL36-23,5760.803091466478,0.056137885003288694,0.058005112395159056,0.9678092617224858,0.3331396374336932,0.4409580859829698
COPS2-19,5466.6254998956865,0.12966457294094288,0.040501695484124155,3.201460368289243,0.0013673288297236744,0.004008092663953947
FAM71B-5,4834.76315393838,0.006786475913328574,0.04946977800461767,0.1371842807278234,0.8908851355966486,0.9219311327462288
RPS8-6,3987.511959982401,0.04352855506034302,0.06960168009946727,0.6253951772160768,0.5317117266551026,0.6371212443955001
CRYGB-10,6984.870977230517,0.04552822486662534,0.03720607398533868,1.2236772115371826,0.22107401961705278,0.321947879314386
VN1R2-3,4822.253910971554,-0.017200977911748783,0.04730420716375343,-0.3636246952031982,0.716138283302729,0.7863704943661799
ADH7-3,6451.993897257218,0.05672795769371533,0.04602485993054571,1.2325503603774404,0.21774356668187422,0.31777533342675235
RPS9-39,3383.9773103909,-0.009084119853948348,0.06859522004353007,-0.13243079981642492,0.894643554481596,0.9244198906368081
RPL30-16,5152.354410421791,0.01067075218479494,0.047516290394548404,0.22457039672480844,0.8223134966540804,0.8718862513908001
PSMD1-12,2873.530307692441,0.05054931474835352,0.06969404213812386,0.7253032425378892,0.4682660169444942,0.5825604545957915
RPL3-16,2300.747875452979,0.1902216520212974,0.08602482086098633,2.211241477953092,0.027019119503956322,0.056781718834468205
KRT25-1,3734.3419263545866,0.1724963089876164,0.054840998136246946,3.145389669222771,0.0016586574394777934,0.0047400126826917695
PIWIL3-4,5989.06939776788,0.025850711931327874,0.04039385176489227,0.6399664998967899,0.5221943788579879,0.6277732626783793
PSMD6-1,2291.6611602949365,-0.04283649295433174,0.0740124041563892,-0.5787745100647949,0.5627413326183451,0.6587985948779416
DMRTB1-14,4302.50318005962,0.0212964491818358,0.05725280216061306,0.37197217215835493,0.7099135685092273,0.7833133558833639
PLA2G2E-3,4589.580368931791,0.04064402496981349,0.045836285442345866,0.8867216131843112,0.37522879909908335,0.4870676353598321
RPL11-3,5312.720327730947,0.0758677552609829,0.04724589254090818,1.6058063713219575,0.10831646032064031,0.18221709950491954
RNASE9-12,10442.494168857045,0.05999224700749107,0.029642498571198665,2.023859320205245,0.042984628575718505,0.08364245389520153
PSMD7-23,5712.624833759514,0.14827380534419318,0.055571009377912296,2.668186290010548,0.007626196017632816,0.018602471000154337
FAM71B-1,9170.335393536472,0.07571186300320491,0.03849038019392033,1.9670333891678167,0.04917936158618902,0.0938921498798016
RPL36-17,3933.1894891267625,0.09289941349300354,0.05715444549242475,1.6254101092681659,0.1040752032818445,0.17638551821712106
LHX5-8,5983.301803059541,0.06907121429587218,0.04730708022024964,1.4600608191056035,0.1442733595718636,0.22915977811065777
RPS13-8,7139.139882055317,0.05041002053466668,0.0405686643483173,1.2425851662715037,0.21402073891304277,0.31368275681890173
PSMC4-10,9720.16273206778,0.02605133170795988,0.03093112713589699,0.8422367407919679,0.3996554521053506,0.5121288438798395
RPL9-19,4540.447243770499,0.01499374118434969,0.055237805210085526,0.2714398431893539,0.78605276144746306,0.8481422370752247
IL1F10-21,5691.134609471192,0.15090767080586132,0.042580091824590265,3.5440898396257383,3.939709740964666e-4,0.001234321905082049
NLRP5-6,4499.699845496908,0.24099924269496145,0.04822292164292914,4.997607662170731,5.804593222909647e-7,2.131471597444779e-6
OTUD6A-5,7297.336038828088,0.04347181914768371,0.039409634465495544,1.1030759289519607,0.26999419309921147,0.3740487502774066
TAAR8-8,9874.662976878508,0.08310003875112235,0.03500479599600984,2.3739615211754077,0.01759838435069098,0.039800319574575964
COPS6-7,6727.0242272865125,0.12425776052931316,0.04143899682387118,2.998570671424501,0.002712492395488621,0.007293827976845387
SAGE1-11,6340.768489591826,0.022746616095128184,0.03926527089249694,0.5793062311324777,0.562382561795878,0.6587985948779416
TAAR1-9,7881.162778844381,0.09907524701538759,0.04053100405646995,2.444431104577392,0.014508078758546096,0.033140527732732385
PSMC2-16,6154.27365964129,-0.010248576217938706,0.04053979357998111,-0.2528028712755839,0.8004205488024883,0.8541988044251554
COPS4-8,5718.605253081536,0.07696143767288592,0.04815079016123549,1.5983421542030036,0.109966850718092,0.1836365746710436
LUZP4-10,5893.970832446516,0.008320124664608056,0.041310755897875556,0.2014033508652386,0.8403831952850855,0.8817084322453568
OTUD6A-3,8668.866345656577,0.050459509306414393,0.04733956943880192,1.065905539585563,0.28646634459341475,0.38975401067191684
RPL30-10,5390.035471228606,0.007120834901871275,0.048723625361017445,0.1461474766934826,0.8838049677648954,0.9159920986091404
TRIM42-7,6776.85581981156,0.04565691061498209,0.04255272565128912,1.0729491452352813,0.28329393402933584,0.38620709968470335
ADH7-14,6962.734830473548,0.0863783336267233,0.03886377708024324,2.2225923498988607,0.026243300535603222,0.05549279958457276
FCRL4-8,7660.165426793905,0.018768391380825495,0.04205205227845353,0.4463133275053492,0.6553709304934869,0.7423189809735515
DMRTB1-3,3018.106623256862,0.05670464676653347,0.06223757494015798,0.9110998752932699,0.3622427521594051,0.4721599231390719
RPL36-32,4183.34516211432,0.010360220738752557,0.05478136693750067,0.18911942724197434,0.8499992154975818,0.889049715443872
DMRTB1-5,7318.4304440363385,0.05910443036838777,0.043867516622237396,1.347339328035416,0.177870971312534,0.2699686075699127
SAGE1-18,7136.012819543664,-0.002042959074277851,0.040742406968911966,-0.050143308318448335,0.9600081880781428,0.9713860628998097
KRT74-3,5365.071498807626,0.059596656875953974,0.04879361826731119,1.221402695521766,0.22193358711489475,0.322511999998879
PSMC4-13,4415.947617425589,0.12407820766559788,0.04638786050076561,2.6747991031737715,0.00747740427179075,0.01830490006320101
PSMB3-15,6750.607489899275,0.12927385082573287,0.03587937997359514,3.6030123965595258,3.145505210497031e-4,0.001008629135572522
NLRP5-1,9560.245315465721,0.01634417513356568,0.035009585360451755,0.46684857776204114,0.6406082177772554,0.7316645698024505
TRIM42-13,3165.930033248855,0.10191329129730352,0.07451028309988805,1.367774850092559,0.1713825623170838,0.26186642072162913
POU4F2-9,6908.851765766834,0.06073989134561054,0.03857815570450339,1.5744633261076324,0.11538037362320455,0.19127377472002113
PSMD7-5,1965.3759626671902,-0.022345601263691586,0.09806024828258614,-0.22787624603291762,0.8197424498396688,0.8707373145264289
LYZL6-3,4820.929373826476,0.10519822266817569,0.05294091313721616,1.987087423209252,0.046912709716909966,0.09076878395651419
RPL36-5,8040.707335176234,0.055233170422542575,0.03401635245617211,1.623724074875664,0.10443471050184891,0.17655670117020497
RNASE9-8,10547.792720733294,0.09497878216980048,0.027905414838403107,3.4035968545822075,6.650483053582587e-4,0.0020187910780430697
LYZL6-15,6386.576256816314,0.09951936665939641,0.04633742066351612,2.1477105379271406,0.031736757705931276,0.0650937102497029
FAM71B-2,10223.452992644943,0.09098385965027753,0.04392350844764947,2.071416033596616,0.0383199338052078,0.07608289182836316
RPL18A-3,5122.595720393097,0.07152659897536436,0.0443708992409164,1.6120159879339668,0.10695846067998441,0.18037686085044285
RNASE9-4,5160.1903149152895,0.12044322762337537,0.04244322256969511,2.837749358583649,0.004543284338976924,0.011621959563749958
NPHS2-15,3626.8493477827556,0.055346527854009384,0.0625063091900556,0.8854550615958412,0.37591124657373276,0.4870676353598321
RPL3-7,1873.1948922781794,0.20072909264451722,0.10139310778724822,1.9797114125913207,0.047735965443583585,0.09184130816328899
PSMC4-3,7417.407838044552,0.03875561601597644,0.03992809878544308,0.9706351465476213,0.331729997487192,0.43994483161893616
COPS4-1,2490.371434676369,0.24881807312847903,0.08063153837192388,3.08586538409787,0.002029606866272335,0.005704615183802489
KRT77-7,4878.295787158707,0.06966513663970614,0.042748657789639266,1.6296450050553506,0.1031765467514304,0.1757346170354787
NPSR1-3,4602.141028840957,0.0701179365449731,0.0457518912047712,1.532569139735603,0.12538205003609923,0.2053619668456973
LHX5-9,7233.716840408861,0.1648709460415262,0.04742265238852491,3.476628525346271,5.077607958830787e-4,0.0015763664708551945
PSMD11-24,6052.218496506229,0.14276826387911878,0.044852970475910546,3.1830280662413695,0.0014574348628447291,0.00423586387797
ADH7-12,9029.988447133826,0.03444569254131474,0.040448739712603564,0.8515887710237283,0.39444237411844585,0.5073524322465133
PIWIL3-8,4974.4033889661005,0.10081978314111195,0.05510262935973906,1.8296728180230235,0.06729887783494792,0.12257368949671849
RPL27-18,6762.032790780233,0.10188518862342899,0.03822995230096218,2.665061881881153,0.007697415703756413,0.018675453289703662
RPS27-10,6831.005554255781,0.04196974978573018,0.0414227300626692,1.013205786345646,0.3109618772103445,0.41400967277712536
COPS8-24,3758.46713894836,0.09593233191991163,0.06352858615237883,1.5100655898402902,0.13102668871590073,0.21256823846308837
RPS11-11,4515.411301531742,0.037247522395397706,0.05284773308246808,0.7048083280558792,0.4809295251478984,0.5961431318983931
COPS8-32,7904.631644125784,0.17182745608985064,0.03772189210265629,4.55511233694852,5.235759011595354e-6,1.89207587561885e-5
PSMB3-5,4116.509549097448,0.15615714649070328,0.047027333252110996,3.320561377647192,8.983660301446703e-4,0.0026911578885474114
FCRL4-7,5713.245014415594,0.0663301723729471,0.052060239434133675,1.2741042510353349,0.20262647206902454,0.30020364516950926
IL22-4,6058.204252657957,0.14971074592368838,0.04173684241361866,3.58701658453295,3.34483057449923e-4,0.0010625671080851044
LUZP4-4,6920.872971926389,0.08751240535757698,0.03946937038245907,2.2172232419615474,0.026607840106690518,0.05608998392860995
DMRTB1-9,4314.088919564941,0.11694795024700322,0.05198245261917686,2.2497582232943723,0.024464297302201805,0.052215984554386974
RPL5-12,4056.1330142863535,-0.002233727703312346,0.06095539713506897,-0.03664528176828551,0.9707678381285867,0.9764866471897271
RPL36-18,8343.339173404263,0.10408210353627867,0.041433010142286515,2.5120574918126093,0.012002953248638249,0.027979580439658442
SAGE1-16,5700.459996945509,0.02804014889555297,0.04628696124409651,0.6057893657715377,0.5446546321888535,0.6452245708321879
SPATA16-2,7030.267098804156,0.1974799929328474,0.044218349713921905,4.4660190669818665,7.968851092899115e-6,2.8347527585677577e-5
HTR3D-18,7604.475677147742,0.12353794136969767,0.03464351305361151,3.5659761519716637,3.625043374968138e-4,0.0011409698733194646
PSMB2-22,5197.621715821135,0.10449316996912197,0.048076008766313925,2.1734992702293257,0.029742760682449253,0.06137252430849801
VN1R2-1,3596.8253451241835,0.1450097408315351,0.06981412479183459,2.077083129866799,0.03779388733939888,0.0752572158974036
TAS2R9-1,5914.263273562003,0.08987973350863004,0.054516880892078304,1.6486587647330024,0.09921756239900514,0.1709548629415002
RPL30-24,7019.419306623221,0.02703005816591978,0.03619658510606489,0.7467571343184741,0.4552101748504252,0.5690543829223496
KRT74-9,6647.815374653266,0.17986030507952497,0.05008618213739623,3.5910164720907023,3.2939081508641263e-4,0.0010512800313271953
TAAR8-3,3381.9436248435363,0.10131480568963429,0.06844443699917806,1.480248945445354,0.1388068226823667,0.22099081559919917
IL1F10-5,6967.888189849123,0.10272948030306897,0.045590938060101775,2.253287268791057,0.024241041962638807,0.052215984554386974
MAGEB3-10,7135.439069630934,0.07590172291774218,0.03675756680243344,2.064927837190717,0.03892982872897877,0.0766255706682781
ABCG8-4,4900.56022910579,0.10930944488940936,0.05849747476171636,1.8686181811209885,0.06167595445296883,0.11354360348080245
CYP7A1-4,8261.006503343953,0.05961170437525773,0.042692437158038596,1.396305958233012,0.1626223803445957,0.2518618725064827
LUZP4-7,6008.19939688156,0.1337323511765951,0.04453744023034993,3.0026950467948876,0.002676004323784488,0.007237976513272906
RPL30-19,11886.819969140339,0.017091691070861944,0.03132245181711423,0.5456690035204472,0.5852934823707038,0.6775516075579503
RPS19-4,4127.73088360916,0.1392210910786809,0.06126486383787534,2.2724459397657424,0.02305958967242195,0.0503853111923553
SAGE1-28,6375.012119217624,0.1393105570496673,0.03857283533773238,3.6116234606532065,3.0428616187440095e-4,9.80318153585924e-4
VN1R2-9,3033.937809215031,0.21320009722672978,0.06441444078096706,3.3098183364144855,9.335654039295e-4,0.0027843893925058884
OR52E8-8,7065.945611480787,0.08563597074699181,0.037854249562969206,2.262255142703051,0.023681644148078076,0.05118532580106749
PSMC4-8,5807.110930229765,0.06227412596053403,0.039863726897988644,1.5621752105590538,0.11824671875966875,0.1955508690383868
PLA2G2E-18,5931.789535179162,0.08142034643513293,0.04137738486182332,1.9677499365179818,0.04909681704327845,0.0938921498798016
LHX5-7,7673.399688507303,0.10814218114355645,0.04182924288371386,2.5853248514249683,0.009728728760110775,0.02315234056848662
MRGPRD-9,5104.099785774985,0.02280714016127451,0.058692804307455236,0.3885849454696701,0.6975832050312653,0.775976105922401
HTR3D-1,4818.3775585068115,0.07973785497683734,0.059450871600141085,1.3412394609307647,0.17984271820135747,0.2723560455244505
TAS2R13-6,4142.090005781793,0.1577030554678393,0.053184271253833945,2.9652198243944317,0.0030246671538420727,0.008038317766825431
PSMC2-24,8524.980467481779,7.498501371202503e-5,0.03536493617283697,0.0021203209118081027,0.9983082299481532,0.9983082299481532
DMRTB1-6,5092.583562009459,0.06356322396449764,0.044175612263808464,1.4388759024981927,0.15018568612487548,0.23744635097983788
PSMC1-9,6923.814132782738,0.07978919444224036,0.096009766657318,0.8310528940980269,0.405943749101545,0.5163967683478364
RPL35A-11,10288.032746129202,0.10188230619184305,0.03453847905680168,2.9498202866515433,0.00317958818721609,0.008352533584109959
OLIG2-11,5077.887884832894,0.22302289434865233,0.04360131711944725,5.1150494774658695,3.136587279959727e-7,1.1770819297870843e-6
RPL27-6,9474.987557909528,0.05608099450098917,0.036647562483790155,1.5302789790124447,0.12594768922268545,0.20579490846673246
FCRL4-6,4683.140929836771,0.11162981730377902,0.04797781961487044,2.32669634009754,0.019981432793383592,0.044309475967146086
NLRP5-3,5600.531037516238,0.07299570405305325,0.04681574526594984,1.5592126887734221,0.118946048602683,0.19623224926481278
CRYGB-17,8276.903337965852,0.11506579765820135,0.03968998288396656,2.899114317952607,0.0037421842543361003,0.009681484264058925
COPA-5,6559.162438280204,0.0815154239323975,0.044047740974719064,1.8506153125805653,0.06422491520631428,0.11728774621901779
RPS19-5,2665.961466278347,0.364817201407842,0.08122255840323934,4.491574860233561,7.0698441970020386e-6,2.5281170610221948e-5
OC90-1,10180.242870955944,0.09609331721697004,0.0362419656051977,2.6514377907579236,0.008014987644510979,0.019343592089049462
LUZP4-6,7077.670250509202,0.07072544252337484,0.03382011172221323,2.091224390513234,0.03650795389483508,0.07312296923804211
RPL3-3,3486.2614739061487,0.03687089033418823,0.06355206417837045,0.5801682574889048,0.561801157232712,0.6587985948779416
OTUD6A-4,7805.616864883514,0.09673147640233636,0.03703539733137497,2.6118654955104037,0.009004967478474991,0.02158032557122252
RPL9-4,4420.466529189298,0.01908997644762394,0.050816729801562766,0.3756632219776737,0.7071672830811334,0.7828124057445934
COPA-3,6156.251374041172,0.1425985106698229,0.04716657444858614,3.0232958898734994,0.0025003763590946936,0.006831028213046703
RXFP2-4,9216.55729547243,0.07866375889259594,0.03268632983978363,2.4066256223374345,0.016100665564808592,0.03653406837463212
IL1F10-15,6047.69527846629,-0.013943123045105189,0.04207741103818944,-0.33136836846854517,0.7403662547838321,0.8090722432277717
LUZP4-9,4346.642834230653,0.18580259853940834,0.054878792546016325,3.385690353584425,7.099944842071087e-4,0.0021362389106319613
HTR3D-3,7124.275824495993,0.02371608856068493,0.04028687787736137,0.5886802306418448,0.556075802041734,0.6548271944732833
TAAR8-6,4877.3980517551045,0.021200798912103296,0.05641065843183612,0.37582966590828404,0.7070435317137549,0.7828124057445934
KRT9-10,7954.9314734783675,0.13544956388460205,0.035080085259305456,3.861152642115437,1.1285336876331575e-4,3.853942543267233e-4
RPL27-10,4726.10213876089,0.032432460635874245,0.0488529158004615,0.6638797317307285,0.506767289527323,0.6158755493721737
POU4F2-8,3821.8705381214468,0.07703560910901623,0.06739851679046985,1.1429867121335386,0.2530441081075497,0.3563487130669205
ADH7-2,8504.037288390153,0.03704962386169499,0.03445739640938844,1.0752299280394921,0.2822717993804034,0.3855832779536311
IL22-6,7275.099340544209,0.08368843463519485,0.03746990135448691,2.2334842529595664,0.025517027621004586,0.05412462691039171
TAS2R13-8,8516.184335738939,0.06376457963514263,0.04292722977722776,1.485411007559793,0.13743498153200345,0.21931797286532326
SAGE1-17,4051.038765210688,0.1376653062297495,0.05871091179926292,2.344799322831805,0.019037322951324556,0.042491802535145985
OC90-10,8128.2213389533645,0.10976196212479628,0.04015517470641948,2.7334450149272786,0.006267558712543571,0.015509936958939347
KRT9-4,5973.345331268716,0.09632143436675084,0.04208535643523938,2.2887161360975883,0.02209585086074371,0.048525614591279596
DMRTB1-10,6913.07716815353,0.07347602677457127,0.0410293373622383,1.7908168032515084,0.07332269788873552,0.13178790173159569
RPL9-20,8405.324404226822,0.06468444328434042,0.043369694023969674,1.4914664431017304,0.13583907506893284,0.21846084555013492
KRT74-5,7431.487570902542,0.0688814445451275,0.04207031460215071,1.6372933075619587,0.10156919861666895,0.1743009111939319
CRYGB-11,6919.1664250153335,0.054261914062556184,0.05801472691397916,0.9353127550356752,0.34962714385637955,0.4592218062575139
NUP133-1,4741.579113398824,0.09186481746404895,0.045138198833296984,2.035190145785863,0.04183174420542472,0.0816316608351574
RPL11-11,4602.132943490091,0.1201224728963101,0.04699256703065935,2.5562015545551837,0.010582180363842833,0.024922859270705706
OR12D2-7,8921.082612521453,0.049239823815046484,0.03677022135458116,1.339122311509059,0.18053085815800213,0.27279331000423773
HTR3D-11,5719.102236815709,0.06537664887602704,0.04823025892534912,1.3555110491365416,0.17525479069616887,0.26659024954450633
SAGE1-21,6838.3517278295085,0.06424760572998021,0.04317652251495155,1.4880217763654306,0.1367451508393495,0.21880432899728525
SAGE1-5,4423.95329334466,0.08622505615877603,0.056978980233538416,1.5132783318579484,0.1302089742564761,0.2122499508763083
IL22-12,6538.847120456021,0.10096327605121021,0.03476270828647702,2.9043558752436374,0.0036800959408799442,0.009557055238102668
FCRL4-10,14822.789306877883,0.07312173709022478,0.024678673088779288,2.962952539108402,0.003047035466729962,0.00806637683634327
MRGPRD-5,4567.781479568938,0.1710837701733787,0.046626179544456435,3.669264174008859,2.4324961349126808e-4,0.00079114040959302905
RPS7-3,5098.059679031639,0.13127898976048363,0.042953689221974165,3.0562913719020948,0.0022409337120693667,0.006196589981147277
PSMA3-24,5085.061211619568,0.020146658244378376,0.049299349923654756,0.4086597140850255,0.6827894020301586,0.7632490369666093
DMRTC2-1,9258.41250819607,0.08319662145769266,0.039199121090584856,2.122410379187697,0.03380329135645503,0.06871323808469877
PSMB2-6,2292.340493278206,0.27912476605824454,0.0804212205065317,3.470785003015149,5.189393159290251e-4,0.0016037807818078016
KRT25-3,12035.276023528788,0.09865173254144759,0.026744144379954024,3.6887227028056144,2.2538269659588833e-4,7.400787585336141e-4
PSMC4-1,6640.754127150655,0.06002445599354305,0.04348611448688404,1.3803131574711551,0.16749024555058878,0.2576482831330003
RPL35A-12,5971.250033238472,0.11837466106380959,0.04288127697845312,2.760520894079022,0.0057709266431292565,0.014490966534034127
PSMA3-14,6825.102576960355,0.02791463017780601,0.04185077347472928,0.6670039251403963,0.5047696262259332,0.6158755493721737
KRT9-17,3426.8070294178924,0.23389947069413436,0.058944000030960744,3.9681641994312744,7.242842461716034e-5,2.5110971580467265e-4
OR9Q2-5,4840.103445389046,0.09148070380589135,0.04615233419934136,1.9821468489712244,0.047462807414084755,0.09157372164920873
TPH2-14,5095.268643802479,0.14902621637900937,0.04562653937810584,3.2662178287078345,0.0010899437219625363,0.0032366589656539664
RPS3A-6,9531.666771138842,0.09954660633154161,0.037002558179977635,2.690262815001992,0.007139576710212802,0.017604082646481386
RPS24-12,3463.487614818552,0.17592741953483862,0.06276938233127446,2.802758494680676,0.005066759467155403,0.01286467180694104
OR12D2-8,10786.906075525889,0.12232828706470038,0.030513462558395054,4.008993958997441,6.097797628674878e-5,2.1248958063188478e-4
COPZ1-18,14450.359650612552,0.04504258663479173,0.023164556346854024,1.9444614418833435,0.05183983079966081,0.09807923666528624
IL22-7,3856.167984245472,0.06509387532822741,0.06219493372983333,1.0466105746006051,0.29527922276529395,0.3977824638041337
KRT9-3,3045.925390349405,0.19575497662167282,0.07136837544959541,2.7428812185857674,0.006090271134299378,0.015196500429567373
TAS2R9-7,7124.3700384495805,0.07403316603691089,0.04311029074410905,1.7172968393173595,0.0859249492543582,0.15086565640289626
RPS19-19,8182.685661667832,0.10303985981921435,0.03556792813707579,2.896987966859004,0.003767642062939056,0.00971056426032972
TAAR1-17,5370.556946645714,0.03718023424971674,0.049847861623647426,0.7458742068100818,0.45574340769915844,0.5690543829223496
OLIG2-20,9319.788818867413,0.10864161505485687,0.02983883453011257,3.64094699962958,2.7163705625134064e-4,8.792801394296951e-4
PSMC2-36,7854.203631561304,0.08019521521212863,0.03632008597161523,2.2080128134829464,0.027243379959893798,0.05707738807548302
PSMD11-14,6802.669956745081,0.10957395051917532,0.05140205589830247,2.1317036566779413,0.03303121603004226,0.0675458699057451
RPL3-6,8424.613977253088,0.07893282487908392,0.03936975603352086,2.0049101856734293,0.04497264960551744,0.08726227181979662
MAGEB3-4,8567.468129776229,0.13141653114222848,0.042443186432227824,3.0962927666156963,0.001959567809664358,0.005530515760333705
RPL30-13,8403.69744194658,0.09373088082109077,0.034868547118619544,2.6881212028200387,0.007185530999363499,0.017653660692680824
FCRL4-2,6831.249768187925,0.10638644560498335,0.038807988651398666,2.741354275291696,0.006118649514101066,0.015196500429567373
RPS3A-9,11799.337142147462,0.1183602486096903,0.03933933131284193,3.0087000632634746,0.0026236799500433355,0.007139336278404773
COPS2-11,6729.710121196924,0.10724103171003334,0.04863073902544771,2.2052108164327047,0.027439304529514486,0.05731206420079019
TAAR8-1,4070.45012119113,0.23478076718174826,0.07407455366071945,3.1695198361518946,0.0015269103547383752,0.0044189820859589415
TAAR8-9,6664.782660335316,0.19141988939127036,0.043528279983123426,4.397598284735504,1.0945532409081316e-5,3.853504451238422e-5
DEFB129-5,9264.495432135258,0.11085974563617426,0.04042296015133436,2.742494493751586,0.006097447217845735,0.015196500429567373
ABCG8-7,5695.611350523339,0.1873601703751477,0.04204841449561832,4.455820097442001,8.357309478242727e-6,2.957534908621649e-5
DMRTB1-2,8138.899544666884,0.11282689059892785,0.03878403921358607,2.9091062428434356,0.0036246365969783505,0.009448957235634402
COPS8-34,6087.9628319838675,0.21057018810658482,0.04183588227858971,5.0332436329267525,4.822495993156714e-7,1.798156634178561e-6
DEFB129-6,5906.065143182428,0.1590136593049028,0.04258706770559144,3.7338485101669776,1.885759459688091e-4,6.31906221221026e-4
PSMC2-12,9156.87604916534,0.08842088561593614,0.03799718739744387,2.327037648630918,0.01996326154615534,0.044309475967146086
RPL27-2,3702.339377756975,0.2378001219852546,0.0642471113969434,3.701335621395238,2.1446757515098712e-4,7.128802601176156e-4
POLR2A-5,10037.00958554866,0.18802608295427312,0.030917984644008224,6.08144693514853,1.1910278501721362e-9,4.595887128065362e-9
CABP5-2,3835.3978293502755,0.5897435990819033,0.05786811402384233,10.191166742343153,2.171423296342608e-24,9.693347133346414e-24
DMRTC2-8,3040.3735413768536,0.6425715672056284,0.06969184015237143,9.220183680051148,2.965917131073135e-20,1.282102152229716e-19
MAGEB3-7,6874.92191505926,0.29784414094962464,0.03899212819464944,7.638571033178313,2.1964576659835688e-14,8.929646344445104e-14
OLIG2-4,4644.186617942651,0.31874087757077707,0.04518166007519404,7.054651755608566,1.7303351836955214e-12,6.831323297480007e-12
RPS3A-25,14061.56876276834,0.08057447577016313,0.02578192836819795,3.125230767049678,0.0017766562259230918,0.005056067509606132
