sgRNA,logFC,logCPM,PValue
RPS24-5,-2.823412749032915,10.344718892525156,0
RPL11-5,-3.045953941084838,10.401195639041559,0
PSMA3-5,-2.7263011721732657,10.10612723901435,9.04486281903595e-183
PSMA3-3,-2.809664977193561,10.251335467919672,0
RPL34-28,-4.132340636883022,9.990267212131116,3.310766930972803e-281
RPS8-20,-2.4321020625871013,10.470457390937138,5.976288354109354e-204
RPL30-17,-2.5515280826443845,10.43756591723249,3.634298338778647e-197
COPZ1-5,-2.2419367762977163,10.514611472927427,0
POLR2D-2,-2.051040313443735,10.645953043172035,4.9349264855903805e-203
COPZ1-11,-2.6702097927401516,10.195877640827755,7.329153563744322e-234
PSMC2-6,-2.4537981320811975,10.325555303867585,4.0170313564719706e-251
RPS7-11,-2.4723729578035583,10.166906046747277,4.540407829124994e-261
RPL30-1,-2.7148020115614155,10.033300536256942,0
POLR2D-7,-3.3204423119021813,9.930704047959463,2.747234317260158e-246
RPS24-20,-1.7882885033119962,10.58611060900753,1.6693835582991756e-55
PSMD1-9,-2.8082720029003148,10.023230785658292,1.331126126721272e-292
PSMD1-1,-1.4942150606195697,10.532248183553618,1.2585888214879086e-164
RPS8-11,-2.226612457761221,10.236437872779065,9.163526134350583e-230
RPL34-15,-2.336846562539269,10.125782835699667,1.6046084622295032e-151
RPL11-2,-2.871689060432611,10.081437561243877,1.3225424344446449e-279
POLA1-22,-2.0713543622827153,10.377571416840059,3.91185598016688e-176
RPL6-18,-2.5042555663237698,9.779325762462241,6.990271115034352e-82
PSMD11-6,-2.407273372402009,10.144698641286002,9.204503533648369e-260
RPL36-9,-1.7561430736724062,10.335331232665288,2.776686126952787e-171
RPL34-17,-3.603499979682246,9.430308046265537,6.652322469600126e-185
NUP205-3,-3.065594849893811,9.864983910187268,3.299942254e-314
RPL6-13,-2.3489638245212436,9.833611413657385,7.947160703909213e-133
RPL30-15,-2.774865001099171,9.789965750188287,1.2359692029736479e-192
RPL6-15,-2.711560713313461,9.830481502490276,6.19864247198264e-230
PSMC1-1,-3.03882899469757,9.655096524414327,1.6223115551565083e-254
RPL36-7,-1.9287735474047225,10.092214949110936,5.1926270990473314e-132
PSMD1-24,-2.454454569409116,9.99397874815844,2.4774748579975506e-186
RPS8-18,-2.3178830168634916,9.94794951559503,1.2791520487339796e-124
RPL36-27,-3.5999442048586014,9.392038747021735,1.8856812913423343e-87
RPL11-1,-2.965100914249185,9.624091517815701,2.9487393882477108e-226
COPZ1-19,-3.2961604164680063,9.393312477499272,2.1941232330299486e-269
RPS19-8,-1.5768584202995464,10.604366467656705,5.360256027560398e-129
NUP93-12,-2.813855874049195,9.514695684075814,4.103345049764052e-142
RPS24-7,-2.24664930529906,9.907511864231456,2.2788661355558365e-161
RPL9-1,-1.841706620635544,10.284547619345522,2.1241895526345066e-142
NUP93-5,-3.1611676831547997,9.536773195433927,8.48232266391091e-227
NUP93-9,-3.8898589887344936,9.172929621428374,1.027333461075924e-133
POLR2A-2,-2.0401725915992426,9.902682331443895,1.1277754617088313e-148
COPB1-14,-3.0415249830303055,9.418133138013758,7.069404056931635e-125
RPS7-20,-2.694202942935966,9.677054014955077,4.677997300758171e-181
COPZ1-6,-2.7891547251134523,9.342591651222106,3.194963627649027e-152
POLA1-3,-2.359551435506545,9.754774591450932,9.762744748128352e-125
RPS8-13,-2.6844518461114535,9.342234949332942,3.158983319106661e-195
RPL6-2,-2.787607465285549,9.413456166510908,3.9809493216196603e-109
POLR2A-6,-3.097902740112778,9.366472971185477,1.7895234757332829e-221
POLR2D-6,-2.697623835076337,9.428197161207642,2.2981024412388038e-163
POLA1-26,-1.6633815266876195,10.208408823277749,8.715228217885106e-153
RPL11-8,-1.9624457961092998,9.684239127894724,8.943710968105124e-109
POLR2D-12,-1.4866126231121972,10.440333521463792,5.932637030290833e-155
PSMA3-2,-2.603041109159988,9.53838133608371,1.8794241395893541e-110
COPZ1-14,-1.9126243995372392,9.697103267826517,4.7615014990705143e-129
PSMD1-7,-1.8605262366866897,10.025044732422108,1.7519655607135307e-129
RPS7-14,-3.066203175198326,9.345954167047644,4.625574942530977e-175
RPL11-7,-1.7067894188663593,10.010396890266586,1.381190150092473e-56
RPL34-25,-3.078968850296508,9.029140716617281,6.244159314340028e-162
COPZ1-9,-1.4612485758370173,10.321505840986683,1.6410471258650424e-142
RPS24-16,-1.7369235705784476,10.090015707720298,4.328102151505736e-65
RPL6-10,-1.9723128843733064,9.73381093037781,7.329932139498954e-121
PSMA3-1,-1.9929685166360545,9.906070856425034,5.3554386962139135e-99
RPL5-24,-1.4356639007880732,10.203757217269304,3.0487758538811802e-108
PSMC2-1,-1.9330851244481868,9.870845499653807,1.9138560769173608e-69
COPZ1-1,-2.4022337385860446,9.275015741756123,1.3488884767055019e-42
COPZ1-8,-1.0871560782629457,10.541791861477554,1.6269588212748255e-59
RPL11-10,-3.1386649696744673,9.116698448956624,2.5330725709122414e-142
NUP93-2,-2.7263662051994793,9.210041199710043,2.9290250937661383e-33
PSMD7-25,-1.7539422682852377,9.851695329026198,3.153964283527529e-107
NUP205-4,-2.8325045513159512,8.871455945627517,1.9189551469941736e-51
RPS27-6,-1.4162060608930107,10.173817993107596,7.026939326985978e-70
RPL11-9,-2.098095835225003,9.62315336712126,1.653028076572819e-118
RPL36-38,-1.9238345773844496,9.59433784015662,1.4239785979807868e-118
NUP205-11,-1.8315366098852575,9.544527324281217,2.5870054818066918e-70
RPS11-8,-1.2850935288618917,9.996638277349975,1.0159293877647621e-58
RPS27-1,-1.264685319917393,10.299890818637742,2.216717524962982e-99
RPL6-3,-1.4626196590324403,9.94956741239459,1.3110216785791685e-72
RPL3-13,-2.0707095354945686,9.457817929990476,3.9066647167063495e-99
RPL36-26,-1.5796456663877754,10.069099560262647,2.743870352690813e-81
RPL34-13,-2.060159494383833,9.51074807078899,4.210964044879073e-89
RPL27-20,-1.3208848586767745,9.843787314288022,5.533102089855622e-36
PSMD11-20,-1.7700063798595806,9.598200475947468,3.164539178559427e-62
PSMD1-27,-1.3886744607553156,10.037224510696381,1.2359144560319072e-85
COPB1-6,-1.0208406947206419,10.203933197566528,1.1505903061193235e-40
NUP133-6,-1.5232651661254228,9.94175617406763,3.837472620609241e-101
RPS8-7,-2.4667651854123456,8.989054385888288,1.5973471044761662e-97
NUP133-4,-1.428260561796874,9.348816383010526,1.6259080746753246e-48
RPS24-19,-1.7058519615099532,9.609856225354047,8.424439674540534e-61
RPL27-15,-1.2515181173997758,10.158026453894522,4.891642988482511e-44
NUP93-13,-1.8349912347825958,9.434866405109098,8.722392995198567e-64
PSMC2-40,-1.3986964697970905,9.937392130783353,2.3882402176658593e-73
POLA1-13,-1.8062383853109387,9.59856034710228,2.906374781467449e-101
PSMD7-2,-1.3289667514910053,9.888406710385658,2.2314528248084654e-54
RPL36-34,-2.082493997109273,9.098102564908732,5.370691877295824e-102
PSMA3-12,-1.2524885948397073,10.200226288017152,3.7792164272614907e-75
RPL11-15,-1.049109427279807,9.94837842806771,2.6089722938522834e-45
RPS7-19,-1.3012323263635592,10.009598224326455,6.351434161990498e-62
RPS19-32,-1.5695443935529854,9.615193981206643,2.271141059575844e-59
PSMD6-23,-2.22877925061643,9.145834802722113,1.3245368912119231e-62
RPS24-8,-1.7242464427333195,9.63689251882936,2.892504617609494e-83
PSMD7-9,-1.4503086348705196,9.838379645603943,1.4137428932412154e-70
RPS3A-19,-1.321499738301648,9.658359580553878,1.6090954052702533e-61
RPL5-10,-1.5080808512544683,9.603980864774698,3.2741843496353877e-44
NUP205-2,-1.245184939166717,9.982691360800569,2.2961612334843717e-40
PSMD1-5,-1.7392563368692378,8.642032011583323,1.209814922014911e-61
RPL11-14,-1.2170294315870702,9.430415308478526,3.0810199026014025e-34
PSMD11-9,-1.7614472234986644,9.262407495208727,6.291525758519449e-43
COPS4-20,-1.0615371935621827,10.195991806738949,2.898263140163273e-37
RPS11-4,-2.5682463421516855,8.507701777270807,4.680262431692992e-106
NUP54-6,-1.7681360218204367,9.014811517095485,3.331373381683885e-54
COPB1-1,-1.7106685899196703,9.241396000753717,1.570454876258827e-71
RPS24-11,-1.2033849116041033,9.705369189887453,4.2214332372283986e-52
COPA-6,-1.2404945745897322,9.482822697726789,3.415562315151947e-19
RPL3-15,-1.2470580676294467,9.755580256417664,2.4672534858621223e-31
RPL35A-9,-0.6249591516665932,10.894207407475921,5.167218851821125e-42
COPZ1-15,-0.7993983642334102,10.523895956861892,4.803475204899055e-56
RPL9-22,-0.920834187357028,9.624131704221323,1.86735991736888e-17
POLR2A-11,-2.1312867505085684,8.689287621395895,2.530298733677816e-83
RPL34-10,-2.290317608977196,8.31140881379089,1.3959691378791336e-78
RPL18A-12,-1.5568506744809085,8.896492193529633,1.0346963095441381e-32
RPS24-18,-0.6391646144671417,10.853014314749236,1.1173507116818599e-25
POLR2F-3,-0.9941024417413427,9.645496012967962,6.450765923997602e-33
PSMD6-3,-0.6567141157363537,10.26899585740083,2.939962070155617e-20
RPS24-4,-0.8816788429142329,9.698443206314241,1.1759590461293407e-23
RPS19-10,-0.9482913686484628,9.66935961779235,1.5849643849706662e-31
RPS7-15,-0.866947460023803,9.628702197513963,5.637657664195146e-24
NUP54-26,-0.8893861313709993,9.655329152892676,2.8139799401240734e-28
NUP93-6,-0.9656412580121615,9.221260216753649,5.1782366356786336e-30
PSMD7-24,-0.7849281539076252,10.224661439053786,9.484462217706338e-27
COPS4-16,-0.3122449337456989,11.086774989020926,2.364895980696529e-11
PSMC2-32,-1.0628045607883532,9.363881578806609,3.5997151502104385e-19
PSMB3-14,-0.5895280735391396,10.467372988504513,6.351231577103486e-18
RPS8-15,-0.6281159619356356,9.075101447755042,1.166476056246406e-10
NUP54-11,-0.8635322058564988,9.637909945531508,2.6745076467693593e-20
RPL5-7,-0.5645314997202451,10.186141356896638,1.008159026627754e-16
RPS27-9,-0.50603919383079,10.819392741869036,1.300223584947884e-14
PSMD6-13,-0.7021714988679324,10.159044087053877,1.2382979446744314e-17
RPS11-10,-3.1356363923716937,7.402573465670827,8.699964553697306e-43
POLR2D-14,-0.8346635837042771,9.485779077478313,5.639311748376711e-25
NUP98-4,-0.4283426801005875,10.443721203309515,3.368924589696335e-12
RPL34-7,-0.33867183178487686,10.826784953105461,1.1401410896451667e-12
COPA-8,-0.7835953392712212,9.70937691929722,7.325886345239224e-17
POLA1-24,-0.5293610989760216,10.348928575962915,3.5815611698842445e-17
RPS24-10,-0.5532442588077712,9.994489543316098,3.371888258037959e-10
RPS8-12,-0.5039629313315764,10.356580865307697,6.396673233639123e-14
RPS7-18,-0.6388852986119713,9.633764606402531,1.0254376506858266e-12
RPL18A-5,-0.6694468228708005,9.202104910283659,2.8280508882048255e-13
NUP54-2,-0.41164187788906487,9.827704324709066,5.656001946438073e-7
RPL35A-14,-0.44961325734799285,9.916924070460707,5.3814068186168347e-11
RPS19-1,-0.5723938816956726,9.604794879251395,4.0658447076983033e-13
POLA1-18,-0.4816402182320513,10.127692965515168,1.2642255015419983e-11
NUP54-12,-0.2036287301234824,10.609152721836253,0.004682994575274913
PSMD1-2,-0.9701853664657151,8.902423317937973,2.3646615661704516e-15
RPL3-24,-0.39383582547910706,10.369175607390623,4.796418208071996e-8
PSMC1-7,-0.5181865325632548,9.844173883871933,2.3312397969895773e-11
RPTN-10,0.29543382542176055,11.200061710630338,5.8157630702082394e-8
RPS24-1,-0.2544311120141363,10.277271447767813,2.7922760481204452e-5
POLR2F-4,-0.13069993650003,10.429494866986673,0.03816937436385304
NUP133-11,-0.3378139543468739,9.923654435205396,8.313173943591887e-7
RPL3-20,-0.27997890732438674,10.511104912816913,1.9477775602565765e-7
POLR2A-7,-0.5601999216556851,9.439824036623898,1.5004614702356993e-7
RPS19-6,-0.30552072382867873,10.58292970426755,2.7292882796225367e-8
DMRTC2-13,-0.029997271257818422,8.905459086318684,0.7698203810938434
RPL34-11,-0.1307821473052646,10.843663967581946,0.01941053432512619
RPTN-7,0.2650849915927708,10.251268321406878,3.554585287107359e-5
NUP98-8,-0.1851859024317721,10.71944728464718,5.2816023688118284e-5
RPS9-19,0.004231979015396682,11.10147673804407,0.9192607584422142
NUP133-9,-0.2053106415248013,10.450828963083312,9.62500417317272e-4
RPL34-9,-0.024912570366895922,11.175396390220545,0.5990348306994547
COPS2-8,-0.15916623641670222,9.898188799315305,0.11931285528008562
PSMD7-19,-0.10494008126859435,10.840723434721669,0.025756195797101363
PSMB3-2,-0.17886848563513696,10.98671499630707,3.1671131029516295e-4
RPS19-11,-0.3066709213863492,9.79767870236719,1.9684068944876757e-4
POLR2F-6,-0.17759718204496344,10.984137023748723,1.581293074837894e-4
NUP98-6,-0.21625387143491473,9.471858447263438,0.025704116196377226
POLR2F-13,-0.07217314847879436,10.033606382320162,0.3604658487953442
POLR2D-8,-0.06554370433528425,11.070032466431485,0.12906428743252646
NUP54-5,-0.08916304707980985,10.158626847592796,0.2180538519533534
CRYGB-9,0.28119111614630393,10.408629207714826,2.3272103372754635e-7
RPS7-7,-0.13850332837426999,10.671436093962125,0.007250161798915169
RPS7-13,-0.09830577417146305,9.708064665804748,0.31908154497924424
NUP205-20,-0.2951695822397105,9.002539976849235,0.010974089876524215
NUP54-7,-0.03869614629262742,10.622619307563506,0.47835003959838196
POLA1-1,-3.8327221461660983,3.2309232935342314,3.505678359461519e-22
RPL3-11,-0.13881055366000256,10.252296246998757,0.036034020016093876
RPTN-2,0.27185267085427445,10.276929704049987,1.3238153928427204e-4
NUP54-13,0.0628157046511567,11.055080018946127,0.16864881437141827
RPS19-9,-2.3621892275962155,1.1145165940130644,6.269934852026016e-4
RPTN-4,0.2113173179641166,10.573179836483652,6.189689413844049e-5
PSMD7-1,-0.19126813548532398,9.269940181284353,0.05462458601581689
RPL6-21,-0.012606879178294114,10.214545402863427,0.8499887111654079
COPA-11,-0.017182353063669647,9.921409463913548,0.8638221823942389
RPL6-1,0.05450552045526387,9.94341131147461,0.42393207849589576
COPA-10,-2.0244123650560515,3.110378790119136,7.261901589673333e-6
RPS24-13,-2.3047328138854377,1.823748447567079,0.0012637135165800635
RPS7-10,-2.3872366099974256,1.9688649224445058,1.0399414879092985e-4
RPS19-22,0.28336872208858244,9.691381974498041,0.006565590390374436
POU4F2-15,-0.052106797994769256,9.908238448069646,0.5026526512900606
RPS9-12,0.09337156541768266,11.084995133606723,0.05129481562748423
IL1F10-8,0.23945558620560453,10.37902754388566,1.3161015429525005e-4
RPL9-13,-0.026902103616370396,9.68535364048097,0.7531384669397085
RPS8-1,0.05072954303832906,10.125386580405975,0.4355083650304127
RPL9-17,0.288808294442895,10.83385724839366,9.83264847507004e-8
TAS2R9-6,-1.501709853090158,0.6634442405850298,0.03535661751242486
COPZ1-10,0.07353115683292824,11.562724675963223,0.12752753428434474
CRYGB-4,0.3064157836777432,9.65034549357049,0.0015883910873668045
CABP5-6,0.23504308490454723,9.844562405466695,0.007720449857469547
POLA1-8,-1.478081955883697,3.0438493438859644,0.011585690576029907
NPSR1-5,0.25124933616180567,10.479001343536517,1.3553723983225423e-5
PSMC2-19,0.17797588979896106,9.409769658764237,0.04835402408105388
RPS19-34,0.16279751452098112,9.614624858124282,0.04003204779707222
COPA-2,-0.020878720095267752,9.868961892532846,0.8388561449571512
PSMD6-25,0.06531523830595105,10.7664495187751,0.20643778886822212
RPS24-6,0.05936812481508236,9.89170708931321,0.4755612834524865
NLRP5-4,0.17330889225619095,9.760536867684069,0.03822566799154742
RPL35A-19,0.24752427972851193,10.900565667716766,1.2975123490016384e-7
VN1R2-10,0.08217315149387258,8.826878743850697,0.43194319372925255
RPS8-14,0.15522086136045812,10.44470588094286,0.015367709720170274
TAAR8-10,0.20277818101705758,10.436367512282406,4.726592912964044e-4
NUP54-1,0.07194158503217338,9.398122685465784,0.526423148446475
VN1R2-7,-0.8788446835607996,2.079411628274961,0.030262974124754705
TPH2-3,0.7221268819511139,2.8413930353972874,0.22306234844947503
RPL18A-14,0.2620766185930876,10.871019169683507,4.094058810706544e-8
COPS2-10,0.14891187150967625,3.0781792433787736,0.8098917766464487
RXFP2-10,0.3506742968415109,9.634227423500034,5.289396310266752e-5
TAAR1-5,0.23168621728011402,10.60015223809658,2.780746070387549e-4
COPS8-2,0.16176825543180784,10.166209291645865,0.09633262033579008
PSMC1-2,0.116793493982836,9.213970629410708,0.4005963568347908
ADH7-9,0.27358857430019357,10.736155116139608,4.9724083628055815e-9
RPL11-20,0.13626185302174146,10.988376963134838,0.0011669105935093564
PLA2G2E-2,0.2243131423307363,10.385607082069841,8.686709133180718e-5
POLA1-12,0.13610695685399496,9.796593864159894,0.10461692234437263
VN1R2-5,0.2722550048749559,9.920032015249651,8.960866272511146e-5
PSMD11-13,0.3341670990029184,9.98978191462744,1.3327918490756105e-5
RPS19-15,-0.5489827856625109,3.364745546250406,0.2652746175550586
NUP54-3,0.0711908705406839,9.791083214765498,0.5015807905075294
NLRP5-9,0.2165207413517249,10.72939778996258,9.756046203421027e-6
ADH7-10,0.13858891819543562,9.212166982854253,0.15647382154974487
COPZ1-13,-0.4770364495481477,1.7342595934478646,0.3154651392372801
PSMB2-9,-0.0372537479564477,3.1735298651261896,0.952885384796639
RPS7-32,0.03562512896657417,10.413156376346084,0.5706551392204638
POU4F2-13,0.2341672342983131,10.741031630948415,1.4971000196677502e-6
MRGPRD-10,0.211155743067061,10.683235149315848,3.915156128770521e-5
LUZP4-8,0.10739283331014036,9.836525079997227,0.2388887766946333
RPL11-19,0.2179277581716706,10.285279569635371,2.310126391237357e-4
CYP7A1-1,0.4300163057451325,4.0170488404187585,0.04904014262992652
FCRL4-14,0.2795371054923816,10.723907828602085,4.69841200829707e-7
OTUD6A-1,0.19212770113486322,9.861928792281399,0.007886756786007951
CYP7A1-7,0.2680297177970891,10.589935815180878,1.1202566163001362e-5
TRIM42-5,0.24310437350049952,11.426482389731222,8.699378839441351e-8
RPS8-8,0.22538294368925577,9.34825981818751,0.027273659533937084
HTR3D-8,0.22878722053397774,9.996791215294818,0.0048618257485315555
PIWIL3-2,0.31053584038507703,8.91914419142911,0.007211924832952475
NPHS2-1,0.07646654215477665,9.909212343949022,0.34173672640235087
COPS2-3,0.20019849900437495,10.43472531040986,0.0010100274118094918
RPL35A-6,0.41220010180532723,9.225542045081218,7.450062438452648e-6
IL1F10-1,0.29701125053521227,10.300401547122013,1.6272645379013784e-6
KRT77-10,0.27642643267110223,9.842366352170808,2.675571973646522e-4
RPS11-9,0.10133567320152954,8.73453756444719,0.3099475843963982
RPL9-12,0.2332251816429631,10.529666337098371,2.938426568169991e-5
COPS8-29,0.31669029351767075,10.28489441150365,4.2734666705881316e-7
OC90-13,0.37935693243898894,10.481931758317044,2.1049756911527547e-11
IL1F10-10,0.1643610305635177,10.128968136656031,0.014786444977551228
COPS6-14,0.09764247176001137,10.53160483960801,0.08936313549331976
POLR2F-16,0.38118469236758745,9.656333582347788,2.2124194959063837e-5
MAGEB3-1,0.19207266262423356,9.239067603719695,0.0328287239605533
RPS13-5,0.31792193422889437,10.553787571753036,1.3523892620151357e-8
RPS19-17,0.26778169775143007,9.859174913271596,6.136537343072708e-4
PLA2G2E-19,0.21917192769204905,9.891981772627895,0.01764812190200009
IL22-9,0.22404974996291382,10.49990475728748,2.540913802328013e-5
COPZ1-2,0.1850601469906421,10.31702613788363,0.009062738639268939
PIWIL3-5,0.135274028120863,10.486341710431185,0.009422059579357446
RXFP2-2,0.19662342430283414,10.203999092114323,0.003561091016001735
RPL11-22,0.2581774092502606,11.088205010300417,8.417286968746074e-7
RPS11-12,0.15290474442691174,9.123760395946055,0.09782098036815506
NPSR1-8,0.2675209871936713,10.543848621919503,1.4404999406371196e-5
RPS11-21,0.24756557471689,12.015011361214134,4.023076791212455e-10
PSMD11-3,0.2527584661060017,9.451601193404022,0.059644979595776686
IL1F10-18,0.3442281577709834,11.086806225475694,4.058634469453591e-16
TPH2-9,0.3609968414858615,3.156039320825636,0.37163532125039395
TAAR1-6,0.2570180017013122,9.728624269874372,8.85473736965886e-4
PSMD1-3,0.14647052497221197,10.846869930953558,0.0019974973311947405
SPATA16-6,0.29725646901566277,10.473262207036791,2.205053714619539e-7
OLIG2-1,0.27067252665981134,10.228853972416516,2.8266541975720935e-5
RPL36-13,0.2260656913315446,9.91927113175732,0.0023630164407291267
RPL35A-8,-0.5658417980790734,3.9848053303822257,0.2740033210115387
DEFB129-8,0.24604165040816964,10.662448440569065,4.644221153376215e-6
DMRTC2-4,0.18361561165196172,10.636658672987751,0.0015185186448467612
LHX5-13,0.23806332407444142,9.961203959192456,4.0843195004737525e-4
RPL9-7,0.1878825896923536,5.422894077864334,0.22830108599441135
COPS8-23,0.10018655970535831,10.688621252003232,0.041553580322838145
RPS9-38,0.26260642767203046,8.981071369157586,0.011073069472585616
NUP205-10,0.2156937124589963,11.016603002354223,1.3736080833578166e-6
IL1F10-2,0.36596902978091006,10.125937171030051,1.6896218890533446e-7
PLA2G2E-4,0.28457346265217287,10.58352950492529,7.4087989216135254e-9
COPA-4,0.20485459502755948,10.140203601942526,0.002090517503594109
IL22-8,0.17294554922139685,10.649534387347323,0.002039709223885721
TAS2R9-2,0.28864314694108245,10.547864772456249,2.9750583618192066e-7
TAAR1-10,0.28255232484223536,10.525677671086349,4.1085742790304886e-8
PIWIL3-7,0.3290781874952053,9.170268399256367,2.034601511302912e-4
NPSR1-1,0.3285742176960858,9.740607758674203,4.051490784667017e-5
PSMC4-22,0.18288802261441736,11.151227538178901,3.1335175177907334e-5
RPL3-1,0.20940425014401087,9.6116225582891,0.014901207702029151
SAGE1-2,0.24674349942644166,10.90820576920746,3.659007112125235e-8
RPL3-9,0.34461554199571803,10.791986364106695,1.8864747152965985e-14
PSMC4-12,0.2805660329461021,10.536425345131809,6.197621174433971e-8
VN1R2-4,0.2018825367878336,9.924853066372542,0.003126163949117654
RPL5-3,0.2652000198057076,10.331948772908198,7.561696901343893e-6
PSMB3-1,0.33695521235950754,10.664003078959349,7.778495335589126e-12
MAGEB3-8,0.25827683973585674,10.385853246374142,3.310437087802304e-5
OTUD6A-10,0.36483298711039064,9.51151087065264,1.1764116698595414e-4
RPS24-9,0.09355164104674121,10.933973229676756,0.04469576019011543
PSMC4-5,0.18574886951125652,9.850922370728645,0.04249323771311438
RPS19-3,0.2806267854461398,10.061713309973701,1.9544969662564234e-5
TGM6-8,0.29532008907961665,10.532052409890271,2.6140556240361083e-8
SPATA16-3,0.3532707672226414,11.022097316710964,2.772762251276611e-13
FCRL4-1,0.23549013653144513,10.753468702708199,6.516985836430945e-5
CYP7A1-8,0.24641705441542663,10.28578325256003,3.912331137694591e-5
RPS11-14,0.3093885092354709,10.604072693012698,2.1782105025265537e-6
RPS9-3,0.2580536621887254,11.140408882009488,6.300964171702552e-9
NPHS2-6,0.3167660414814126,10.798475033622243,1.2921865428446426e-9
RPL9-24,-0.0681858331411614,3.670588882236308,0.8205987076430848
DMRTB1-4,0.3036330677131004,10.751501235623179,9.056638670263876e-9
RPS24-14,0.15656428383967821,10.516645227934745,0.0037566795783083016
OLIG2-16,0.2913712113896986,9.082259822685963,0.006593566265646294
DEFB129-9,0.21468236587144254,10.661100424577661,1.289120742864712e-4
RPL18A-4,0.2963658196013546,10.871963834643298,4.929935204246914e-9
TAAR8-7,0.26210001769232394,10.346456072470824,5.380090668209829e-6
TGM6-5,0.36748199876306886,10.244543420273686,1.9957280025515942e-10
LUZP4-2,0.28520705167502497,10.378259859041314,1.8879220943841706e-6
NUP205-19,0.2163457836521936,10.37404195121043,3.030641891807294e-4
RXFP2-11,0.23013482333447793,11.006060239585787,1.4718312675047203e-6
PSMB2-14,0.30533992783913105,10.220859420439815,5.516093617138874e-7
IL22-3,0.2808967521588627,10.836515343964324,1.3387972482215405e-8
VN1R2-6,0.21804516770435053,10.1811107731347,0.0025021323225406862
OLIG2-6,0.2951779180782457,10.359858337435082,8.710885180025928e-6
MRGPRD-4,0.824866076006814,4.544354789462874,0.006113935725589907
PSMC1-6,0.3161347611765988,11.208401051905376,4.433720865201984e-13
RPTN-5,0.36977079941391655,9.980123640481557,1.2426464458892726e-6
RPS19-2,0.22416000187129523,11.427151758511718,7.75848522960239e-8
RPS3A-22,0.2645076758193239,9.637226728974992,0.0167429830765294
PSMC1-17,0.270183956119732,10.605305968124759,1.1836889679677947e-6
NUP133-10,0.28127405015957396,10.175462190129789,3.2190252516608265e-5
OTUD6A-9,0.26133930880905815,11.067429955975367,3.104672667699174e-6
NUP54-10,0.2844089682502727,10.957921149402665,5.435831544640317e-11
FCRL4-5,0.27646029549891127,11.369806186707715,2.435986383231408e-10
OLIG2-14,0.28619917557965713,9.791448780806826,2.9774091789198546e-4
TPH2-2,0.4248346128102785,10.130959982834533,2.731325145189906e-10
CYP7A1-3,0.29555531833335996,9.628522272303174,3.985231398827601e-4
CYP7A1-6,0.2509963724238354,10.29424793154546,7.581516005540733e-4
CRYGB-5,0.2962126167048566,10.751464162802833,1.5464594610551477e-10
COPS4-3,0.20228367721727378,9.975791615118414,0.006459873548675356
RPL6-8,0.3661079031286511,10.471591469125777,2.2391924916392793e-10
PSMC2-20,0.22352732222564206,10.822934431359641,3.3445671631415614e-6
PSMB2-3,0.24859982601040304,10.470002613518252,4.2340290168209404e-5
MAGEB3-3,0.3387350631138723,11.070115761595883,1.4645704726781497e-13
OR12D2-2,0.1541063431149171,10.772062103388789,0.005743965430603744
PSMC2-10,0.24172584218085294,10.298684171762163,4.466897623707061e-5
COPS8-25,0.28461741114727407,10.875581160438042,3.0971191385769275e-8
RPL9-15,0.6280219274721776,4.81632661920663,0.003908124508232331
PSMC1-24,0.23560186722061505,11.36974466378055,1.3490215940797821e-6
COPZ1-27,0.2580019842350183,10.900790598509358,7.324555757506998e-7
RPL36-28,0.3076074955048722,9.770131966020013,1.3937922344674545e-4
TAS2R13-10,0.029070915837650566,3.264278471081619,0.9545367954022356
PSMB2-5,0.2483348788556726,10.118382412917992,7.816408265450951e-4
PSMD6-21,0.24240167726632436,11.080766550972413,1.8282897984818956e-8
KRT25-5,0.17834066258754772,10.736871575956805,0.0014213789690251573
COPS8-38,0.2092630042473086,10.491528075088645,3.373309533792221e-4
KRT74-6,0.2178369295108849,11.575280462871852,4.545033931745359e-6
RXFP2-5,0.2892893581313489,10.3284383682171,3.6818060529348445e-7
RPS13-3,0.26660587665441415,11.197712879247494,1.98449541869986e-11
PSMC1-23,0.14058679888046302,10.844137872764728,0.014376548595364755
RPS9-36,0.2566119013072177,11.128404466522344,2.317330189155004e-9
RPS7-8,0.2717021191489757,10.73695351789089,2.295387582213266e-8
CYP7A1-9,0.2090831177369544,9.808273895353617,0.011028077354679974
CYP7A1-10,0.22579600487391838,10.218249879554012,0.0019325414169683074
OLIG2-17,0.31370424914059664,10.489393343962446,5.0407279718931214e-8
SAGE1-26,0.2307079602701054,9.975366405740516,0.001623298080025563
PIWIL3-1,0.15949414473865178,9.467345580680226,0.1020422752483484
RPL30-18,0.2454070146039966,11.085556094583213,3.2325144682204966e-9
OLIG2-8,0.3038405490771804,9.14044377095237,0.0010880232862986025
NPSR1-2,0.2673845340648725,10.864403916532112,3.4954496620323963e-7
COPB1-13,0.26400026010850414,10.370044236148255,2.0280426319346496e-5
RPL35A-10,0.23243494967117198,10.085212927899809,9.093023042081955e-4
RPL9-26,0.46547680891748067,4.290938982109212,0.2946196176262716
COPS8-33,0.3666980133176337,10.572815549996129,5.735317444609893e-10
KRT77-9,0.23811194099229727,10.429547980680777,1.0596396121250987e-5
OC90-7,0.4050036305701198,10.660765454155081,1.607192621325156e-11
OTUD6A-7,0.285458473401857,11.291604315069193,1.0425995392412899e-11
TAAR1-8,0.29358383091111917,9.74053574730288,0.00038347484475441753
RPS9-9,0.2860722183588318,10.168201827662465,1.7871325206975768e-5
DEFB129-2,0.19162053784488764,10.164451662101243,0.008323877733536914
PSMC1-5,0.3085633641717717,10.1753208777387,1.7678162213340603e-4
ABCG8-1,0.34608315531052336,10.502987715877126,6.392821944378026e-9
PSMC2-17,0.17719279188032822,11.217509988099494,1.1540525730413192e-4
SAGE1-9,0.24827066873665118,11.11257698345514,2.0864616286940867e-8
NUP133-17,0.34665906705537114,9.65497284013303,8.863813826098767e-6
MAGEB3-9,0.28423209858861304,11.101002419887594,7.052709554304597e-10
TPH2-4,0.2749492911927491,11.35037590758424,6.123020298467577e-11
NPHS2-2,0.24365167213701855,10.429539131795284,1.1288439978538179e-5
RPL27-4,0.2787584184752161,11.637430233905494,1.31799372044679e-12
MAGEB3-2,0.2624541137889822,11.096856107712814,1.2602188723906762e-8
SPATA16-9,0.31681502053398114,10.622563827536384,5.50498301177687e-10
OLIG2-2,0.2580740531827802,11.265586130584106,5.512788399228496e-10
NPHS2-4,0.2388831814892871,11.07144849699693,1.8327304446912463e-5
RPS9-18,0.3270054447189632,10.266557986507191,8.700405394895633e-6
RPS9-11,0.2579641581277094,11.283536921951521,1.18194706370208e-7
OLIG2-5,0.30197849938113536,10.31020833781183,8.153738196782779e-7
RNASE9-5,0.1882912659234817,10.342751101389396,0.011366538394601463
LYZL6-18,0.2798408327115167,10.425070058817827,3.6523291994648156e-5
HTR3D-12,0.26384179777677924,11.231122259475955,4.0611806409060885e-9
PSMC4-6,0.18255088107141446,10.668367233450828,0.0011542030188564137
ADH7-11,0.28985197415667674,9.349314433021984,0.006060549479993071
TPH2-5,0.8440813860105039,3.680741465826477,0.09315624486611336
RPL5-5,0.22847979946836774,9.051376759885336,0.057397587274013964
RPS9-26,0.24089377612248783,11.13755859827735,4.969970383603109e-9
PSMB3-8,0.25214033612395853,10.71727681557344,6.619116569470951e-8
RPS24-3,0.26561394322803084,10.729689381825951,3.114114480366967e-8
ADH7-8,0.2083702736659854,9.73509794892235,0.007731240109948539
TAS2R13-3,0.256697803694507,10.516812576784488,5.218436092633974e-7
ADH7-6,0.3121725531616015,10.161378104235878,1.0321629169696678e-5
TAAR1-3,0.2336243227086743,10.679709268325546,7.044033251694937e-6
SAGE1-25,0.2625664381045537,10.974008687663531,1.2102977532669105e-7
RPS9-30,0.19481737366627824,10.87419502319446,5.56303786301329e-4
RPS24-15,0.23447495025251294,10.78685022258375,7.895697882904362e-6
ABCG8-2,0.290739146429828,10.846032644710272,1.1094202415231836e-8
NUP54-19,0.33210416048539737,10.77302186303505,3.94886811955555e-12
RPL18A-16,0.20129481681045783,10.546927764807943,3.793357259628695e-4
RPS9-15,0.3646104997839424,10.994839887961563,5.625332720360423e-14
PSMD1-4,0.1727886136485803,9.8906098133068,0.03999092379325459
RPL27-16,0.44351662730379454,3.7094689483353243,0.24236358678470066
RPL30-8,0.2554787256002227,9.776663783250838,0.0010533978030753321
FAM71B-9,0.2169845157086348,11.022372570371353,1.5203181662342858e-5
RPS9-21,0.30843431956295647,11.194554711903441,5.535540005222899e-14
RPL36-22,0.28616171733529366,10.687858038881663,2.632732894810016e-9
TGM6-4,0.3176479101485754,11.09259179902652,3.9387129311930104e-13
PIWIL3-3,0.18688868018114577,10.700798986747241,0.0012337609182826682
OTUD6A-6,0.17072079891319966,9.604466877068797,0.09503015318288863
CABP5-9,0.37404149307964235,10.486056848748852,1.2046330457495314e-11
RPL27-17,0.3065696726508091,10.512221929818967,1.9105326635865404e-9
TAS2R9-9,0.22359471588240168,11.392904662879914,7.838431255642348e-7
CABP5-10,0.26167526195667373,10.656535512498706,8.956459001991735e-7
COPS6-17,0.3045128796293498,10.865890783644051,4.472902383720559e-10
POLR2F-11,0.29516000572994605,10.458219324244522,2.1708052857002223e-6
PSMC2-39,0.17818850117784849,11.070969945912655,3.8880328949004826e-4
RPS3A-1,0.21078793559115203,10.53419654540668,5.587822865700598e-5
PSMC1-10,0.20312203474754487,9.964040924341274,0.005745239633887665
RPS9-24,0.3012379867951267,10.479507904113046,9.79927350406353e-9
OC90-9,0.29436763560991286,11.177367955677353,5.688207256597763e-11
OLIG2-18,0.3086961404535896,11.198646313441513,2.5734466415971757e-9
NUP98-11,0.2238885738941891,10.921715068129972,3.36808121173051e-7
ABCG8-3,0.20895735862334452,10.899590913655901,2.803156956401016e-6
COPS8-37,0.2763223581645236,10.662507147665623,2.6041475506233054e-6
RPL3-2,0.24013000753394215,10.916399442554432,9.714651412397247e-8
IL1F10-20,0.20047034701885696,10.953994065183581,3.8395983161108956e-5
HTR3D-6,0.333041140148208,10.152463214425124,2.1248295874750988e-7
OC90-2,0.26328938424434195,11.672828898485847,4.6186293149325934e-10
KRT77-5,0.24879767110403092,10.056831173729561,1.7603394735325205e-4
DEFB129-1,0.3187340784171282,10.753612525540724,8.999833551045946e-10
SPATA16-8,0.2391045662656626,10.884290092491936,3.72742690000934e-7
LYZL6-21,0.29636022634148534,10.651933359844744,2.2255929691077705e-9
RPL35A-5,0.20692279730897584,10.279376659783185,6.586686755971441e-4
LHX5-1,0.3752627539046141,10.89828699855629,5.533650656011839e-9
RXFP2-9,0.22971740895216292,11.245972706410802,5.994413646161861e-8
RPL18A-25,0.3085439931748851,10.142739140413312,2.302838257945613e-5
NPHS2-13,0.4376105676175853,10.24960753241334,9.036398449379364e-13
RPL27-12,0.36497103087770005,10.71141848190218,4.5945684509841086e-10
IL1F10-6,0.2769207090626856,10.691982358481852,1.0987947863108977e-4
IL1F10-17,0.3013919066224396,10.718449728214079,3.605299375332928e-10
COPS2-9,0.24461521709171122,11.000274646364458,2.0082694951225135e-4
TAS2R9-5,0.2453556990646332,9.976321171349928,0.0037012150754104577
KRT9-6,0.23991124744011955,10.468976486443767,1.7344822898476643e-5
NPSR1-14,0.262332960693404,10.64508740909723,1.182770875751914e-6
TPH2-1,0.28132320905846225,11.234185883713696,3.153231189237619e-12
RPS8-2,0.1946533184881375,9.83405513312694,0.008213084607958571
LYZL6-14,0.31590102624693983,9.597346612590753,5.932151439112298e-5
PSMB3-3,0.19639784620768297,10.982879434454897,2.7512784126363113e-6
RPL5-2,0.25358506779947565,10.125704718841309,1.3904776100663377e-4
FCRL4-9,0.2507635092200147,11.146781971957093,3.236730284301303e-8
HTR3D-17,0.3198398509875739,10.573838651411426,1.843332918654614e-8
PSMD6-10,0.1651429377506824,8.79189329396757,0.11325378208650477
RPS7-2,0.2247814495062701,10.321443444527894,9.981561142090277e-4
POU4F2-1,0.27153424032933066,10.917595736669375,4.2928551874401725e-10
RPL35A-4,0.3137129389933198,11.936397900655608,3.0743316935762e-13
TAS2R9-8,0.32500627586835157,10.953994831135667,1.0828349533964278e-12
PSMD11-11,0.30099459728705125,9.81450887445493,9.820079887956916e-5
NPHS2-7,0.33360892633009764,10.464217255314155,5.7623813396523436e-8
MRGPRD-2,0.24159303808948088,10.85990291851906,6.970649695645522e-5
RPL36-23,0.2617620959760527,10.845110866513638,7.074844100258468e-5
COPS2-19,0.33525041697312596,10.77217162326812,7.947040362288717e-13
FAM71B-5,0.21236236946683,10.59052043083075,1.2184016144419913e-4
RPS8-6,0.2489198878150644,10.314150207764719,0.0010601676424299704
CRYGB-10,0.25111316303464204,11.122426559919104,2.3899460183641743e-9
VN1R2-3,0.18830636774945797,10.585767003399333,3.893962758120285e-4
ADH7-3,0.2623687662424428,11.008462655805086,2.2783813644073983e-7
RPS9-39,0.19634023731949782,10.075525919376593,0.009884885532680068
RPL30-16,0.21621544514045088,10.682320023100855,4.695816885347425e-5
PSMD1-12,0.25636094367010914,9.84258285936513,0.0012263426448613202
RPL3-16,0.3957941681809191,9.527288675860696,6.984336667980738e-5
KRT25-1,0.37813462984162005,10.224632457055849,2.1129691967692577e-9
PIWIL3-4,0.23137487000216872,10.899840707793759,6.191149055634053e-7
PSMD6-1,0.162838646137365,9.512769545581833,0.05741193152266141
DMRTB1-14,0.22678028224177146,10.422771843449167,3.8418778976173065e-4
PLA2G2E-3,0.2463168178830104,10.516900332427332,2.2548874314940536e-6
RPL11-3,0.28140541106487477,10.72889734024647,1.1215043894712251e-7
RNASE9-12,0.2655961143004234,11.702886239873811,2.596775738365127e-12
PSMD7-23,0.35386848170687724,10.836407239148635,2.0411600265212858e-8
FAM71B-1,0.28150272740203236,11.51624019572882,4.710184000772877e-10
RPL36-17,0.29862584532331166,10.296447753578557,2.4260590590350674e-6
LHX5-8,0.2746214535650753,10.90007115474889,1.7344187742220943e-7
RPS13-8,0.256045892768944,11.154139294566288,8.64445226839189e-9
PSMC4-10,0.23163226042518725,11.598257956958776,1.4748833731684021e-9
RPL9-19,0.22067242180541838,10.500339815457787,2.8885463187057746e-4
IL1F10-21,0.3564757069957857,10.830995805501566,3.6946107454985046e-13
NLRP5-6,0.4467434287616092,10.495967739767433,2.113998251915771e-16
OTUD6A-5,0.2490420742798715,11.185434537792808,1.1980912026564237e-8
TAAR8-8,0.28872418553770807,11.623098100867434,3.786260478508844e-12
COPS6-7,0.32993916090387604,11.071198707235713,2.8876250899102483e-12
SAGE1-11,0.22843550518584427,10.982157767975778,3.515641521026172e-7
TAAR1-9,0.3046085455908262,11.298393025664762,1.2033050435884608e-11
PSMC2-16,0.1955104355296639,10.937965322685976,2.3206512139941283e-5
COPS4-8,0.2825934775886165,10.835304877467642,3.36624372174438e-7
LUZP4-10,0.21386728994344037,10.876141036399135,1.0842515014055445e-05
OTUD6A-3,0.2561372928907136,11.434166191565659,1.6681521697140727e-6
RPL30-10,0.21272364855935777,10.747193619412124,9.36729095233522e-5
TRIM42-7,0.25131522651931665,11.078887481054633,1.7665202803133477e-7
ADH7-14,0.29190325531975087,11.119280693493232,1.2692259779861738e-11
FCRL4-8,0.22426307503017315,11.25445000385232,8.559915064479528e-7
DMRTB1-3,0.2623070853820275,9.913323319323421,1.8492859420928e-4
RPL36-32,0.21584640711907477,10.381859543229266,3.69674413903288e-4
DMRTB1-5,0.2648078309179409,11.190230638087924,4.1953668849022396e-8
SAGE1-18,0.20358933571198065,11.151583849619758,5.678959187499989e-6
KRT74-3,0.26522195210034605,10.74265406171644,1.15222549410989e-6
PSMC4-13,0.3297314038626585,10.4643785147331,8.141090505535318e-10
PSMB3-15,0.3349685259847482,11.076405136495906,1.2484009170171447e-15
NLRP5-1,0.22203889633109908,11.574043296916177,8.339967372212471e-8
TRIM42-13,0.30750770254866233,9.98400557754552,1.48251831067047e-4
POU4F2-9,0.26630728261854053,11.107156830995125,6.02367372602988e-10
PSMD7-5,0.18308728643544261,9.291602097178043,0.10850150861186592
LYZL6-3,0.31093860027646125,10.590193001918033,1.6262153099491675e-7
RPL36-5,0.2608777343906165,11.325802818370825,3.457329664963391e-11
RNASE9-8,0.3006718532155663,11.718656118422002,2.0310465956760314e-16
LYZL6-15,0.30515425805832314,10.99535284054564,2.532246226498469e-9
FAM71B-2,0.2967142256283932,11.673486453245236,1.072116205271102e-8
RPL18A-3,0.27714038691246656,10.67628621524364,3.8006164579876574e-8
RNASE9-4,0.32615391414878786,10.688843693627938,2.3495970264239706e-11
NPHS2-15,0.2610378702293005,10.178013163205637,2.3997278988350095e-4
RPL3-7,0.406271762492383,9.232332467892748,6.118182042585606e-4
PSMC4-3,0.24442311184790907,11.208828125124123,3.278428144213527e-8
COPS4-1,0.4546329803133921,9.644236974066299,6.783510518277699e-7
KRT77-7,0.27523430576452773,10.605819172338853,2.5194665199503206e-8
NPSR1-3,0.27576250220015053,10.52183616116434,1.108322800198449e-7
LHX5-9,0.37049507096180406,11.177403588970732,7.773181210588991e-13
PSMD11-24,0.3485044994479605,10.919591026663907,4.694961751589387e-12
ADH7-12,0.24008157760839463,11.49231830410052,2.917781138000963e-7
PIWIL3-8,0.3063319934689657,10.634926716955944,5.314025776989894e-7
RPL27-18,0.30742928026888744,11.077738087947811,2.045704224598599e-12
RPS27-10,0.24764265683122164,11.090193198215438,1.0521338759972536e-7
COPS8-24,0.30158842103763583,10.231132123164272,1.6940828258674137e-5
RPS11-11,0.24282411557208722,10.49312366696741,3.3130928034571434e-5
COPS8-32,0.3775124899083491,11.305519479913272,1.0457402262802897e-18
PSMB3-5,0.3617780159714351,10.364372507140144,1.9510962073489138e-11
FCRL4-7,0.2719685521700654,10.833579933955443,4.576881838037906e-6
IL22-4,0.3552599853235999,10.921059633703127,1.9046814890558853e-14
LUZP4-4,0.29315435682715335,11.110749225059564,2.6812007297522508e-11
DMRTB1-9,0.3225957258277233,10.43041974344827,4.559930179914269e-8
RPL5-12,0.20345222898729193,10.337217674132386,0.002814599974609254
RPL36-18,0.30977054768029866,11.38093357961596,5.976292785127351e-11
SAGE1-16,0.23369008977947422,10.828859919218338,1.0965041494591242e-5
SPATA16-2,0.4031702741874462,11.137511402781508,1.7528125970368746e-16
HTR3D-18,0.32914911772381683,11.247861864227716,4.2185070334450604e-17
PSMB2-22,0.31008202660254103,10.698582871433768,6.566672151361272e-9
VN1R2-1,0.35045680180864985,10.169471573274352,5.540346249268413e-6
TAS2R9-1,0.29566001479015963,10.88446749247052,1.739379310976299e-6
RPL30-24,0.23271314569224597,11.128948838029359,1.9735384713969108e-8
KRT74-9,0.3852923012367139,11.055999749768088,1.3757297208120285e-12
TAAR8-3,0.30698264532876196,10.079194878268787,6.338540284201283e-5
IL1F10-5,0.30832027089821984,11.12096614604481,6.371116397257562e-10
MAGEB3-10,0.28157978249104837,11.15439023388413,1.1120980990271873e-11
ABCG8-4,0.31503011025087996,10.613923681854567,1.4408410110481727e-6
CYP7A1-4,0.26517937978882156,11.364827870092167,3.0968297265027486e-8
LUZP4-7,0.3392382285666568,10.908447626872281,5.657113041145113e-12
RPL30-19,0.22285128904560486,11.888214887211298,6.557501916996748e-8
RPS19-4,0.3448865175763033,10.367759504029022,3.550826917940151e-7
SAGE1-28,0.34492431506140514,10.994171519160131,4.378709809374929e-15
VN1R2-9,0.4187874821587169,9.926926865740173,3.4208471721592188e-09
OR52E8-8,0.29129008013091556,11.140606690304974,8.482583995011736e-12
PSMC4-8,0.26791373488103876,10.856812388475264,1.2043386884968484e-8
PLA2G2E-18,0.28716276256624884,10.888244992919248,2.2674827493337107e-9
LHX5-7,0.3136481812426843,11.260223218162926,5.649837389352122e-12
MRGPRD-9,0.2285285730125934,10.669496634041824,4.785669671719533e-4
HTR3D-1,0.2852423512092435,10.588243100678131,1.3802108672250087e-5
TAS2R13-6,0.36331343608442374,10.373290831154721,1.1030890044729354e-9
PSMC2-24,0.20566544254533337,11.408076623158044,3.8456764317780093e-7
DMRTB1-6,0.26917081782331725,10.667550310487075,5.605127837351892e-8
PSMC1-9,0.28569207074695263,11.111338639105487,1.606063583730791e-5
RPL35A-11,0.30755247838568556,11.682926759681932,1.2365373341530872e-13
OLIG2-11,0.428656267967976,10.669458465030226,5.343828205077951e-18
RPL27-6,0.2618293567279772,11.56260858360624,1.6626892736212363e-9
FCRL4-6,0.31732502959174963,10.54870092786969,5.052777060127813e-9
NLRP5-3,0.27877525470932046,10.805113479251292,1.8548828666010602e-7
CRYGB-17,0.32058269898711295,11.369646174486794,9.240152619986605e-13
COPA-5,0.2872730572133038,11.033238273548845,6.4623342343843455e-9
RPS19-5,0.5701678438515707,9.746200666166315,1.488733946026861e-10
OC90-1,0.3016258406238965,11.667424216948442,1.5774346070176031e-12
LUZP4-6,0.2763418865947616,11.142417182996667,9.963348118531476e-13
RPL3-3,0.2423263374861809,10.120144453671404,7.18842137285706e-4
OTUD6A-4,0.30231473168649975,11.284485969193582,2.517476380831509e-13
RPL9-4,0.2246125885727558,10.461746294469494,1.1084792453660505e-4
COPA-3,0.34819943978888207,10.943946258971769,1.5826419330540616e-11
RXFP2-4,0.2843113122957395,11.523471673170151,2.643946903247114e-13
IL1F10-15,0.19172446799510537,10.912527298281901,6.68378520573127e-5
LUZP4-9,0.3915104020593716,10.443951865504802,2.3448727242003023e-10
HTR3D-3,0.2293520573213762,11.150169397346469,2.1376846348525848e-7
TAAR8-6,0.22681105895146864,10.603648198910268,3.348005213756309e-4
KRT9-10,0.3410120851582466,11.313213954349683,2.3842798107613245e-17
RPL27-10,0.23802105631060264,10.558758060484163,1.505862580490536e-5
POU4F2-8,0.2824621828344895,10.25409446754617,1.0181408861781686e-4
ADH7-2,0.24277590340789282,11.405975404451846,2.008116833439531e-9
IL22-6,0.28938658169431375,11.182623843359147,7.957814626123289e-12
TAS2R13-8,0.26943487457960164,11.408995018594181,3.4796632159842415e-8
SAGE1-17,0.3432296011759124,10.340631806378813,1.3643360380430647e-7
OC90-10,0.3153123384029418,11.343314966319985,2.4131963936803116e-12
KRT9-4,0.30192210392494667,10.898777047938959,6.568124740866304e-10
DMRTB1-10,0.2791426950317763,11.108589733408701,1.1936007656556565e-9
RPL9-20,0.2701564188979964,11.38993696807305,2.514936399810345e-8
KRT74-5,0.2744888050391098,11.212641369304928,3.255805139899088e-9
CRYGB-11,0.25997693463271665,11.109206458234144,6.401623918987151e-5
NUP133-1,0.2974502715293854,10.565647324193474,6.736110908945689e-9
RPL11-11,0.3258625541696916,10.523861056821811,7.876830100699925e-10
OR12D2-7,0.25482175498734344,11.47538757200465,1.9439997175743143e-9
HTR3D-11,0.27110165338264985,10.835033493781708,1.0266730783855656e-6
SAGE1-21,0.2699999132993336,11.092662866556104,2.5142246677867018e-8
SAGE1-5,0.29178436923173484,10.46542034966598,3.7371045467396672e-6
IL22-12,0.30662363844243595,11.029385848444162,8.281562020590043e-14
FCRL4-10,0.2788561501466352,12.208556839408987,3.8386000417455845e-13
MRGPRD-5,0.3768189562361392,10.514985185063699,1.0123537096248175e-12
RPS7-3,0.33691708846661433,10.671727673678996,4.150387882097691e-12
PSMA3-24,0.22589161320897327,10.664016398647938,4.42824398391627e-5
DMRTC2-1,0.2886964153737311,11.530049370581878,8.724631576111055e-11
PSMB2-6,0.4845261407234894,9.525503155088344,1.648456213838992e-7
KRT25-3,0.3043994951956856,11.9090522674129,3.6505868766225893e-16
PSMC4-1,0.265597636926308,11.05008306358934,3.5433671018036014e-8
RPL35A-12,0.32406566847380275,10.899161401852442,3.8237917550428974e-11
PSMA3-14,0.23365312241076797,11.088534172324826,8.697130069929603e-7
KRT9-17,0.43961498118579206,10.103211617439696,1.1465682565413672e-10
OR9Q2-5,0.2969830933883581,10.595206110072395,1.31334717054474e-8
TPH2-14,0.35469026816456367,10.671551816364149,4.947254950144533e-12
RPS3A-6,0.3050859908424696,11.5726241306783,7.54639553771713e-13
RPS24-12,0.3815189520716794,10.116150614115277,1.0110902141775585e-7
OR12D2-8,0.3278694573388967,11.751882908093316,1.1253359230645258e-17
COPZ1-18,0.2507318163554651,12.170817631406083,9.16662715483523e-12
IL22-7,0.27090255665330054,10.266850317273782,7.803771310560085e-5
KRT9-3,0.40118835802826397,9.93165835155523,1.9544209079898396e-7
TAS2R9-7,0.27961307957142223,11.1520405959017,2.1124497759516548e-9
RPS19-19,0.3086665983366878,11.352809433821498,1.0749309096765844e-13
TAAR1-17,0.2427064044658096,10.743139205597192,1.0230297450664111e-5
OLIG2-20,0.3142531037843036,11.54061647766632,1.604041657247802e-17
PSMC2-36,0.2859233883115752,11.292974542818412,7.408672125719589e-12
PSMD11-14,0.31534451245574474,11.086843145470542,3.677511581340695e-8
RPL3-6,0.2845116317530536,11.39388458014356,2.1649510671807314e-10
MAGEB3-4,0.3369516510352172,11.420039081576142,1.5476837792436372e-12
RPL30-13,0.2994084222585361,11.390947876625027,3.7630830385074503e-13
FCRL4-2,0.311976470280119,11.092574039153483,8.812991618485202e-13
RPS3A-9,0.3240261440141843,11.881226661263478,3.06475646100057e-11
COPS2-11,0.3128342393012798,11.07103354861347,5.553367071326228e-9
TAAR8-1,0.44017414461330345,10.35077055521959,5.658953807550107e-8
TAAR8-9,0.3971009535910722,11.060289035219752,4.321891107757378e-16
DEFB129-5,0.3164222049310003,11.532028879948712,6.782713331756706e-12
ABCG8-7,0.3930178189454995,10.833553496596153,1.7001319241906876e-15
DMRTB1-2,0.31840461373695533,11.345353899977015,2.6642026263597225e-13
COPS8-34,0.4162070499336426,10.930430629896682,5.833484434597857e-19
DEFB129-6,0.36461500933718927,10.884716623726582,8.291857385950302e-14
PSMC2-12,0.2939783612444658,11.51441176499303,1.29582580126404e-11
RPL27-2,0.4434817675991931,10.214740062119063,6.849777825942672e-10
POLR2A-5,0.39373177025922923,11.65048769544891,5.6134202663720146e-24
CABP5-2,0.7952671809349567,10.278596850841803,2.6467668450192408e-36
DMRTC2-8,0.8480387544220197,9.946040635114082,2.278443468476824e-29
MAGEB3-7,0.5034005612752059,11.108833367627646,2.3708343481881243e-31
OLIG2-4,0.5243099486639762,10.544219700415235,1.295026640975946e-24
RPS3A-25,0.2862019330905909,12.132746762096305,7.771229508463268e-14
