"Gene_ID","Well_ID","Score"
"RPS19","RPS19-10",9.71940298507463
"NUP93","NUP93-4",14.7986230636833
"PSMD11","PSMD11-2",9.27810650887574
"RPS3A","RPS3A-3",7.04739336492891
"PSMB3","PSMB3-3",15.4622222222222
"POLR2A","POLR2A-5",11.0351390922401
"RPS8","RPS8-8",10.4751879699248
"RPL36","RPL36-3",22.1541353383459
"RPS13","RPS13-4",29.0366492146597
"RPS11","RPS11-2",4.97052631578947
"NUP93","NUP93-7",6.11596505162828
"PSMC1","PSMC1-10",7.78190255220418
"RPS9","RPS9-10",7.77102803738318
"COPB1","COPB1-3",9.76076555023923
"PSMC1","PSMC1-6",5.72442748091603
"PSMC1","PSMC1-9",5.60463432295438
"RPL5","RPL5-6",6.83687258687259
"RPL11","RPL11-2",7.68335273573923
"PSMB2","PSMB2-1",9.48372093023256
"RPS11","RPS11-10",12.3333333333333
"PSMB2","PSMB2-13",9.77796901893287
"NUP93","NUP93-1",6.053494391717
"COPZ1","COPZ1-18",4.46681294569391
"RPS8","RPS8-7",12.2721088435374
"PSMC1","PSMC1-8",5.89102005231037
"PSMD6","PSMD6-7",8.76761619190405
"COPA","COPA-8",12.1235431235431
"RPL18A","RPL18A-6",11.1663286004057
"RPL5","RPL5-5",6.37524366471735
"POLR2F","POLR2F-2",6.25046382189239
"PSMB3","PSMB3-9",9.82142857142857
"POLR2D","POLR2D-9",12.6675191815857
"PSMB2","PSMB2-2",27.725
"PSMA3","PSMA3-6",9.48677248677249
"RPL34","RPL34-1",10.961145194274
"PSMB2","PSMB2-10",9.60644007155635
"RPS24","RPS24-7",5.31712626995646
"NUP93","NUP93-2",14.8821752265861
"PSMC4","PSMC4-5",3.14030612244898
"RPL27","RPL27-10",10.3613445378151
"RPL36","RPL36-1",10.7713625866051
"RPL9","RPL9-3",7.24444444444444
"RPS19","RPS19-2",6.49043869516311
"PSMC2","PSMC2-14",5.86653771760155
"NUP54","NUP54-18",11.4452736318408
"PSMB2","PSMB2-12",18.2649572649573
"COPS4","COPS4-9",4.30778164924506
"RPS11","RPS11-1",9.54081632653061
"POLR2F","POLR2F-1",3.57479706223425
"NUP133","NUP133-7",7.37315634218289
"RPL11","RPL11-8",31.2
"PSMB2","PSMB2-3",8.40590405904059
"RPL35A","RPL35A-5",5.70381836945304
"RPS13","RPS13-9",7.65993788819876
"PSMD6","PSMD6-18",6.24684270952928
"PSMD6","PSMD6-4",6.31572629051621
"RPL35A","RPL35A-4",19.4946808510638
"RPS19","RPS19-8",5.5162932790224
"POLR2D","POLR2D-2",7.48494453248811
"RPS13","RPS13-8",5.74553571428571
"COPZ1","COPZ1-17",3.3780487804878
"RPS8","RPS8-4",15.0549019607843
"RPL35A","RPL35A-1",14.2254545454545
"PSMD11","PSMD11-5",12.2536873156342
"RPL18A","RPL18A-8",6.64022662889518
"PSMD11","PSMD11-9",4.86440677966102
"POLR2A","POLR2A-2",14.0551181102362
"POLR2D","POLR2D-4",4.18920676202861
"COPS4","COPS4-6",4.38206896551724
"RPL34","RPL34-5",8.72978723404255
"RPL11","RPL11-7",3.82504012841091
"NUP54","NUP54-19",5.80071174377224
"RPL9","RPL9-7",12.6195286195286
"RPL3","RPL3-11",4.92173913043478
"RPS3A","RPS3A-1",9.70743405275779
"RPS24","RPS24-5",5.31453362255965
"COPZ1","COPZ1-11",5.5614849187935
"RPL30","RPL30-8",6.44608567208272
"POLA1","POLA1-3",13.2218045112782
"RPL36","RPL36-5",4.51217532467532
"RPS19","RPS19-3",22.3741496598639
"RPL18A","RPL18A-7",8.50752688172043
"RPL11","RPL11-9",10.0846994535519
"COPB1","COPB1-6",3.5067852129153
"NUP93","NUP93-10",10.5760233918129
"RPL9","RPL9-6",23.6201550387597
"PSMC1","PSMC1-4",5.36335078534031
"RPS13","RPS13-2",4.93780369290573
"RPS9","RPS9-8",8.21149897330596
"NUP98","NUP98-12",4.69043321299639
"COPS2","COPS2-4",3.42492639842983
"COPS4","COPS4-4",4.88985507246377
"PSMC2","PSMC2-2",6.40625
"RPS8","RPS8-5",5.62231182795699
"COPS4","COPS4-7",8.69064748201439
"RPL6","RPL6-2",2.4734721289456
"POLR2F","POLR2F-9",4.07811400422238
"RPS9","RPS9-4",10.0143266475645
"RPS13","RPS13-7",11.7020547945205
"RPS13","RPS13-6",4.53693693693694
"PSMD7","PSMD7-5",4.06
"PSMC2","PSMC2-11",4.46302816901408
"PSMC4","PSMC4-2",4.93762993762994
"PSMC4","PSMC4-3",8.30046948356808
"PSMB2","PSMB2-5",5.02341920374707
"PSMB2","PSMB2-18",5.98003072196621
"POLA1","POLA1-5",4.11020104244229
"PSMD6","PSMD6-1",5.75710594315245
"RPL30","RPL30-1",8.68009478672986
"PSMB2","PSMB2-4",10.8929765886288
"POLR2F","POLR2F-3",5.97329376854599
"PSMD7","PSMD7-7",10.5774193548387
"PSMC2","PSMC2-7",5.53191489361702
"RPL27","RPL27-2",6.26610169491525
"POLR2F","POLR2F-5",5.41198979591837
"RPS13","RPS13-5",4.31871083258729
"RPS9","RPS9-2",10.9388489208633
"COPB1","COPB1-1",5.34391534391534
"RPL34","RPL34-7",6.07298136645963
"POLR2D","POLR2D-1",5.24756097560976
"COPS2","COPS2-9",5.73942701227831
"NUP133","NUP133-6",6.69691470054446
"RPL35A","RPL35A-6",11.6627906976744
"PSMB2","PSMB2-15",6.27240143369176
"PSMD7","PSMD7-1",5.68840579710145
"COPS8","COPS8-10",4.28433268858801
"PSMD6","PSMD6-5",6.23352165725047
"COPS6","COPS6-8",4.21570319240725
"NUP98","NUP98-2",5.56194690265487
"RPS3A","RPS3A-4",3.27036599763872
"COPS4","COPS4-1",7.2847533632287
"PSMB2","PSMB2-6",3.10659395141299
"RPL5","RPL5-2",5.41732283464567
"PSMD7","PSMD7-2",5.46823204419889
"RPL18A","RPL18A-4",7.14967462039046
"PSMD6","PSMD6-12",4.96235884567127
"NUP205","NUP205-5",5.56231003039514
"POLA1","POLA1-4",3.09278350515464
"PSMB2","PSMB2-23",5.76996805111821
"COPB1","COPB1-5",3.7516152189519
"RPS11","RPS11-7",2.74347434743474
"PSMA3","PSMA3-11",4.60129310344828
"NUP54","NUP54-11",4.14162679425837
"RPS19","RPS19-5",4.74201474201474
"RPS19","RPS19-7",12.6153846153846
"POLR2A","POLR2A-7",29.0632911392405
"NUP98","NUP98-14",3.79615705931495
"POLR2A","POLR2A-1",3.60634462869503
"COPS4","COPS4-2",3.97529644268775
"RPL5","RPL5-3",8.1671469740634
"RPL3","RPL3-4",8.81308411214953
"PSMC2","PSMC2-3",3.13907933398629
"NUP205","NUP205-1",3.9041095890411
"RPS9","RPS9-7",6.52310924369748
"PSMC4","PSMC4-6",11.6553191489362
"RPL11","RPL11-10",4.61278648974668
"COPZ1","COPZ1-4",13.8611111111111
"RPS19","RPS19-6",2.57922948073702
"COPB1","COPB1-2",4.001953125
"NUP205","NUP205-2",2.86551724137931
"RPL11","RPL11-5",7.50561797752809
"NUP98","NUP98-1",3.3107098381071
"COPZ1","COPZ1-12",4.28862275449102
"COPB1","COPB1-7",7.50997150997151
"RPL9","RPL9-9",9.20875420875421
"RPL36","RPL36-10",6.82932692307692
"PSMD7","PSMD7-8",5.10276073619632
"COPS8","COPS8-4",2.93704474505723
"COPS8","COPS8-12",5.60636515912898
"NUP133","NUP133-2",4.65104166666667
"POLA1","POLA1-7",3.95810363836825
"RPL34","RPL34-3",3.40140350877193
"COPS6","COPS6-5",6.18619246861925
"POLR2D","POLR2D-7",6.66373626373626
"RPL11","RPL11-1",10.6810344827586
"COPZ1","COPZ1-2",5.17350157728707
"PSMA3","PSMA3-3",3.79294336118849
"COPA","COPA-9",4.51436031331593
"PSMD6","PSMD6-19",2.85565476190476
"PSMD7","PSMD7-4",5.03369065849923
"RPL30","RPL30-7",3.70197044334975
"COPA","COPA-2",4.69595536959554
"PSMC4","PSMC4-4",7.80909090909091
"PSMB2","PSMB2-21",3.68830059777968
"NUP133","NUP133-1",2.98860911270983
"RPS8","RPS8-10",6.47732696897375
"PSMC1","PSMC1-1",3.2420830401126
"RPL36","RPL36-6",9.84518828451883
"PSMC2","PSMC2-13",3.22015725518227
"POLR2F","POLR2F-6",2.58931185944363
"PSMD6","PSMD6-10",2.86342229199372
"RPL3","RPL3-9",2.89883474576271
"COPS2","COPS2-6",5.32846715328467
"PSMB2","PSMB2-14",5.76739562624254
"PSMD1","PSMD1-2",2.58708333333333
"RPS11","RPS11-3",3.14650098103336
"POLR2D","POLR2D-8",5.95278969957082
"RPL35A","RPL35A-2",3.0237933378654
"PSMD6","PSMD6-8",3.24906785980611
"RPS13","RPS13-10",6.09195402298851
"RPL30","RPL30-4",2.45259117082534
"PSMC2","PSMC2-1",4.14147521160822
"POLR2D","POLR2D-3",7.14893617021277
"RPS9","RPS9-3",6.93175074183976
"COPS6","COPS6-2",5.30188679245283
"RPL18A","RPL18A-1",2.70142602495544
"PSMC2","PSMC2-9",2.48363252375924
"COPA","COPA-1",3.624750499002
"RPL18A","RPL18A-2",3.34260731319555
"RPS7","RPS7-3",2.86074498567335
"PSMD1","PSMD1-18",5.14528301886792
"COPB1","COPB1-8",4.06642941874259
"NUP98","NUP98-6",2.41641541038526
"COPA","COPA-6",8.95067264573991
"NUP205","NUP205-7",3.11134453781513
"PSMC2","PSMC2-4",4.7190635451505
"PSMD7","PSMD7-9",3.68607068607069
"PSMD6","PSMD6-14",4.24935732647815
"NUP98","NUP98-7",3.05403458213256
"COPA","COPA-4",4.65024630541872
"POLR2D","POLR2D-6",3.54989816700611
"NUP54","NUP54-15",2.52695733708392
"PSMB3","PSMB3-6",4.90860215053763
"PSMD1","PSMD1-9",2.61816616444253
"RPS8","RPS8-6",5.07258064516129
"RPL9","RPL9-2",3.41238012205754
"PSMC4","PSMC4-7",3.07009694258016
"COPA","COPA-10",2.73698630136986
"PSMD6","PSMD6-3",3.04548959136469
"RPS27","RPS27-1",3.53131524008351
"POLA1","POLA1-1",4.55082417582418
"PSMD11","PSMD11-8",4.73985239852399
"RPL34","RPL34-4",9.67894736842105
"POLR2A","POLR2A-3",2.87445072190835
"RPL27","RPL27-1",3.80904522613065
"COPA","COPA-7",4.14758620689655
"NUP133","NUP133-3",3.28136531365314
"PSMA3","PSMA3-1",2.5561850802644
"RPL11","RPL11-3",5.26477541371158
"NUP54","NUP54-8",2.72543668122271
"PSMD11","PSMD11-3",3.34040178571429
"NUP205","NUP205-8",8.29665071770335
"PSMD1","PSMD1-19",2.84294649061848
"NUP98","NUP98-5",3.30412371134021
"PSMD6","PSMD6-13",5.54210526315789
"PSMB2","PSMB2-16",6.97265625
"COPS4","COPS4-8",3.15594541910331
"COPS6","COPS6-6",3.77567567567568
"PSMB2","PSMB2-20",13.0666666666667
"PSMD6","PSMD6-17",3.83162518301611
"PSMB3","PSMB3-1",2.19268985095813
"PSMD6","PSMD6-9",2.64299548095546
"RPL36","RPL36-2",3.74967061923584
"POLR2A","POLR2A-4",3.53636363636364
"PSMD11","PSMD11-6",3.05936540429887
"POLR2A","POLR2A-10",2.57452071737786
"RPL36","RPL36-7",2.80032206119163
"RPS19","RPS19-9",8.47894736842105
"PSMD1","PSMD1-8",3.57354925775978
"COPS6","COPS6-7",2.53704705246079
"PSMB2","PSMB2-9",2.26755218216319
"COPB1","COPB1-4",3.15744680851064
"NUP93","NUP93-8",1.97487065779749
"RPS8","RPS8-2",3.82616822429907
"RPS7","RPS7-1",2.35683297180043
"POLR2F","POLR2F-8",1.90827797649463
"PSMD6","PSMD6-6",2.346087949743
"NUP93","NUP93-11",5.0030959752322
"PSMD7","PSMD7-10",2.88715486194478
"PSMA3","PSMA3-2",3.98174442190669
"RPS3A","RPS3A-2",2.90398550724638
"RPL18A","RPL18A-3",2.23455056179775
"PSMA3","PSMA3-10",2.68076923076923
"RPS3A","RPS3A-5",2.70017035775128
"RPS27","RPS27-3",1.90272873194222
"COPS2","COPS2-3",1.8541607091793
"COPB1","COPB1-10",3.9979079497908
"RPL5","RPL5-8",2.30822311673376
"PSMC2","PSMC2-12",2.07821953327571
"COPS4","COPS4-3",2.65041398344066
"PSMD11","PSMD11-1",2.71174377224199
"NUP93","NUP93-9",2.76948051948052
"COPS4","COPS4-10",2.49499545040946
"PSMD1","PSMD1-7",2.12417582417582
"PSMD11","PSMD11-4",3.4859437751004
"PSMD6","PSMD6-16",2.54642475987193
"NUP133","NUP133-5",2.66593406593407
"RPL3","RPL3-10",4.62542955326461
"COPS8","COPS8-2",2.65456545654565
"RPS27","RPS27-5",2.0752283718431
"RPS13","RPS13-1",3.28793774319066
"RPL30","RPL30-5",2.9239263803681
"NUP93","NUP93-6",4.36908517350158
"COPS6","COPS6-1",2.01862745098039
"COPZ1","COPZ1-3",5.52941176470588
"COPS2","COPS2-10",2.05300546448087
"RPL11","RPL11-4",1.76058437686345
"RPL3","RPL3-2",1.82392857142857
"PSMD11","PSMD11-10",2.35186721991701
"PSMC4","PSMC4-9",2.19602467443454
"NUP98","NUP98-8",1.88971132494449
"NUP205","NUP205-10",2.24240121580547
"RPL36","RPL36-9",1.88373889532638
"RPS19","RPS19-4",3.65394402035623
"POLA1","POLA1-2",1.93256165072974
"POLA1","POLA1-8",2.00782661047562
"COPS6","COPS6-10",2.45536519386835
"NUP54","NUP54-4",2.28475711892797
"POLR2A","POLR2A-8",2.71982116244411
"RPL6","RPL6-1",4.61842105263158
"NUP54","NUP54-20",2.04683698296837
"NUP205","NUP205-9",1.72301228183581
"PSMB2","PSMB2-19",2.05466970387244
"RPS13","RPS13-3",2.04356705241661
"PSMC1","PSMC1-7",1.76992287917738
"COPS8","COPS8-9",1.75961205403533
"NUP205","NUP205-4",1.58542617960426
"POLR2F","POLR2F-10",1.53593913955929
"NUP133","NUP133-8",2.13055303717135
"NUP98","NUP98-3",1.73113854595336
"PSMB3","PSMB3-7",2.07185628742515
"RPL27","RPL27-8",1.72309337134711
"RPL5","RPL5-4",1.71098053617334
"RPL18A","RPL18A-5",1.66309523809524
"NUP98","NUP98-13",1.8632740649908
"PSMB3","PSMB3-5",1.86043784206411
"NUP98","NUP98-16",1.64924055104203
"COPS6","COPS6-4",1.72645211930926
"PSMD6","PSMD6-11",2.01048034934498
"NUP98","NUP98-4",1.46620570440795
"PSMC4","PSMC4-1",1.73875054609
"RPS7","RPS7-6",1.85180055401662
"PSMB2","PSMB2-17",4
"POLR2A","POLR2A-9",2.78140703517588
"PSMC4","PSMC4-8",1.92836398838335
"COPS2","COPS2-5",4.76691729323308
"PSMC1","PSMC1-5",1.71739130434783
"RPL3","RPL3-8",1.75579322638146
"RPS11","RPS11-9",1.67805294619983
"PSMB2","PSMB2-22",1.53680634201586
"RPS24","RPS24-10",1.41473317865429
"PSMD11","PSMD11-7",1.99382171226831
"COPZ1","COPZ1-5",1.76415770609319
"PSMC4","PSMC4-10",1.6839530332681
"PSMD6","PSMD6-15",1.88938053097345
"PSMD1","PSMD1-13",1.75450843513671
"COPA","COPA-3",1.57654941373534
"RPL3","RPL3-6",1.58146744746814
"RPS24","RPS24-6",1.52420881796051
"COPS8","COPS8-6",1.60669456066946
"RPS24","RPS24-4",1.4296948137053
"LYZL6","LYZL6-6",1.51844798857415
"PSMD1","PSMD1-21",1.77959791511541
"COPS8","COPS8-15",1.39710144927536
"RPL3","RPL3-7",1.57306930693069
"NUP98","NUP98-10",1.42071065989848
"COPZ1","COPZ1-14",1.59668012561687
"RPS24","RPS24-8",1.58301941466242
"RPL9","RPL9-10",1.99405646359584
"RPL3","RPL3-1",1.73875083948959
"RPL27","RPL27-7",1.67257383966245
"RPL3","RPL3-3",1.37228979375992
"RPL34","RPL34-6",1.67726161369193
"NUP98","NUP98-9",1.63721940622737
"COPS8","COPS8-14",1.4982422499201
"RPS3A","RPS3A-6",1.72457627118644
"PSMC2","PSMC2-5",1.77911164465786
"RPS27","RPS27-2",1.51990151826016
"PSMD7","PSMD7-3",1.39747859181732
"RPS9","RPS9-6",2.25056433408578
"RPL11","RPL11-6",1.50605326876513
"RPS8","RPS8-3",1.40682266704257
"NUP133","NUP133-10",1.48568111455108
"RPL5","RPL5-1",1.3961983961984
"POLR2D","POLR2D-5",1.35256780150029
"RPS27","RPS27-4",1.27104111986002
"NUP98","NUP98-11",1.41993957703927
"COPZ1","COPZ1-15",1.33406181704652
"NUP54","NUP54-10",1.42768466790813
"RPS24","RPS24-13",1.38487208008899
"RPS11","RPS11-4",1.35552913198573
"PSMD1","PSMD1-16",1.25193167954453
"PSMD7","PSMD7-6",1.47112676056338
"COPZ1","COPZ1-7",1.37607244995234
"NUP54","NUP54-16",1.37631887456038
"COPS6","COPS6-3",1.34044065387349
"COPS8","COPS8-1",1.26733890801771
"NUP205","NUP205-3",1.28196912321585
"PSMC1","PSMC1-3",1.30842867149194
"NUP54","NUP54-9",1.35850535667625
"RPL36","RPL36-4",1.16547992025064
"POLA1","POLA1-9",1.31159420289855
"COPS8","COPS8-16",1.36593059936909
"NUP205","NUP205-6",1.1826636251974
"POLR2F","POLR2F-7",1.21856683683116
"RPS11","RPS11-6",1.15694480774261
"COPZ1","COPZ1-9",1.27589852008457
"CRYGB","CRYGB-8",1.18238993710692
"LYZL6","LYZL6-2",1.20673863264639
"RPS7","RPS7-4",1.16615905245347
"RPS8","RPS8-1",1.21416018076827
"PSMB3","PSMB3-10",1.11324871082904
"RPL3","RPL3-5",1.23284363050916
"MRGPRD","MRGPRD-8",1.25125925925926
"IL1F10","IL1F10-10",1.19574036511156
"PSMB2","PSMB2-11",1.23375834851245
"POLA1","POLA1-10",1.21896383186706
"POLR2F","POLR2F-4",1.29733520336606
"MRGPRD","MRGPRD-10",1.20929407591344
"OTUD6A","OTUD6A-8",1.20287356321839
"RPL9","RPL9-4",1.30416068866571
"COPS8","COPS8-5",1.19827033952594
"NUP98","NUP98-15",1.28233205090263
"RPS24","RPS24-3",1.18537787513691
"RPS19","RPS19-1",1.19320255474453
"RPL9","RPL9-5",1.20567375886525
"IL1F10","IL1F10-1",1.22073578595318
"KRT25","KRT25-2",1.2243033348561
"PIWIL3","PIWIL3-5",1.24094881398252
"TPH2","TPH2-8",1.21096543504172
"RPS8","RPS8-9",1.15903211078983
"RPL30","RPL30-2",1.19281785829829
"RNASE9","RNASE9-4",1.18014440433213
"NPSR1","NPSR1-10",1.20490998363339
"PSMA3","PSMA3-5",1.13325867861142
"PSMD1","PSMD1-14",1.10807291666667
"DMRTB1","DMRTB1-10",1.14604734256364
"RPL5","RPL5-9",1.17507473841555
"POLR2D","POLR2D-10",1.14618727775583
"RPTN","RPTN-4",1.26155580608794
"COPS8","COPS8-13",1.15734745928978
"HTR3D","HTR3D-5",1.15631691648822
"MRGPRD","MRGPRD-9",1.13538873994638
"RPL30","RPL30-9",1.11902006172839
"LYZL6","LYZL6-4",1.09704455227172
"RPL27","RPL27-9",1.13780804150454
"DMRTC2","DMRTC2-3",1.15765920826162
"KRT25","KRT25-3",1.16160835105355
"OLIG2","OLIG2-5",1.15665356541269
"IL1F10","IL1F10-3",1.19693396226415
"IL22","IL22-2",1.27771911298838
"COPS2","COPS2-1",1.1355223880597
"HTR3D","HTR3D-7",1.2070457354759
"NUP54","NUP54-2",1.17729226361032
"LYZL6","LYZL6-8",1.12719919110212
"IL1F10","IL1F10-4",1.12719189923438
"NUP93","NUP93-5",1.18890952507296
"KRT25","KRT25-4",1.21672771672772
"RPS11","RPS11-8",1.17710843373494
"OR9Q2","OR9Q2-8",1.09714285714286
"RXFP2","RXFP2-6",1.17596471885336
"LUZP4","LUZP4-1",1.24660018132366
"KRT74","KRT74-7",1.14174311926605
"POLA1","POLA1-6",1.13288920056101
"OC90","OC90-1",1.43373493975904
"NPHS2","NPHS2-5",1.15910055154858
"IL1F10","IL1F10-7",1.11519812740344
"COPS2","COPS2-8",1.16110273530045
"NPHS2","NPHS2-2",1.11830023489216
"MRGPRD","MRGPRD-2",1.01527431421446
"OC90","OC90-6",1.12835949258224
"NUP93","NUP93-3",1.09559987337765
"FCRL4","FCRL4-10",1.02153460171441
"IL1F10","IL1F10-6",1.13336192109777
"PSMB3","PSMB3-2",1.14064451661254
"PIWIL3","PIWIL3-9",1.10567936736161
"KRT74","KRT74-10",1.0950852557673
"RPL30","RPL30-3",1.06810810810811
"OTUD6A","OTUD6A-10",1.10102335345054
"COPS6","COPS6-9",1.06089032918301
"OR9Q2","OR9Q2-6",1.07566302652106
"DMRTC2","DMRTC2-1",1.15892094017094
"LHX5","LHX5-3",1.17172832689122
"FAM71B","FAM71B-9",1.10480015299292
"LYZL6","LYZL6-5",1.12001078748652
"DMRTB1","DMRTB1-1",1.16705637828007
"LYZL6","LYZL6-7",1.10065907729179
"HTR3D","HTR3D-3",1.06294768830041
"CYP7A1","CYP7A1-6",1.1103515625
"DMRTB1","DMRTB1-8",1.11092985318108
"IL1F10","IL1F10-9",1.05358012664394
"OC90","OC90-8",1.10586944596818
"OC90","OC90-7",1.08565561748313
"OR9Q2","OR9Q2-7",1.20932277924362
"RPS24","RPS24-11",1.08483516483516
"MRGPRD","MRGPRD-1",1.09913793103448
"SAGE1","SAGE1-9",1.07797270955166
"RNASE9","RNASE9-7",1.00504462553357
"SPATA16","SPATA16-1",1.12521357090554
"FCRL4","FCRL4-9",1.10810810810811
"TAAR8","TAAR8-6",1.05774925962488
"SPATA16","SPATA16-3",1.08720930232558
"RPTN","RPTN-9",1.0698381966533
"COPZ1","COPZ1-8",1.09331352154532
"DMRTB1","DMRTB1-4",1.0999600159936
"DMRTC2","DMRTC2-9",1.12192723697148
"RPS24","RPS24-12",0.986871550052215
"OR9Q2","OR9Q2-4",1.01111522786217
"DMRTC2","DMRTC2-7",1.04485016868426
"COPS8","COPS8-11",1.12063492063492
"OC90","OC90-9",1.04905063291139
"LYZL6","LYZL6-9",1.06409861325116
"PSMA3","PSMA3-4",1.06631142687981
"MRGPRD","MRGPRD-6",1.05959246443676
"RPL35A","RPL35A-7",1.1260752688172
"COPS2","COPS2-7",1.11687887691805
"PSMD1","PSMD1-17",1.06012024048096
"CABP5","CABP5-7",1.04946619217082
"COPS8","COPS8-8",1.03931071620894
"IL1F10","IL1F10-2",0.944545454545455
"PIWIL3","PIWIL3-6",1.09675881792183
"ADH7","ADH7-8",1.06129303106633
"TGM6","TGM6-4",1.05929791271347
"RNASE9","RNASE9-11",1.09704220671319
"LYZL6","LYZL6-3",1.01775804661487
"TPH2","TPH2-3",1.02708978328173
"TRIM42","TRIM42-3",1.02647783251232
"PSMA3","PSMA3-9",1.03095809981318
"DMRTC2","DMRTC2-5",1.029521921128
"KRT9","KRT9-1",1.01038062283737
"ADH7","ADH7-1",1.04828747894441
"TAS2R13","TAS2R13-4",1.122763726095
"HTR3D","HTR3D-8",1.07195203197868
"SPATA16","SPATA16-4",1.02414231257942
"RPL9","RPL9-1",1.09416641989932
"KRT74","KRT74-6",0.99248417721519
"CABP5","CABP5-9",1.04817087025676
"RXFP2","RXFP2-2",1.01760777170613
"SPATA16","SPATA16-10",1.05907977130411
"KRT9","KRT9-2",1.01760835913313
"CRYGB","CRYGB-6",1.0872812633376
"RPS7","RPS7-7",1.06604426002766
"RPL9","RPL9-8",1.04087736789631
"IL22","IL22-9",1.0122084548105
"OTUD6A","OTUD6A-3",1.06433566433566
"ADH7","ADH7-4",0.99855421686747
"KRT9","KRT9-5",1.00989819004525
"RNASE9","RNASE9-1",1
"PIWIL3","PIWIL3-2",0.971313826735513
"DMRTC2","DMRTC2-6",1.06994397252847
"RPL30","RPL30-10",1.06003873466753
"PSMC2","PSMC2-10",1.02310924369748
"CYP7A1","CYP7A1-4",1.05206964520368
"COPS2","COPS2-2",1.05948308627898
"TRIM42","TRIM42-7",1.12191833590139
"NLRP5","NLRP5-9",0.998948475289169
"DMRTB1","DMRTB1-6",1.00899958141482
"MAGEB3","MAGEB3-3",1.01165501165501
"OLIG2","OLIG2-6",0.990135635018496
"FAM71B","FAM71B-7",1.065150238697
"VN1R2","VN1R2-3",1.02780898876404
"ABCG8","ABCG8-8",1.08015440508629
"RNASE9","RNASE9-9",1.03598416696653
"OR12D2","OR12D2-6",0.98110566829951
"PSMD6","PSMD6-2",0.978181818181818
"POU4F2","POU4F2-1",1.02915148360229
"MRGPRD","MRGPRD-7",1.008
"TAS2R13","TAS2R13-6",1.01207464324918
"MAGEB3","MAGEB3-6",1.01254848277436
"TGM6","TGM6-11",0.965413533834587
"CABP5","CABP5-5",1.04268292682927
"LUZP4","LUZP4-9",1.02575107296137
"COPS8","COPS8-3",1.06733524355301
"POU4F2","POU4F2-9",1.02548186867037
"TPH2","TPH2-5",1.05012111049003
"TPH2","TPH2-4",1.00038066235249
"IL22","IL22-7",0.986466607825831
"RPL35A","RPL35A-3",0.972257571901247
"RPS24","RPS24-2",1.00911577028259
"RPTN","RPTN-10",1.00854283622163
"TAS2R13","TAS2R13-1",0.914933837429111
"RPL5","RPL5-7",1.06761864762705
"ABCG8","ABCG8-9",0.981396279255851
"DMRTB1","DMRTB1-7",1.0194489465154
"SPATA16","SPATA16-2",1.0249593054802
"KRT25","KRT25-5",1.01706591514013
"DEFB129","DEFB129-10",1.05754745405243
"CRYGB","CRYGB-1",1.0229059061307
"DMRTC2","DMRTC2-8",1.08688503857342
"OR12D2","OR12D2-7",1.0004159733777
"RPL5","RPL5-10",1.03596766210196
"RPL34","RPL34-2",1.01008403361345
"OC90","OC90-4",0.993947858472998
"CYP7A1","CYP7A1-8",1.11865581153646
"IL22","IL22-3",1.02392516639683
"KRT9","KRT9-4",1.03764239722635
"DMRTB1","DMRTB1-9",1.02281606501016
"NPSR1","NPSR1-7",0.94061757719715
"IL1F10","IL1F10-8",1.05
"NLRP5","NLRP5-3",1.05358309736441
"ADH7","ADH7-2",0.951399894347596
"RPTN","RPTN-2",0.9580375782881
"RXFP2","RXFP2-7",0.887818520820385
"HTR3D","HTR3D-1",1.027739090065
"LHX5","LHX5-6",0.971416561580496
"KRT74","KRT74-9",0.987339690891154
"KRT25","KRT25-6",0.95985401459854
"FCRL4","FCRL4-6",0.941369503390943
"ABCG8","ABCG8-10",1.04279971624498
"PSMC1","PSMC1-2",1.02771797631862
"OTUD6A","OTUD6A-5",0.974247370330069
"FCRL4","FCRL4-3",1.05895589558956
"KRT25","KRT25-9",1.03602058319039
"DMRTB1","DMRTB1-3",1.01807735426009
"KRT77","KRT77-2",0.946775844421699
"OTUD6A","OTUD6A-6",1.01528131511924
"TPH2","TPH2-1",0.979405806887238
"OLIG2","OLIG2-2",0.97835795259361
"KRT74","KRT74-4",1.00412168792934
"KRT9","KRT9-9",1.05492037566354
"FCRL4","FCRL4-2",0.996815286624204
"PSMB2","PSMB2-24",0.943262411347518
"RNASE9","RNASE9-8",0.992099898063201
"RPS7","RPS7-8",0.882690730106645
"DMRTC2","DMRTC2-2",0.997358224727017
"SAGE1","SAGE1-7",0.992555831265509
"NPHS2","NPHS2-9",1.06289184952978
"RPL27","RPL27-5",0.982053231939163
"PIWIL3","PIWIL3-10",1.01410289892922
"ABCG8","ABCG8-5",0.99666922879836
"SAGE1","SAGE1-3",0.979975278121137
"RPS7","RPS7-2",0.970398362462604
"TPH2","TPH2-10",0.980645161290323
"PLA2G2E","PLA2G2E-9",0.936853002070393
"CYP7A1","CYP7A1-10",1.00116572760832
"FCRL4","FCRL4-1",0.978010471204188
"CYP7A1","CYP7A1-1",0.959601549529607
"TAAR1","TAAR1-3",0.960029246892518
"RXFP2","RXFP2-10",0.968824463860206
"LUZP4","LUZP4-5",0.920853858784893
"OLIG2","OLIG2-9",0.978267920856309
"DMRTB1","DMRTB1-5",0.79778156996587
"LHX5","LHX5-8",0.965266439067834
"LUZP4","LUZP4-7",0.881638846737481
"KRT9","KRT9-8",0.962195565249
"MRGPRD","MRGPRD-3",1.03116322122802
"MAGEB3","MAGEB3-9",0.98534230039662
"FCRL4","FCRL4-7",0.961067247481623
"OC90","OC90-2",0.95564180759634
"CYP7A1","CYP7A1-5",0.896919917864476
"RNASE9","RNASE9-5",1.00412881915772
"PIWIL3","PIWIL3-1",0.995038167938931
"OR12D2","OR12D2-2",1.02684941794968
"OR9Q2","OR9Q2-9",0.941790040376851
"PIWIL3","PIWIL3-8",0.952406633409734
"TAS2R9","TAS2R9-2",0.971771618342062
"KRT77","KRT77-3",0.984700973574409
"RPTN","RPTN-5",1.00652804642166
"TAAR1","TAAR1-10",0.936854190585534
"CYP7A1","CYP7A1-3",0.973163520582215
"DEFB129","DEFB129-9",1.02310516087238
"ADH7","ADH7-6",0.95300572519084
"DMRTC2","DMRTC2-10",1.00073626859078
"IL1F10","IL1F10-5",0.976350768168479
"MAGEB3","MAGEB3-7",1.00406601291557
"TGM6","TGM6-9",0.98778071334214
"VN1R2","VN1R2-1",0.995402721588819
"KRT74","KRT74-8",0.923537988012312
"MRGPRD","MRGPRD-5",1.01431297709924
"OTUD6A","OTUD6A-1",0.852869846402587
"PSMC2","PSMC2-8",0.938684210526316
"TRIM42","TRIM42-8",1.01089799476896
"KRT9","KRT9-6",0.990919857876036
"CABP5","CABP5-3",0.956037277147488
"HTR3D","HTR3D-2",0.943532818532819
"LUZP4","LUZP4-10",1.003804017042
"PSMB2","PSMB2-8",0.915300546448087
"KRT74","KRT74-2",0.9723163009866
"TAAR1","TAAR1-1",0.932463545663853
"NPSR1","NPSR1-5",0.98434525068754
"DEFB129","DEFB129-7",0.97364435019691
"KRT77","KRT77-5",0.931641424478101
"LHX5","LHX5-1",0.924561924561925
"VN1R2","VN1R2-7",0.923033549478433
"TAAR8","TAAR8-4",0.97152395915161
"PSMA3","PSMA3-7",0.974866310160428
"LHX5","LHX5-5",0.91210277214334
"TAS2R13","TAS2R13-5",0.928679245283019
"NPHS2","NPHS2-3",1.00268250622725
"MAGEB3","MAGEB3-1",0.916379903647626
"OC90","OC90-3",0.982971711068388
"HTR3D","HTR3D-4",0.980960749853544
"HTR3D","HTR3D-9",0.961932050757266
"OC90","OC90-5",0.907252096694623
"OR9Q2","OR9Q2-2",1.01037165082109
"PIWIL3","PIWIL3-3",0.963412391983821
"RNASE9","RNASE9-3",0.91358024691358
"TAS2R9","TAS2R9-8",1.03304255881575
"TRIM42","TRIM42-2",0.950780159837625
"POU4F2","POU4F2-10",0.88810641627543
"TPH2","TPH2-6",0.869274809160305
"PLA2G2E","PLA2G2E-6",0.90433783395576
"IL22","IL22-8",0.879884004884005
"KRT77","KRT77-8",0.906631762652705
"KRT74","KRT74-5",0.946963873943121
"KRT25","KRT25-1",0.937416421503076
"RNASE9","RNASE9-10",0.898279158699809
"KRT77","KRT77-1",0.933109833971903
"LYZL6","LYZL6-1",1.01105300689327
"TAS2R13","TAS2R13-3",0.931428571428571
"VN1R2","VN1R2-5",0.889157273215244
"CABP5","CABP5-2",0.887441375716519
"OTUD6A","OTUD6A-2",0.901434521055067
"NLRP5","NLRP5-2",0.938907744523295
"ADH7","ADH7-3",0.965377957299481
"NPHS2","NPHS2-4",0.93315956060324
"RPTN","RPTN-7",0.958735055919784
"LHX5","LHX5-7",0.919575471698113
"FCRL4","FCRL4-5",0.953508581359983
"OR12D2","OR12D2-1",0.899325842696629
"KRT25","KRT25-10",0.960601719197708
"OTUD6A","OTUD6A-9",0.992125984251969
"OR9Q2","OR9Q2-1",0.893314366998578
"PSMB3","PSMB3-8",0.900599224532957
"IL22","IL22-10",0.977195138604397
"RPL27","RPL27-3",0.928468830795748
"KRT74","KRT74-1",0.874658617220066
"RPS11","RPS11-5",0.932327761924174
"FCRL4","FCRL4-8",0.833533221396018
"KRT77","KRT77-4",0.857109060799621
"TGM6","TGM6-10",0.976897032463653
"PIWIL3","PIWIL3-4",0.935158501440922
"NPHS2","NPHS2-10",0.84532179556517
"KRT25","KRT25-7",0.929353585305546
"DEFB129","DEFB129-6",0.946463654223969
"TAAR1","TAAR1-4",1
"CRYGB","CRYGB-2",0.904656930283825
"DEFB129","DEFB129-1",0.940320855614973
"RPTN","RPTN-3",0.938197110989212
"LHX5","LHX5-9",0.946298984034833
"OR9Q2","OR9Q2-3",0.965752227852525
"LHX5","LHX5-4",0.799249530956848
"FAM71B","FAM71B-4",0.975083782602361
"ADH7","ADH7-5",0.896121613720522
"PLA2G2E","PLA2G2E-5",0.925330812854442
"TGM6","TGM6-14",0.907904411764706
"NPHS2","NPHS2-1",0.8529568460309
"PLA2G2E","PLA2G2E-10",0.857670979667283
"OR12D2","OR12D2-10",0.863372093023256
"KRT9","KRT9-10",0.977980791754509
"TGM6","TGM6-6",0.949526813880126
"KRT77","KRT77-9",0.90734055354994
"PLA2G2E","PLA2G2E-1",0.838762362762
"IL22","IL22-6",0.895175286358903
"NPHS2","NPHS2-6",0.963475030953364
"TAAR8","TAAR8-3",0.89661713563073
"TAAR8","TAAR8-8",0.945100051308363
"ABCG8","ABCG8-1",0.931751976695797
"ABCG8","ABCG8-2",0.842948717948718
"ABCG8","ABCG8-3",0.972211720226843
"ABCG8","ABCG8-4",0.929244199402711
"ABCG8","ABCG8-6",0.931966449207829
"ABCG8","ABCG8-7",0.925359208807613
"ADH7","ADH7-10",0.790907482752521
"ADH7","ADH7-7",0.781586679725759
"ADH7","ADH7-9",0.860884418295692
"CABP5","CABP5-1",0.872100122100122
"CABP5","CABP5-10",0.919241358213521
"CABP5","CABP5-4",0.941514299109236
"CABP5","CABP5-6",0.872258837627322
"CABP5","CABP5-8",0.800284798860805
"COPA","COPA-5",0.777452415812592
"COPB1","COPB1-9",0.965103448275862
"COPS4","COPS4-5",0.914164004259851
"COPS8","COPS8-7",0.75104415274463
"COPZ1","COPZ1-13",0.976077187417394
"COPZ1","COPZ1-16",0.844160720991363
"COPZ1","COPZ1-6",0.931847250137036
"CRYGB","CRYGB-10",0.887877976986888
"CRYGB","CRYGB-3",0.886539953452289
"CRYGB","CRYGB-4",0.871184848959148
"CRYGB","CRYGB-5",0.898736037624926
"CRYGB","CRYGB-7",1.00846645367412
"CRYGB","CRYGB-9",0.89159125188537
"CYP7A1","CYP7A1-2",0.948273143037376
"CYP7A1","CYP7A1-7",0.855652350081037
"CYP7A1","CYP7A1-9",0.781710152415397
"DEFB129","DEFB129-2",0.930744427309687
"DEFB129","DEFB129-3",0.871287128712871
"DEFB129","DEFB129-4",0.843746252548267
"DEFB129","DEFB129-5",0.869646182495345
"DEFB129","DEFB129-8",0.774747237244298
"DMRTB1","DMRTB1-2",0.841476091476091
"DMRTC2","DMRTC2-4",0.920120439249026
"FAM71B","FAM71B-1",0.818025751072961
"FAM71B","FAM71B-10",0.767062766605728
"FAM71B","FAM71B-2",0.894497678553788
"FAM71B","FAM71B-3",0.862103957605141
"FAM71B","FAM71B-5",0.834409035901573
"FAM71B","FAM71B-6",0.886723091390955
"FAM71B","FAM71B-8",0.831000792183787
"FCRL4","FCRL4-4",0.816539440203562
"HTR3D","HTR3D-10",0.920171827456596
"HTR3D","HTR3D-6",0.852107279693487
"IL22","IL22-1",0.83664566165778
"IL22","IL22-4",0.740943350352541
"IL22","IL22-5",0.975096711798839
"KRT25","KRT25-8",0.886825817860301
"KRT74","KRT74-3",0.809512312892323
"KRT77","KRT77-10",1.01581993569132
"KRT77","KRT77-6",0.961921499707089
"KRT77","KRT77-7",0.859251259899208
"KRT9","KRT9-3",0.795999389219728
"KRT9","KRT9-7",0.922591743119266
"LHX5","LHX5-10",0.826807659331237
"LHX5","LHX5-2",0.74659894794123
"LUZP4","LUZP4-2",0.902714192282538
"LUZP4","LUZP4-3",0.928007653671371
"LUZP4","LUZP4-4",0.948116560056859
"LUZP4","LUZP4-6",0.935117736744028
"LUZP4","LUZP4-8",0.908243486073675
"LYZL6","LYZL6-10",0.911120427628131
"MAGEB3","MAGEB3-10",0.904948171327987
"MAGEB3","MAGEB3-2",0.846652553585605
"MAGEB3","MAGEB3-4",0.75042965872821
"MAGEB3","MAGEB3-5",0.838686820973075
"MAGEB3","MAGEB3-8",0.825937916587317
"MRGPRD","MRGPRD-4",0.911716295077061
"NLRP5","NLRP5-1",0.839413404435826
"NLRP5","NLRP5-10",0.882317562149158
"NLRP5","NLRP5-4",0.808884951271991
"NLRP5","NLRP5-5",0.776082327892122
"NLRP5","NLRP5-6",0.761863299956465
"NLRP5","NLRP5-7",0.924215361061495
"NLRP5","NLRP5-8",0.850803366488141
"NPHS2","NPHS2-7",0.900035872294631
"NPHS2","NPHS2-8",0.841785357888052
"NPSR1","NPSR1-1",0.820307128122851
"NPSR1","NPSR1-2",0.924230769230769
"NPSR1","NPSR1-3",0.86281654217526
"NPSR1","NPSR1-4",0.942436702012551
"NPSR1","NPSR1-6",0.964166974510528
"NPSR1","NPSR1-8",0.907485450531808
"NPSR1","NPSR1-9",0.813710554951034
"NUP133","NUP133-4",0.84974958263773
"NUP133","NUP133-9",0.774632433618609
"OC90","OC90-10",0.819924575738529
"OLIG2","OLIG2-1",0.746344206974128
"OLIG2","OLIG2-10",0.826050769870995
"OLIG2","OLIG2-3",0.894846978812451
"OLIG2","OLIG2-4",0.845265112440685
"OLIG2","OLIG2-7",0.974946695095949
"OLIG2","OLIG2-8",0.928976325441814
"OR12D2","OR12D2-3",0.987776289350301
"OR12D2","OR12D2-4",0.950993131613143
"OR12D2","OR12D2-5",0.969623655913978
"OR12D2","OR12D2-8",0.949148029818956
"OR12D2","OR12D2-9",0.884231103388358
"OR52E8","OR52E8-1",0.895099389883881
"OR52E8","OR52E8-10",0.819200867835834
"OR52E8","OR52E8-2",0.84613987284287
"OR52E8","OR52E8-3",0.829497016197783
"OR52E8","OR52E8-4",0.855281135049921
"OR52E8","OR52E8-5",0.903518728717367
"OR52E8","OR52E8-6",0.829622299191819
"OR52E8","OR52E8-7",0.826496138996139
"OR52E8","OR52E8-8",0.878658709860756
"OR52E8","OR52E8-9",0.857632933104631
"OR9Q2","OR9Q2-10",0.915852205005959
"OR9Q2","OR9Q2-5",1.01428207090028
"OTUD6A","OTUD6A-4",0.891012909632572
"OTUD6A","OTUD6A-7",0.770919736521103
"PIWIL3","PIWIL3-7",0.90532158015018
"PLA2G2E","PLA2G2E-2",0.939021391689206
"PLA2G2E","PLA2G2E-3",0.957388105456775
"PLA2G2E","PLA2G2E-4",0.86030308308657
"PLA2G2E","PLA2G2E-7",0.980494148244473
"PLA2G2E","PLA2G2E-8",0.941026145075683
"POLR2A","POLR2A-6",0.815226510067114
"POU4F2","POU4F2-2",0.829447322970639
"POU4F2","POU4F2-3",0.83502633559067
"POU4F2","POU4F2-4",0.840220385674931
"POU4F2","POU4F2-5",0.849110611326927
"POU4F2","POU4F2-6",0.900347624565469
"POU4F2","POU4F2-7",0.873624541513838
"POU4F2","POU4F2-8",0.762167487684729
"PSMB2","PSMB2-7",0.841326530612245
"PSMB3","PSMB3-4",0.937204491725768
"PSMC2","PSMC2-6",0.928778467908903
"PSMD1","PSMD1-15",0.885185610849328
"RNASE9","RNASE9-2",0.86099706744868
"RNASE9","RNASE9-6",0.865233350812795
"RPL27","RPL27-4",0.833811320754717
"RPL27","RPL27-6",0.8563206985513
"RPL30","RPL30-6",0.845217762596072
"RPL36","RPL36-8",0.824844720496894
"RPS24","RPS24-1",0.877979568671964
"RPS24","RPS24-9",0.947783029484582
"RPS7","RPS7-5",0.9075952837949
"RPS9","RPS9-1",0.758074103427779
"RPS9","RPS9-5",0.978282526399681
"RPS9","RPS9-9",0.799307958477509
"RPTN","RPTN-1",0.888286544046467
"RPTN","RPTN-6",0.953765227021041
"RPTN","RPTN-8",0.911416094822208
"RXFP2","RXFP2-1",0.903409090909091
"RXFP2","RXFP2-3",0.925578753018037
"RXFP2","RXFP2-4",0.886831275720165
"RXFP2","RXFP2-5",0.97301474084641
"RXFP2","RXFP2-8",0.818488888888889
"RXFP2","RXFP2-9",0.786486486486486
"SAGE1","SAGE1-1",0.92885872297637
"SAGE1","SAGE1-10",0.883425710709816
"SAGE1","SAGE1-2",0.805998536942209
"SAGE1","SAGE1-4",0.897017650639075
"SAGE1","SAGE1-5",0.844609053497942
"SAGE1","SAGE1-6",0.877470355731225
"SAGE1","SAGE1-8",0.898058994345102
"SPATA16","SPATA16-5",0.850947158524427
"SPATA16","SPATA16-6",0.892286171063149
"SPATA16","SPATA16-7",0.78770620581304
"SPATA16","SPATA16-8",0.97235634958957
"SPATA16","SPATA16-9",0.774079320113314
"TAAR1","TAAR1-2",0.806134355725954
"TAAR1","TAAR1-5",0.953851492019431
"TAAR1","TAAR1-6",0.860815602836879
"TAAR1","TAAR1-7",0.821126302083333
"TAAR1","TAAR1-8",0.90786602144416
"TAAR1","TAAR1-9",0.800805452292441
"TAAR8","TAAR8-1",0.856508102456874
"TAAR8","TAAR8-10",0.884688746315242
"TAAR8","TAAR8-2",0.893119941133186
"TAAR8","TAAR8-5",0.925140968306436
"TAAR8","TAAR8-7",0.866874550251859
"TAAR8","TAAR8-9",0.855171411969785
"TAS2R13","TAS2R13-10",0.8824499112351
"TAS2R13","TAS2R13-2",0.900690640628721
"TAS2R13","TAS2R13-7",0.951332760103181
"TAS2R13","TAS2R13-8",0.905410518350359
"TAS2R13","TAS2R13-9",0.867751288659794
"TAS2R9","TAS2R9-1",0.953691374463678
"TAS2R9","TAS2R9-10",0.822999653619674
"TAS2R9","TAS2R9-3",1.00861326442722
"TAS2R9","TAS2R9-4",0.871062992125984
"TAS2R9","TAS2R9-5",0.989053948397185
"TAS2R9","TAS2R9-6",0.847148464557839
"TAS2R9","TAS2R9-7",0.799939375568354
"TAS2R9","TAS2R9-9",0.931885317115552
"TGM6","TGM6-1",0.872790351891624
"TGM6","TGM6-12",0.822833918344726
"TGM6","TGM6-13",0.898641204553801
"TGM6","TGM6-2",0.915398886827458
"TGM6","TGM6-3",0.858713692946058
"TGM6","TGM6-5",0.831174838112858
"TGM6","TGM6-7",0.873600519227649
"TGM6","TGM6-8",0.922182109907742
"TPH2","TPH2-2",0.919537207467789
"TPH2","TPH2-7",0.928571428571429
"TPH2","TPH2-9",0.945286195286195
"TRIM42","TRIM42-1",0.960386732912582
"TRIM42","TRIM42-10",0.771832718327183
"TRIM42","TRIM42-4",0.7759682224429
"TRIM42","TRIM42-5",0.941897868918376
"TRIM42","TRIM42-6",0.851967370441459
"TRIM42","TRIM42-9",0.96013437849944
"VN1R2","VN1R2-10",0.813442481688927
"VN1R2","VN1R2-2",0.874250440917108
"VN1R2","VN1R2-4",0.915750392688848
"VN1R2","VN1R2-6",0.926751024772768
"VN1R2","VN1R2-8",0.903514276749294
"VN1R2","VN1R2-9",0.871292106586224
