Gene_ID,Well_ID,Score,LogP,OPI_Hit,#hitWell,#totalWell,rank,OPI_Rank,Cutoff_Rank,EXP_Rank
OR52E8,OR52E8-10,0.819200867835834,-7.69897512196243,1,10,10,40,1,40,1
OR52E8,OR52E8-7,0.826496138996139,-7.69897512196243,1,10,10,49,2,49,2
OR52E8,OR52E8-3,0.829497016197783,-7.69897512196243,1,10,10,52,3,52,3
OR52E8,OR52E8-6,0.829622299191819,-7.69897512196243,1,10,10,53,4,53,4
OR52E8,OR52E8-2,0.84613987284287,-7.69897512196243,1,10,10,75,5,75,5
OR52E8,OR52E8-4,0.855281135049921,-7.69897512196243,1,10,10,87,6,87,6
OR52E8,OR52E8-9,0.857632933104631,-7.69897512196243,1,10,10,92,7,92,7
OR52E8,OR52E8-8,0.878658709860756,-7.69897512196243,1,10,10,121,8,121,8
OR52E8,OR52E8-1,0.895099389883881,-7.69897512196243,1,10,10,148,9,148,9
OR52E8,OR52E8-5,0.903518728717367,-7.69897512196243,1,10,10,167,10,167,10
TGM6,TGM6-12,0.822833918344726,-4.93695016136624,1,13,14,44,11,44,11
TGM6,TGM6-5,0.831174838112858,-4.93695016136624,1,13,14,55,12,55,12
TGM6,TGM6-3,0.858713692946058,-4.93695016136624,1,13,14,94,13,94,13
TGM6,TGM6-1,0.872790351891624,-4.93695016136624,1,13,14,114,14,114,14
TGM6,TGM6-7,0.873600519227649,-4.93695016136624,1,13,14,115,15,115,15
TGM6,TGM6-13,0.898641204553801,-4.93695016136624,1,13,14,156,16,156,16
TGM6,TGM6-14,0.907904411764706,-4.93695016136624,1,13,14,179,17,179,17
TGM6,TGM6-2,0.915398886827458,-4.93695016136624,1,13,14,189,18,189,18
TGM6,TGM6-8,0.922182109907742,-4.93695016136624,1,13,14,199,19,199,19
TGM6,TGM6-6,0.949526813880126,-4.93695016136624,1,13,14,262,20,262,20
TGM6,TGM6-11,0.965413533834587,-4.93695016136624,1,13,14,294,21,294,21
TGM6,TGM6-10,0.976897032463653,-4.93695016136624,1,13,14,317,22,317,22
TGM6,TGM6-9,0.98778071334214,-4.93695016136624,1,13,14,341,23,341,23
POU4F2,POU4F2-8,0.762167487684729,-4.77286097606837,1,8,10,8,24,8,8
POU4F2,POU4F2-2,0.829447322970639,-4.77286097606837,1,8,10,51,25,51,25
POU4F2,POU4F2-3,0.83502633559067,-4.77286097606837,1,8,10,59,26,59,26
POU4F2,POU4F2-4,0.840220385674931,-4.77286097606837,1,8,10,64,27,64,27
POU4F2,POU4F2-5,0.849110611326927,-4.77286097606837,1,8,10,78,28,78,28
POU4F2,POU4F2-7,0.873624541513838,-4.77286097606837,1,8,10,116,29,116,29
POU4F2,POU4F2-10,0.88810641627543,-4.77286097606837,1,8,10,138,30,138,30
POU4F2,POU4F2-6,0.900347624565469,-4.77286097606837,1,8,10,160,31,160,31
PLA2G2E,PLA2G2E-1,0.838762362762,-4.72170523061387,1,10,10,62,32,62,32
PLA2G2E,PLA2G2E-10,0.857670979667283,-4.72170523061387,1,10,10,93,33,93,33
PLA2G2E,PLA2G2E-4,0.86030308308657,-4.72170523061387,1,10,10,96,34,96,34
PLA2G2E,PLA2G2E-6,0.90433783395576,-4.72170523061387,1,10,10,168,35,168,35
PLA2G2E,PLA2G2E-5,0.925330812854442,-4.72170523061387,1,10,10,207,36,207,36
PLA2G2E,PLA2G2E-9,0.936853002070393,-4.72170523061387,1,10,10,233,37,233,37
PLA2G2E,PLA2G2E-2,0.939021391689206,-4.72170523061387,1,10,10,240,38,240,38
PLA2G2E,PLA2G2E-8,0.941026145075683,-4.72170523061387,1,10,10,243,39,243,39
PLA2G2E,PLA2G2E-3,0.957388105456775,-4.72170523061387,1,10,10,275,40,275,40
PLA2G2E,PLA2G2E-7,0.980494148244473,-4.72170523061387,1,10,10,327,41,327,41
TAAR1,TAAR1-9,0.800805452292441,-4.32307934986985,1,10,10,29,42,29,29
TAAR1,TAAR1-2,0.806134355725954,-4.32307934986985,1,10,10,31,43,31,31
TAAR1,TAAR1-7,0.821126302083333,-4.32307934986985,1,10,10,43,44,43,43
TAAR1,TAAR1-6,0.860815602836879,-4.32307934986985,1,10,10,97,45,97,45
TAAR1,TAAR1-8,0.90786602144416,-4.32307934986985,1,10,10,178,46,178,46
TAAR1,TAAR1-1,0.932463545663853,-4.32307934986985,1,10,10,228,47,228,47
TAAR1,TAAR1-10,0.936854190585534,-4.32307934986985,1,10,10,234,48,234,48
TAAR1,TAAR1-5,0.953851492019431,-4.32307934986985,1,10,10,272,49,272,49
TAAR1,TAAR1-3,0.960029246892518,-4.32307934986985,1,10,10,280,50,280,50
TAAR1,TAAR1-4,1,-4.32307934986985,1,10,10,358,51,357,51
FAM71B,FAM71B-10,0.767062766605728,-3.88073193274767,1,8,10,9,52,9,9
FAM71B,FAM71B-1,0.818025751072961,-3.88073193274767,1,8,10,38,53,38,38
FAM71B,FAM71B-8,0.831000792183787,-3.88073193274767,1,8,10,54,54,54,54
FAM71B,FAM71B-5,0.834409035901573,-3.88073193274767,1,8,10,58,55,58,55
FAM71B,FAM71B-3,0.862103957605141,-3.88073193274767,1,8,10,100,56,100,56
FAM71B,FAM71B-6,0.886723091390955,-3.88073193274767,1,8,10,132,57,132,57
FAM71B,FAM71B-2,0.894497678553788,-3.88073193274767,1,8,10,146,58,146,58
VN1R2,VN1R2-10,0.813442481688927,-3.85786882621469,1,9,10,34,59,34,34
VN1R2,VN1R2-9,0.871292106586224,-3.85786882621469,1,9,10,111,60,111,60
VN1R2,VN1R2-2,0.874250440917108,-3.85786882621469,1,9,10,117,61,117,61
VN1R2,VN1R2-5,0.889157273215244,-3.85786882621469,1,9,10,140,62,140,62
VN1R2,VN1R2-8,0.903514276749294,-3.85786882621469,1,9,10,166,63,166,63
VN1R2,VN1R2-4,0.915750392688848,-3.85786882621469,1,9,10,190,64,190,64
VN1R2,VN1R2-7,0.923033549478433,-3.85786882621469,1,9,10,201,65,201,65
VN1R2,VN1R2-6,0.926751024772768,-3.85786882621469,1,9,10,210,66,210,66
LHX5,LHX5-2,0.74659894794123,-3.72644144922556,1,9,10,3,67,3,3
LHX5,LHX5-4,0.799249530956848,-3.72644144922556,1,9,10,25,68,25,25
LHX5,LHX5-10,0.826807659331237,-3.72644144922556,1,9,10,50,69,50,50
LHX5,LHX5-5,0.91210277214334,-3.72644144922556,1,9,10,184,70,184,70
LHX5,LHX5-7,0.919575471698113,-3.72644144922556,1,9,10,195,71,195,71
LHX5,LHX5-1,0.924561924561925,-3.72644144922556,1,9,10,205,72,205,72
LHX5,LHX5-9,0.946298984034833,-3.72644144922556,1,9,10,254,73,254,73
LHX5,LHX5-8,0.965266439067834,-3.72644144922556,1,9,10,292,74,292,74
LHX5,LHX5-6,0.971416561580496,-3.72644144922556,1,9,10,300,75,300,75
TAAR8,TAAR8-9,0.855171411969785,-3.71382456371015,1,9,10,86,76,86,76
TAAR8,TAAR8-1,0.856508102456874,-3.71382456371015,1,9,10,90,77,90,77
TAAR8,TAAR8-7,0.866874550251859,-3.71382456371015,1,9,10,104,78,104,78
TAAR8,TAAR8-10,0.884688746315242,-3.71382456371015,1,9,10,129,79,129,79
TAAR8,TAAR8-2,0.893119941133186,-3.71382456371015,1,9,10,144,80,144,80
TAAR8,TAAR8-3,0.89661713563073,-3.71382456371015,1,9,10,151,81,151,81
TAAR8,TAAR8-5,0.925140968306436,-3.71382456371015,1,9,10,206,82,206,82
TAAR8,TAAR8-8,0.945100051308363,-3.71382456371015,1,9,10,252,83,252,83
TAAR8,TAAR8-4,0.97152395915161,-3.71382456371015,1,9,10,301,84,301,84
NLRP5,NLRP5-6,0.761863299956465,-3.43059427351943,1,9,10,7,85,7,7
NLRP5,NLRP5-5,0.776082327892122,-3.43059427351943,1,9,10,16,86,16,16
NLRP5,NLRP5-4,0.808884951271991,-3.43059427351943,1,9,10,32,87,32,32
NLRP5,NLRP5-1,0.839413404435826,-3.43059427351943,1,9,10,63,88,63,63
NLRP5,NLRP5-8,0.850803366488141,-3.43059427351943,1,9,10,80,89,80,80
NLRP5,NLRP5-10,0.882317562149158,-3.43059427351943,1,9,10,124,90,124,90
NLRP5,NLRP5-7,0.924215361061495,-3.43059427351943,1,9,10,203,91,203,91
NLRP5,NLRP5-2,0.938907744523295,-3.43059427351943,1,9,10,239,92,239,92
NPSR1,NPSR1-9,0.813710554951034,-3.32110955037312,1,9,10,35,93,35,35
NPSR1,NPSR1-1,0.820307128122851,-3.32110955037312,1,9,10,42,94,42,42
NPSR1,NPSR1-3,0.86281654217526,-3.32110955037312,1,9,10,101,95,101,95
NPSR1,NPSR1-8,0.907485450531808,-3.32110955037312,1,9,10,176,96,176,96
NPSR1,NPSR1-2,0.924230769230769,-3.32110955037312,1,9,10,204,97,204,97
NPSR1,NPSR1-7,0.94061757719715,-3.32110955037312,1,9,10,242,98,242,98
NPSR1,NPSR1-4,0.942436702012551,-3.32110955037312,1,9,10,248,99,248,99
NPSR1,NPSR1-6,0.964166974510528,-3.32110955037312,1,9,10,290,100,290,100
NPSR1,NPSR1-5,0.98434525068754,-3.32110955037312,1,9,10,334,101,334,101
KRT77,KRT77-4,0.857109060799621,-3.30987541691071,1,9,10,91,102,91,91
KRT77,KRT77-7,0.859251259899208,-3.30987541691071,1,9,10,95,103,95,95
KRT77,KRT77-8,0.906631762652705,-3.30987541691071,1,9,10,173,104,173,104
KRT77,KRT77-9,0.90734055354994,-3.30987541691071,1,9,10,175,105,175,105
KRT77,KRT77-5,0.931641424478101,-3.30987541691071,1,9,10,222,106,222,106
KRT77,KRT77-1,0.933109833971903,-3.30987541691071,1,9,10,229,107,229,107
KRT77,KRT77-2,0.946775844421699,-3.30987541691071,1,9,10,256,108,256,108
KRT77,KRT77-6,0.961921499707089,-3.30987541691071,1,9,10,285,109,285,109
KRT77,KRT77-3,0.984700973574409,-3.30987541691071,1,9,10,335,110,335,110
OLIG2,OLIG2-1,0.746344206974128,-3.22129850217963,1,9,10,2,111,2,2
OLIG2,OLIG2-10,0.826050769870995,-3.22129850217963,1,9,10,48,112,48,48
OLIG2,OLIG2-4,0.845265112440685,-3.22129850217963,1,9,10,73,113,73,73
OLIG2,OLIG2-3,0.894846978812451,-3.22129850217963,1,9,10,147,114,147,114
OLIG2,OLIG2-8,0.928976325441814,-3.22129850217963,1,9,10,217,115,217,115
OLIG2,OLIG2-7,0.974946695095949,-3.22129850217963,1,9,10,312,116,312,116
OLIG2,OLIG2-9,0.978267920856309,-3.22129850217963,1,9,10,322,117,322,117
OLIG2,OLIG2-2,0.97835795259361,-3.22129850217963,1,9,10,324,118,324,118
OLIG2,OLIG2-6,0.990135635018496,-3.22129850217963,1,9,10,343,119,343,119
SAGE1,SAGE1-2,0.805998536942209,-3.16707713387173,1,9,10,30,120,30,30
SAGE1,SAGE1-5,0.844609053497942,-3.16707713387173,1,9,10,71,121,71,71
SAGE1,SAGE1-6,0.877470355731225,-3.16707713387173,1,9,10,119,122,119,119
SAGE1,SAGE1-10,0.883425710709816,-3.16707713387173,1,9,10,127,123,127,123
SAGE1,SAGE1-4,0.897017650639075,-3.16707713387173,1,9,10,153,124,153,124
SAGE1,SAGE1-8,0.898058994345102,-3.16707713387173,1,9,10,154,125,154,125
SAGE1,SAGE1-1,0.92885872297637,-3.16707713387173,1,9,10,216,126,216,126
SAGE1,SAGE1-3,0.979975278121137,-3.16707713387173,1,9,10,326,127,326,127
SAGE1,SAGE1-7,0.992555831265509,-3.16707713387173,1,9,10,348,128,348,128
TAS2R13,TAS2R13-9,0.867751288659794,-3.09387494907527,1,8,10,105,129,105,105
TAS2R13,TAS2R13-10,0.8824499112351,-3.09387494907527,1,8,10,125,130,125,125
TAS2R13,TAS2R13-2,0.900690640628721,-3.09387494907527,1,8,10,162,131,162,131
TAS2R13,TAS2R13-8,0.905410518350359,-3.09387494907527,1,8,10,172,132,172,132
TAS2R13,TAS2R13-1,0.914933837429111,-3.09387494907527,1,8,10,187,133,187,133
TAS2R13,TAS2R13-5,0.928679245283019,-3.09387494907527,1,8,10,214,134,214,134
TAS2R13,TAS2R13-3,0.931428571428571,-3.09387494907527,1,8,10,221,135,221,135
TAS2R13,TAS2R13-7,0.951332760103181,-3.09387494907527,1,8,10,265,136,265,136
RXFP2,RXFP2-9,0.786486486486486,-2.62204831197866,1,8,10,20,137,20,20
RXFP2,RXFP2-8,0.818488888888889,-2.62204831197866,1,8,10,39,138,39,39
RXFP2,RXFP2-4,0.886831275720165,-2.62204831197866,1,8,10,134,139,134,134
RXFP2,RXFP2-7,0.887818520820385,-2.62204831197866,1,8,10,136,140,136,136
RXFP2,RXFP2-1,0.903409090909091,-2.62204831197866,1,8,10,165,141,165,141
RXFP2,RXFP2-3,0.925578753018037,-2.62204831197866,1,8,10,209,142,209,142
RXFP2,RXFP2-10,0.968824463860206,-2.62204831197866,1,8,10,296,143,296,143
RXFP2,RXFP2-5,0.97301474084641,-2.62204831197866,1,8,10,307,144,307,144
DEFB129,DEFB129-8,0.774747237244298,-2.60146291566065,1,8,10,14,145,14,14
DEFB129,DEFB129-4,0.843746252548267,-2.60146291566065,1,8,10,69,146,69,69
DEFB129,DEFB129-5,0.869646182495345,-2.60146291566065,1,8,10,107,147,107,107
DEFB129,DEFB129-3,0.871287128712871,-2.60146291566065,1,8,10,110,148,110,110
DEFB129,DEFB129-2,0.930744427309687,-2.60146291566065,1,8,10,220,149,220,149
DEFB129,DEFB129-1,0.940320855614973,-2.60146291566065,1,8,10,241,150,241,150
DEFB129,DEFB129-6,0.946463654223969,-2.60146291566065,1,8,10,255,151,255,151
DEFB129,DEFB129-7,0.97364435019691,-2.60146291566065,1,8,10,309,152,309,152
CRYGB,CRYGB-4,0.871184848959148,-2.51252145374969,1,6,10,109,153,109,109
CRYGB,CRYGB-3,0.886539953452289,-2.51252145374969,1,6,10,131,154,131,131
CRYGB,CRYGB-10,0.887877976986888,-2.51252145374969,1,6,10,137,155,137,137
CRYGB,CRYGB-9,0.89159125188537,-2.51252145374969,1,6,10,142,156,142,142
CRYGB,CRYGB-5,0.898736037624926,-2.51252145374969,1,6,10,157,157,157,157
CRYGB,CRYGB-2,0.904656930283825,-2.51252145374969,1,6,10,169,158,169,158
OR12D2,OR12D2-10,0.863372093023256,-2.30105096487635,1,8,10,102,159,102,102
OR12D2,OR12D2-9,0.884231103388358,-2.30105096487635,1,8,10,128,160,128,128
OR12D2,OR12D2-1,0.899325842696629,-2.30105096487635,1,8,10,158,161,158,158
OR12D2,OR12D2-8,0.949148029818956,-2.30105096487635,1,8,10,261,162,261,162
OR12D2,OR12D2-4,0.950993131613143,-2.30105096487635,1,8,10,264,163,264,163
OR12D2,OR12D2-5,0.969623655913978,-2.30105096487635,1,8,10,297,164,297,164
OR12D2,OR12D2-6,0.98110566829951,-2.30105096487635,1,8,10,330,165,330,165
OR12D2,OR12D2-3,0.987776289350301,-2.30105096487635,1,8,10,340,166,340,166
TAS2R9,TAS2R9-7,0.799939375568354,-2.28279376660034,1,8,10,27,167,27,27
TAS2R9,TAS2R9-10,0.822999653619674,-2.28279376660034,1,8,10,45,168,45,45
TAS2R9,TAS2R9-6,0.847148464557839,-2.28279376660034,1,8,10,77,169,77,77
TAS2R9,TAS2R9-4,0.871062992125984,-2.28279376660034,1,8,10,108,170,108,108
TAS2R9,TAS2R9-9,0.931885317115552,-2.28279376660034,1,8,10,225,171,225,171
TAS2R9,TAS2R9-1,0.953691374463678,-2.28279376660034,1,8,10,270,172,270,172
TAS2R9,TAS2R9-2,0.971771618342062,-2.28279376660034,1,8,10,302,173,302,173
TAS2R9,TAS2R9-5,0.989053948397185,-2.28279376660034,1,8,10,342,174,342,174
MAGEB3,MAGEB3-4,0.75042965872821,-2.2785029267448,1,7,10,4,175,4,4
MAGEB3,MAGEB3-8,0.825937916587317,-2.2785029267448,1,7,10,47,176,47,47
MAGEB3,MAGEB3-5,0.838686820973075,-2.2785029267448,1,7,10,61,177,61,61
MAGEB3,MAGEB3-2,0.846652553585605,-2.2785029267448,1,7,10,76,178,76,76
LUZP4,LUZP4-7,0.881638846737481,-2.27367703356888,1,7,10,123,179,123,123
LUZP4,LUZP4-2,0.902714192282538,-2.27367703356888,1,7,10,164,180,164,164
LUZP4,LUZP4-8,0.908243486073675,-2.27367703356888,1,7,10,180,181,180,180
LUZP4,LUZP4-5,0.920853858784893,-2.27367703356888,1,7,10,198,182,198,182
LUZP4,LUZP4-3,0.928007653671371,-2.27367703356888,1,7,10,211,183,211,183
LUZP4,LUZP4-6,0.935117736744028,-2.27367703356888,1,7,10,231,184,231,184
LUZP4,LUZP4-4,0.948116560056859,-2.27367703356888,1,7,10,259,185,259,185
ABCG8,ABCG8-2,0.842948717948718,-2.19339162046123,1,8,10,68,186,68,68
ABCG8,ABCG8-7,0.925359208807613,-2.19339162046123,1,8,10,208,187,208,187
ABCG8,ABCG8-4,0.929244199402711,-2.19339162046123,1,8,10,218,188,218,188
ABCG8,ABCG8-1,0.931751976695797,-2.19339162046123,1,8,10,223,189,223,189
ABCG8,ABCG8-6,0.931966449207829,-2.19339162046123,1,8,10,226,190,226,190
ABCG8,ABCG8-3,0.972211720226843,-2.19339162046123,1,8,10,303,191,303,191
ABCG8,ABCG8-9,0.981396279255851,-2.19339162046123,1,8,10,331,192,331,192
ABCG8,ABCG8-5,0.99666922879836,-2.19339162046123,1,8,10,352,193,352,193
ADH7,ADH7-7,0.781586679725759,-2.167166921417,1,8,10,18,194,18,18
ADH7,ADH7-10,0.790907482752521,-2.167166921417,1,8,10,22,195,22,22
ADH7,ADH7-9,0.860884418295692,-2.167166921417,1,8,10,98,196,98,98
ADH7,ADH7-5,0.896121613720522,-2.167166921417,1,8,10,150,197,150,150
ADH7,ADH7-2,0.951399894347596,-2.167166921417,1,8,10,266,198,266,198
ADH7,ADH7-6,0.95300572519084,-2.167166921417,1,8,10,268,199,268,199
ADH7,ADH7-3,0.965377957299481,-2.167166921417,1,8,10,293,200,293,200
ADH7,ADH7-4,0.99855421686747,-2.167166921417,1,8,10,355,201,355,201
CABP5,CABP5-8,0.800284798860805,-2.12379863893354,1,7,10,28,202,28,28
CABP5,CABP5-1,0.872100122100122,-2.12379863893354,1,7,10,112,203,112,112
CABP5,CABP5-6,0.872258837627322,-2.12379863893354,1,7,10,113,204,113,113
CABP5,CABP5-2,0.887441375716519,-2.12379863893354,1,7,10,135,205,135,135
CABP5,CABP5-10,0.919241358213521,-2.12379863893354,1,7,10,193,206,193,193
CABP5,CABP5-4,0.941514299109236,-2.12379863893354,1,7,10,245,207,245,207
CABP5,CABP5-3,0.956037277147488,-2.12379863893354,1,7,10,274,208,274,208
TRIM42,TRIM42-10,0.771832718327183,-2.04790373613872,1,7,10,11,209,11,11
TRIM42,TRIM42-4,0.7759682224429,-2.04790373613872,1,7,10,15,210,15,15
TRIM42,TRIM42-6,0.851967370441459,-2.04790373613872,1,7,10,82,211,82,82
TRIM42,TRIM42-5,0.941897868918376,-2.04790373613872,1,7,10,247,212,247,212
TRIM42,TRIM42-2,0.950780159837625,-2.04790373613872,1,7,10,263,213,263,213
TRIM42,TRIM42-9,0.96013437849944,-2.04790373613872,1,7,10,281,214,281,214
TRIM42,TRIM42-1,0.960386732912582,-2.04790373613872,1,7,10,282,215,282,215
IL22,IL22-4,0.740943350352541,-1.98272338766854,1,7,10,1,216,1,1
SPATA16,SPATA16-9,0.774079320113314,-1.73457974320331,1,5,10,12,217,12,12
SPATA16,SPATA16-7,0.78770620581304,-1.73457974320331,1,5,10,21,218,21,21
RPS9,RPS9-1,0.758074103427779,-1.55704095382297,1,3,10,6,219,6,6
RPS9,RPS9-9,0.799307958477509,-1.55704095382297,1,3,10,26,220,26,26
KRT74,KRT74-3,0.809512312892323,-1.51762252466515,1,7,10,33,221,33,33
KRT74,KRT74-1,0.874658617220066,-1.51762252466515,1,7,10,118,222,118,118
KRT74,KRT74-8,0.923537988012312,-1.51762252466515,1,7,10,202,223,202,202
KRT74,KRT74-5,0.946963873943121,-1.51762252466515,1,7,10,257,224,257,224
KRT74,KRT74-2,0.9723163009866,-1.51762252466515,1,7,10,305,225,305,225
KRT74,KRT74-9,0.987339690891154,-1.51762252466515,1,7,10,339,226,339,226
KRT74,KRT74-6,0.99248417721519,-1.51762252466515,1,7,10,347,227,347,227
FCRL4,FCRL4-4,0.816539440203562,-1.4752973986795,1,7,10,37,228,37,37
FCRL4,FCRL4-8,0.833533221396018,-1.4752973986795,1,7,10,56,229,56,56
FCRL4,FCRL4-6,0.941369503390943,-1.4752973986795,1,7,10,244,230,244,230
FCRL4,FCRL4-5,0.953508581359983,-1.4752973986795,1,7,10,269,231,269,231
FCRL4,FCRL4-7,0.961067247481623,-1.4752973986795,1,7,10,284,232,284,232
FCRL4,FCRL4-1,0.978010471204188,-1.4752973986795,1,7,10,320,233,320,233
FCRL4,FCRL4-2,0.996815286624204,-1.4752973986795,1,7,10,353,234,353,234
RPTN,RPTN-1,0.888286544046467,-1.41517400558737,1,6,10,139,235,139,139
RPTN,RPTN-8,0.911416094822208,-1.41517400558737,1,6,10,182,236,182,182
RPTN,RPTN-3,0.938197110989212,-1.41517400558737,1,6,10,237,237,237,237
RPTN,RPTN-6,0.953765227021041,-1.41517400558737,1,6,10,271,238,271,238
RPTN,RPTN-2,0.9580375782881,-1.41517400558737,1,6,10,276,239,276,239
RPTN,RPTN-7,0.958735055919784,-1.41517400558737,1,6,10,277,240,277,240
NPHS2,NPHS2-8,0.841785357888052,-1.32789482298888,1,6,10,67,241,67,67
NPHS2,NPHS2-10,0.84532179556517,-1.32789482298888,1,6,10,74,242,74,74
NPHS2,NPHS2-1,0.8529568460309,-1.32789482298888,1,6,10,85,243,85,85
NPHS2,NPHS2-7,0.900035872294631,-1.32789482298888,1,6,10,159,244,159,159
NPHS2,NPHS2-4,0.93315956060324,-1.32789482298888,1,6,10,230,245,230,230
NPHS2,NPHS2-6,0.963475030953364,-1.32789482298888,1,6,10,289,246,289,246
CYP7A1,CYP7A1-9,0.781710152415397,-1.19952472989489,1,6,10,19,247,19,19
CYP7A1,CYP7A1-7,0.855652350081037,-1.19952472989489,1,6,10,88,248,88,88
CYP7A1,CYP7A1-5,0.896919917864476,-1.19952472989489,1,6,10,152,249,152,152
CYP7A1,CYP7A1-2,0.948273143037376,-1.19952472989489,1,6,10,260,250,260,250
CYP7A1,CYP7A1-1,0.959601549529607,-1.19952472989489,1,6,10,278,251,278,251
CYP7A1,CYP7A1-3,0.973163520582215,-1.19952472989489,1,6,10,308,252,308,252
OTUD6A,OTUD6A-7,0.770919736521103,-1.13910516265956,1,6,10,10,253,10,10
OTUD6A,OTUD6A-1,0.852869846402587,-1.13910516265956,1,6,10,84,254,84,84
OTUD6A,OTUD6A-4,0.891012909632572,-1.13910516265956,1,6,10,141,255,141,141
OTUD6A,OTUD6A-2,0.901434521055067,-1.13910516265956,1,6,10,163,256,163,163
COPS8,COPS8-7,0.75104415274463,-1.09321859858393,1,1,16,5,257,5,5
TPH2,TPH2-6,0.869274809160305,-1.07611433817269,1,6,10,106,258,106,106
TPH2,TPH2-2,0.919537207467789,-1.07611433817269,1,6,10,194,259,194,194
TPH2,TPH2-7,0.928571428571429,-1.07611433817269,1,6,10,213,260,213,213
TPH2,TPH2-9,0.945286195286195,-1.07611433817269,1,6,10,253,261,253,253
TPH2,TPH2-1,0.979405806887238,-1.07611433817269,1,6,10,325,262,325,262
TPH2,TPH2-10,0.980645161290323,-1.07611433817269,1,6,10,328,263,328,263
PIWIL3,PIWIL3-7,0.90532158015018,-0.952714994722415,1,6,10,171,264,171,171
PIWIL3,PIWIL3-4,0.935158501440922,-0.952714994722415,1,6,10,232,265,232,232
PIWIL3,PIWIL3-8,0.952406633409734,-0.952714994722415,1,6,10,267,266,267,266
PIWIL3,PIWIL3-3,0.963412391983821,-0.952714994722415,1,6,10,288,267,288,267
PIWIL3,PIWIL3-2,0.971313826735513,-0.952714994722415,1,6,10,299,268,299,268
PIWIL3,PIWIL3-1,0.995038167938931,-0.952714994722415,1,6,10,350,269,350,269
NUP133,NUP133-9,0.774632433618609,-0.893146308514462,1,2,10,13,270,13,13
KRT25,KRT25-8,0.886825817860301,-0.854492320536679,1,5,10,133,271,133,133
KRT25,KRT25-7,0.929353585305546,-0.854492320536679,1,5,10,219,272,219,219
KRT25,KRT25-1,0.937416421503076,-0.854492320536679,1,5,10,236,273,236,236
KRT25,KRT25-6,0.95985401459854,-0.854492320536679,1,5,10,279,274,279,274
KRT25,KRT25-10,0.960601719197708,-0.854492320536679,1,5,10,283,275,283,275
RNASE9,RNASE9-2,0.86099706744868,-0.842380387513776,1,6,11,99,276,99,99
RNASE9,RNASE9-6,0.865233350812795,-0.842380387513776,1,6,11,103,277,103,103
RNASE9,RNASE9-10,0.898279158699809,-0.842380387513776,1,6,11,155,278,155,155
RNASE9,RNASE9-3,0.91358024691358,-0.842380387513776,1,6,11,185,279,185,185
DMRTB1,DMRTB1-5,0.79778156996587,-0.834504669986598,1,2,10,24,280,24,24
DMRTB1,DMRTB1-2,0.841476091476091,-0.834504669986598,1,2,10,66,281,66,66
COPA,COPA-5,0.777452415812592,-0.784703303330054,1,1,10,17,282,17,17
KRT9,KRT9-3,0.795999389219728,-0.665460744538022,1,5,10,23,283,23,23
HTR3D,HTR3D-6,0.852107279693487,-0.636492471417331,1,5,10,83,284,83,83
HTR3D,HTR3D-10,0.920171827456596,-0.636492471417331,1,5,10,197,285,197,197
HTR3D,HTR3D-2,0.943532818532819,-0.636492471417331,1,5,10,250,286,250,250
HTR3D,HTR3D-9,0.961932050757266,-0.636492471417331,1,5,10,286,287,286,286
HTR3D,HTR3D-4,0.980960749853544,-0.636492471417331,1,5,10,329,288,329,288
RPL27,RPL27-4,0.833811320754717,-0.62877120847353,1,4,10,57,289,57,57
RPL27,RPL27-6,0.8563206985513,-0.62877120847353,1,4,10,89,290,89,89
OC90,OC90-10,0.819924575738529,-0.557227910420428,1,5,10,41,291,41,41
OC90,OC90-5,0.907252096694623,-0.557227910420428,1,5,10,174,292,174,174
OC90,OC90-2,0.95564180759634,-0.557227910420428,1,5,10,273,293,273,273
OC90,OC90-3,0.982971711068388,-0.557227910420428,1,5,10,333,294,333,294
OC90,OC90-4,0.993947858472998,-0.557227910420428,1,5,10,349,295,349,295
POLR2A,POLR2A-6,0.815226510067114,-0.496721067115986,1,1,10,36,296,36,36
OR9Q2,OR9Q2-1,0.893314366998578,-0.43327664721965,1,4,10,145,297,145,145
OR9Q2,OR9Q2-10,0.915852205005959,-0.43327664721965,1,4,10,191,298,191,191
OR9Q2,OR9Q2-9,0.941790040376851,-0.43327664721965,1,4,10,246,299,246,246
OR9Q2,OR9Q2-3,0.965752227852525,-0.43327664721965,1,4,10,295,300,295,295
RPL36,RPL36-8,0.824844720496894,-0.409903609033018,1,1,10,46,301,46,46
RPS7,RPS7-8,0.882690730106645,-0.346937742035159,1,3,8,126,302,126,126
RPS7,RPS7-5,0.9075952837949,-0.346937742035159,1,3,8,177,303,177,177
RPL30,RPL30-6,0.845217762596072,-0.265376240654502,1,1,10,72,304,72,72
COPZ1,COPZ1-16,0.844160720991363,-0.151952523155986,1,3,16,70,305,70,70
PSMB3,PSMB3-8,0.900599224532957,-0.127896183189183,1,2,10,161,306,161,161
PSMB3,PSMB3-4,0.937204491725768,-0.127896183189183,1,2,10,235,307,235,235
PSMB2,PSMB2-7,0.841326530612245,-0.0874149107837281,1,3,24,65,308,65,65
RPS24,RPS24-1,0.877979568671964,-0.0832980526725706,1,3,13,120,309,120,120
PSMD1,PSMD1-15,0.885185610849328,-0.0824482685264348,1,1,12,130,310,130,130
LYZL6,LYZL6-10,0.911120427628131,-0.0568677483218473,1,1,10,181,311,181,181
MRGPRD,MRGPRD-4,0.911716295077061,-0.0553215821218122,1,1,10,183,312,183,183
COPS4,COPS4-5,0.914164004259851,-0.0530785972654542,1,1,10,186,313,186,186
IL1F10,IL1F10-2,0.944545454545455,-0.0497275986225963,1,2,10,251,314,251,251
IL1F10,IL1F10-5,0.976350768168479,-0.0497275986225963,1,2,10,316,315,316,315
PSMC2,PSMC2-6,0.928778467908903,-0.0470496499421142,1,2,14,215,316,215,215
PSMC2,PSMC2-8,0.938684210526316,-0.0470496499421142,1,2,14,238,317,238,238
DMRTC2,DMRTC2-4,0.920120439249026,-0.046218930744129,1,2,10,196,318,196,196
RPL35A,RPL35A-3,0.972257571901247,-0.031096972432148,1,1,7,304,319,304,304
RPS11,RPS11-5,0.932327761924174,-0.0299261325258143,1,1,10,227,320,227,227
COPB1,COPB1-9,0.965103448275862,-0.0117012371008176,1,1,10,291,321,291,291
PSMA3,PSMA3-7,0.974866310160428,-0.0085933641696767,1,1,10,311,322,311,311
PSMD6,PSMD6-2,0.978181818181818,-0.00017545006309638,1,1,19,321,323,321,321
IL22,IL22-1,0.83664566165778,-1.98272338766854,0,7,10,60,999999,60,60
NUP133,NUP133-4,0.84974958263773,-0.893146308514462,0,2,10,79,999999,79,79
SPATA16,SPATA16-5,0.850947158524427,-1.73457974320331,0,5,10,81,999999,81,81
IL22,IL22-8,0.879884004884005,-1.98272338766854,0,7,10,122,999999,122,122
SPATA16,SPATA16-6,0.892286171063149,-1.73457974320331,0,5,10,143,999999,143,143
IL22,IL22-6,0.895175286358903,-1.98272338766854,0,7,10,149,999999,149,149
MAGEB3,MAGEB3-10,0.904948171327987,-2.2785029267448,0,7,10,170,999999,170,170
PSMB2,PSMB2-8,0.915300546448087,-0.0874149107837281,0,3,24,188,999999,188,188
MAGEB3,MAGEB3-1,0.916379903647626,-2.2785029267448,0,7,10,192,999999,192,192
KRT9,KRT9-7,0.922591743119266,-0.665460744538022,0,5,10,200,999999,200,200
RPL27,RPL27-3,0.928468830795748,-0.62877120847353,0,4,10,212,999999,212,212
COPZ1,COPZ1-6,0.931847250137036,-0.151952523155986,0,3,16,224,999999,224,224
PSMB2,PSMB2-24,0.943262411347518,-0.0874149107837281,0,3,24,249,999999,249,249
RPS24,RPS24-9,0.947783029484582,-0.0832980526725706,0,3,13,258,999999,258,258
KRT9,KRT9-8,0.962195565249,-0.665460744538022,0,5,10,287,999999,287,287
RPS7,RPS7-2,0.970398362462604,-0.346937742035159,0,3,8,298,999999,298,298
SPATA16,SPATA16-8,0.97235634958957,-1.73457974320331,0,5,10,306,999999,306,306
OTUD6A,OTUD6A-5,0.974247370330069,-1.13910516265956,0,6,10,310,999999,310,310
FAM71B,FAM71B-4,0.975083782602361,-3.88073193274767,0,8,10,313,999999,313,313
IL22,IL22-5,0.975096711798839,-1.98272338766854,0,7,10,314,999999,314,314
COPZ1,COPZ1-13,0.976077187417394,-0.151952523155986,0,3,16,315,999999,315,315
IL22,IL22-10,0.977195138604397,-1.98272338766854,0,7,10,318,999999,318,318
KRT9,KRT9-10,0.977980791754509,-0.665460744538022,0,5,10,319,999999,319,319
RPS9,RPS9-5,0.978282526399681,-1.55704095382297,0,3,10,323,999999,323,323
RPL27,RPL27-5,0.982053231939163,-0.62877120847353,0,4,10,332,999999,332,332
MAGEB3,MAGEB3-9,0.98534230039662,-2.2785029267448,0,7,10,336,999999,336,336
IL22,IL22-7,0.986466607825831,-1.98272338766854,0,7,10,337,999999,337,337
RPS24,RPS24-12,0.986871550052215,-0.0832980526725706,0,3,13,338,999999,338,338
KRT9,KRT9-6,0.990919857876036,-0.665460744538022,0,5,10,344,999999,344,344
RNASE9,RNASE9-8,0.992099898063201,-0.842380387513776,0,6,11,345,999999,345,345
OTUD6A,OTUD6A-9,0.992125984251969,-1.13910516265956,0,6,10,346,999999,346,346
VN1R2,VN1R2-1,0.995402721588819,-3.85786882621469,0,9,10,351,999999,351,351
DMRTC2,DMRTC2-2,0.997358224727017,-0.046218930744129,0,2,10,354,999999,354,354
NLRP5,NLRP5-9,0.998948475289169,-3.43059427351943,0,9,10,356,999999,356,356
RNASE9,RNASE9-1,1,-0.842380387513776,0,6,11,357,999999,358,358
TPH2,TPH2-4,1.00038066235249,-1.07611433817269,0,6,10,359,999999,999999,999999
OR12D2,OR12D2-7,1.0004159733777,-2.30105096487635,0,8,10,360,999999,999999,999999
DMRTC2,DMRTC2-10,1.00073626859078,-0.046218930744129,0,2,10,361,999999,999999,999999
CYP7A1,CYP7A1-10,1.00116572760832,-1.19952472989489,0,6,10,362,999999,999999,999999
NPHS2,NPHS2-3,1.00268250622725,-1.32789482298888,0,6,10,363,999999,999999,999999
LUZP4,LUZP4-10,1.003804017042,-2.27367703356888,0,7,10,364,999999,999999,999999
MAGEB3,MAGEB3-7,1.00406601291557,-2.2785029267448,0,7,10,365,999999,999999,999999
KRT74,KRT74-4,1.00412168792934,-1.51762252466515,0,7,10,366,999999,999999,999999
RNASE9,RNASE9-5,1.00412881915772,-0.842380387513776,0,6,11,367,999999,999999,999999
RNASE9,RNASE9-7,1.00504462553357,-0.842380387513776,0,6,11,368,999999,999999,999999
RPTN,RPTN-5,1.00652804642166,-1.41517400558737,0,6,10,369,999999,999999,999999
MRGPRD,MRGPRD-7,1.008,-0.0553215821218122,0,1,10,370,999999,999999,999999
CRYGB,CRYGB-7,1.00846645367412,-2.51252145374969,0,6,10,371,999999,999999,999999
RPTN,RPTN-10,1.00854283622163,-1.41517400558737,0,6,10,372,999999,999999,999999
TAS2R9,TAS2R9-3,1.00861326442722,-2.28279376660034,0,8,10,373,999999,999999,999999
DMRTB1,DMRTB1-6,1.00899958141482,-0.834504669986598,0,2,10,374,999999,999999,999999
RPS24,RPS24-2,1.00911577028259,-0.0832980526725706,0,3,13,375,999999,999999,999999
KRT9,KRT9-5,1.00989819004525,-0.665460744538022,0,5,10,376,999999,999999,999999
RPL34,RPL34-2,1.01008403361345,1,0,0,7,377,999999,999999,999999
OR9Q2,OR9Q2-2,1.01037165082109,-0.43327664721965,0,4,10,378,999999,999999,999999
KRT9,KRT9-1,1.01038062283737,-0.665460744538022,0,5,10,379,999999,999999,999999
TRIM42,TRIM42-8,1.01089799476896,-2.04790373613872,0,7,10,380,999999,999999,999999
LYZL6,LYZL6-1,1.01105300689327,-0.0568677483218473,0,1,10,381,999999,999999,999999
OR9Q2,OR9Q2-4,1.01111522786217,-0.43327664721965,0,4,10,382,999999,999999,999999
MAGEB3,MAGEB3-3,1.01165501165501,-2.2785029267448,0,7,10,383,999999,999999,999999
TAS2R13,TAS2R13-6,1.01207464324918,-3.09387494907527,0,8,10,384,999999,999999,999999
IL22,IL22-9,1.0122084548105,-1.98272338766854,0,7,10,385,999999,999999,999999
MAGEB3,MAGEB3-6,1.01254848277436,-2.2785029267448,0,7,10,386,999999,999999,999999
PIWIL3,PIWIL3-10,1.01410289892922,-0.952714994722415,0,6,10,387,999999,999999,999999
OR9Q2,OR9Q2-5,1.01428207090028,-0.43327664721965,0,4,10,388,999999,999999,999999
MRGPRD,MRGPRD-5,1.01431297709924,-0.0553215821218122,0,1,10,389,999999,999999,999999
MRGPRD,MRGPRD-2,1.01527431421446,-0.0553215821218122,0,1,10,390,999999,999999,999999
OTUD6A,OTUD6A-6,1.01528131511924,-1.13910516265956,0,6,10,391,999999,999999,999999
KRT77,KRT77-10,1.01581993569132,-3.30987541691071,0,9,10,392,999999,999999,999999
KRT25,KRT25-5,1.01706591514013,-0.854492320536679,0,5,10,393,999999,999999,999999
RXFP2,RXFP2-2,1.01760777170613,-2.62204831197866,0,8,10,394,999999,999999,999999
KRT9,KRT9-2,1.01760835913313,-0.665460744538022,0,5,10,395,999999,999999,999999
LYZL6,LYZL6-3,1.01775804661487,-0.0568677483218473,0,1,10,396,999999,999999,999999
DMRTB1,DMRTB1-3,1.01807735426009,-0.834504669986598,0,2,10,397,999999,999999,999999
DMRTB1,DMRTB1-7,1.0194489465154,-0.834504669986598,0,2,10,398,999999,999999,999999
FCRL4,FCRL4-10,1.02153460171441,-1.4752973986795,0,7,10,399,999999,999999,999999
DMRTB1,DMRTB1-9,1.02281606501016,-0.834504669986598,0,2,10,400,999999,999999,999999
CRYGB,CRYGB-1,1.0229059061307,-2.51252145374969,0,6,10,401,999999,999999,999999
DEFB129,DEFB129-9,1.02310516087238,-2.60146291566065,0,8,10,402,999999,999999,999999
PSMC2,PSMC2-10,1.02310924369748,-0.0470496499421142,0,2,14,403,999999,999999,999999
IL22,IL22-3,1.02392516639683,-1.98272338766854,0,7,10,404,999999,999999,999999
SPATA16,SPATA16-4,1.02414231257942,-1.73457974320331,0,5,10,405,999999,999999,999999
SPATA16,SPATA16-2,1.0249593054802,-1.73457974320331,0,5,10,406,999999,999999,999999
POU4F2,POU4F2-9,1.02548186867037,-4.77286097606837,0,8,10,407,999999,999999,999999
LUZP4,LUZP4-9,1.02575107296137,-2.27367703356888,0,7,10,408,999999,999999,999999
TRIM42,TRIM42-3,1.02647783251232,-2.04790373613872,0,7,10,409,999999,999999,999999
OR12D2,OR12D2-2,1.02684941794968,-2.30105096487635,0,8,10,410,999999,999999,999999
TPH2,TPH2-3,1.02708978328173,-1.07611433817269,0,6,10,411,999999,999999,999999
PSMC1,PSMC1-2,1.02771797631862,1,0,0,10,412,999999,999999,999999
HTR3D,HTR3D-1,1.027739090065,-0.636492471417331,0,5,10,413,999999,999999,999999
VN1R2,VN1R2-3,1.02780898876404,-3.85786882621469,0,9,10,414,999999,999999,999999
POU4F2,POU4F2-1,1.02915148360229,-4.77286097606837,0,8,10,415,999999,999999,999999
DMRTC2,DMRTC2-5,1.029521921128,-0.046218930744129,0,2,10,416,999999,999999,999999
PSMA3,PSMA3-9,1.03095809981318,-0.0085933641696767,0,1,10,417,999999,999999,999999
MRGPRD,MRGPRD-3,1.03116322122802,-0.0553215821218122,0,1,10,418,999999,999999,999999
TAS2R9,TAS2R9-8,1.03304255881575,-2.28279376660034,0,8,10,419,999999,999999,999999
RPL5,RPL5-10,1.03596766210196,1,0,0,10,420,999999,999999,999999
RNASE9,RNASE9-9,1.03598416696653,-0.842380387513776,0,6,11,421,999999,999999,999999
KRT25,KRT25-9,1.03602058319039,-0.854492320536679,0,5,10,422,999999,999999,999999
KRT9,KRT9-4,1.03764239722635,-0.665460744538022,0,5,10,423,999999,999999,999999
COPS8,COPS8-8,1.03931071620894,-1.09321859858393,0,1,16,424,999999,999999,999999
RPL9,RPL9-8,1.04087736789631,1,0,0,10,425,999999,999999,999999
CABP5,CABP5-5,1.04268292682927,-2.12379863893354,0,7,10,426,999999,999999,999999
ABCG8,ABCG8-10,1.04279971624498,-2.19339162046123,0,8,10,427,999999,999999,999999
DMRTC2,DMRTC2-7,1.04485016868426,-0.046218930744129,0,2,10,428,999999,999999,999999
CABP5,CABP5-9,1.04817087025676,-2.12379863893354,0,7,10,429,999999,999999,999999
ADH7,ADH7-1,1.04828747894441,-2.167166921417,0,8,10,430,999999,999999,999999
OC90,OC90-9,1.04905063291139,-0.557227910420428,0,5,10,431,999999,999999,999999
CABP5,CABP5-7,1.04946619217082,-2.12379863893354,0,7,10,432,999999,999999,999999
IL1F10,IL1F10-8,1.05,-0.0497275986225963,0,2,10,433,999999,999999,999999
TPH2,TPH2-5,1.05012111049003,-1.07611433817269,0,6,10,434,999999,999999,999999
CYP7A1,CYP7A1-4,1.05206964520368,-1.19952472989489,0,6,10,435,999999,999999,999999
IL1F10,IL1F10-9,1.05358012664394,-0.0497275986225963,0,2,10,436,999999,999999,999999
NLRP5,NLRP5-3,1.05358309736441,-3.43059427351943,0,9,10,437,999999,999999,999999
KRT9,KRT9-9,1.05492037566354,-0.665460744538022,0,5,10,438,999999,999999,999999
DEFB129,DEFB129-10,1.05754745405243,-2.60146291566065,0,8,10,439,999999,999999,999999
TAAR8,TAAR8-6,1.05774925962488,-3.71382456371015,0,9,10,440,999999,999999,999999
FCRL4,FCRL4-3,1.05895589558956,-1.4752973986795,0,7,10,441,999999,999999,999999
SPATA16,SPATA16-10,1.05907977130411,-1.73457974320331,0,5,10,442,999999,999999,999999
TGM6,TGM6-4,1.05929791271347,-4.93695016136624,0,13,14,443,999999,999999,999999
COPS2,COPS2-2,1.05948308627898,1,0,0,10,444,999999,999999,999999
MRGPRD,MRGPRD-6,1.05959246443676,-0.0553215821218122,0,1,10,445,999999,999999,999999
RPL30,RPL30-10,1.06003873466753,-0.265376240654502,0,1,10,446,999999,999999,999999
PSMD1,PSMD1-17,1.06012024048096,-0.0824482685264348,0,1,12,447,999999,999999,999999
COPS6,COPS6-9,1.06089032918301,1,0,0,10,448,999999,999999,999999
ADH7,ADH7-8,1.06129303106633,-2.167166921417,0,8,10,449,999999,999999,999999
NPHS2,NPHS2-9,1.06289184952978,-1.32789482298888,0,6,10,450,999999,999999,999999
HTR3D,HTR3D-3,1.06294768830041,-0.636492471417331,0,5,10,451,999999,999999,999999
LYZL6,LYZL6-9,1.06409861325116,-0.0568677483218473,0,1,10,452,999999,999999,999999
OTUD6A,OTUD6A-3,1.06433566433566,-1.13910516265956,0,6,10,453,999999,999999,999999
FAM71B,FAM71B-7,1.065150238697,-3.88073193274767,0,8,10,454,999999,999999,999999
RPS7,RPS7-7,1.06604426002766,-0.346937742035159,0,3,8,455,999999,999999,999999
PSMA3,PSMA3-4,1.06631142687981,-0.0085933641696767,0,1,10,456,999999,999999,999999
COPS8,COPS8-3,1.06733524355301,-1.09321859858393,0,1,16,457,999999,999999,999999
RPL5,RPL5-7,1.06761864762705,1,0,0,10,458,999999,999999,999999
RPL30,RPL30-3,1.06810810810811,-0.265376240654502,0,1,10,459,999999,999999,999999
RPTN,RPTN-9,1.0698381966533,-1.41517400558737,0,6,10,460,999999,999999,999999
DMRTC2,DMRTC2-6,1.06994397252847,-0.046218930744129,0,2,10,461,999999,999999,999999
HTR3D,HTR3D-8,1.07195203197868,-0.636492471417331,0,5,10,462,999999,999999,999999
OR9Q2,OR9Q2-6,1.07566302652106,-0.43327664721965,0,4,10,463,999999,999999,999999
SAGE1,SAGE1-9,1.07797270955166,-3.16707713387173,0,9,10,464,999999,999999,999999
ABCG8,ABCG8-8,1.08015440508629,-2.19339162046123,0,8,10,465,999999,999999,999999
RPS24,RPS24-11,1.08483516483516,-0.0832980526725706,0,3,13,466,999999,999999,999999
OC90,OC90-7,1.08565561748313,-0.557227910420428,0,5,10,467,999999,999999,999999
DMRTC2,DMRTC2-8,1.08688503857342,-0.046218930744129,0,2,10,468,999999,999999,999999
SPATA16,SPATA16-3,1.08720930232558,-1.73457974320331,0,5,10,469,999999,999999,999999
CRYGB,CRYGB-6,1.0872812633376,-2.51252145374969,0,6,10,470,999999,999999,999999
COPZ1,COPZ1-8,1.09331352154532,-0.151952523155986,0,3,16,471,999999,999999,999999
RPL9,RPL9-1,1.09416641989932,1,0,0,10,472,999999,999999,999999
KRT74,KRT74-10,1.0950852557673,-1.51762252466515,0,7,10,473,999999,999999,999999
NUP93,NUP93-3,1.09559987337765,1,0,0,11,474,999999,999999,999999
PIWIL3,PIWIL3-6,1.09675881792183,-0.952714994722415,0,6,10,475,999999,999999,999999
RNASE9,RNASE9-11,1.09704220671319,-0.842380387513776,0,6,11,476,999999,999999,999999
LYZL6,LYZL6-4,1.09704455227172,-0.0568677483218473,0,1,10,477,999999,999999,999999
OR9Q2,OR9Q2-8,1.09714285714286,-0.43327664721965,0,4,10,478,999999,999999,999999
MRGPRD,MRGPRD-1,1.09913793103448,-0.0553215821218122,0,1,10,479,999999,999999,999999
DMRTB1,DMRTB1-4,1.0999600159936,-0.834504669986598,0,2,10,480,999999,999999,999999
LYZL6,LYZL6-7,1.10065907729179,-0.0568677483218473,0,1,10,481,999999,999999,999999
OTUD6A,OTUD6A-10,1.10102335345054,-1.13910516265956,0,6,10,482,999999,999999,999999
FAM71B,FAM71B-9,1.10480015299292,-3.88073193274767,0,8,10,483,999999,999999,999999
PIWIL3,PIWIL3-9,1.10567936736161,-0.952714994722415,0,6,10,484,999999,999999,999999
OC90,OC90-8,1.10586944596818,-0.557227910420428,0,5,10,485,999999,999999,999999
PSMD1,PSMD1-14,1.10807291666667,-0.0824482685264348,0,1,12,486,999999,999999,999999
FCRL4,FCRL4-9,1.10810810810811,-1.4752973986795,0,7,10,487,999999,999999,999999
CYP7A1,CYP7A1-6,1.1103515625,-1.19952472989489,0,6,10,488,999999,999999,999999
DMRTB1,DMRTB1-8,1.11092985318108,-0.834504669986598,0,2,10,489,999999,999999,999999
PSMB3,PSMB3-10,1.11324871082904,-0.127896183189183,0,2,10,490,999999,999999,999999
IL1F10,IL1F10-7,1.11519812740344,-0.0497275986225963,0,2,10,491,999999,999999,999999
COPS2,COPS2-7,1.11687887691805,1,0,0,10,492,999999,999999,999999
NPHS2,NPHS2-2,1.11830023489216,-1.32789482298888,0,6,10,493,999999,999999,999999
CYP7A1,CYP7A1-8,1.11865581153646,-1.19952472989489,0,6,10,494,999999,999999,999999
RPL30,RPL30-9,1.11902006172839,-0.265376240654502,0,1,10,495,999999,999999,999999
LYZL6,LYZL6-5,1.12001078748652,-0.0568677483218473,0,1,10,496,999999,999999,999999
COPS8,COPS8-11,1.12063492063492,-1.09321859858393,0,1,16,497,999999,999999,999999
TRIM42,TRIM42-7,1.12191833590139,-2.04790373613872,0,7,10,498,999999,999999,999999
DMRTC2,DMRTC2-9,1.12192723697148,-0.046218930744129,0,2,10,499,999999,999999,999999
TAS2R13,TAS2R13-4,1.122763726095,-3.09387494907527,0,8,10,500,999999,999999,999999
SPATA16,SPATA16-1,1.12521357090554,-1.73457974320331,0,5,10,501,999999,999999,999999
RPL35A,RPL35A-7,1.1260752688172,-0.031096972432148,0,1,7,502,999999,999999,999999
IL1F10,IL1F10-4,1.12719189923438,-0.0497275986225963,0,2,10,503,999999,999999,999999
LYZL6,LYZL6-8,1.12719919110212,-0.0568677483218473,0,1,10,504,999999,999999,999999
OC90,OC90-6,1.12835949258224,-0.557227910420428,0,5,10,505,999999,999999,999999
POLA1,POLA1-6,1.13288920056101,1,0,0,10,506,999999,999999,999999
PSMA3,PSMA3-5,1.13325867861142,-0.0085933641696767,0,1,10,507,999999,999999,999999
IL1F10,IL1F10-6,1.13336192109777,-0.0497275986225963,0,2,10,508,999999,999999,999999
MRGPRD,MRGPRD-9,1.13538873994638,-0.0553215821218122,0,1,10,509,999999,999999,999999
COPS2,COPS2-1,1.1355223880597,1,0,0,10,510,999999,999999,999999
RPL27,RPL27-9,1.13780804150454,-0.62877120847353,0,4,10,511,999999,999999,999999
PSMB3,PSMB3-2,1.14064451661254,-0.127896183189183,0,2,10,512,999999,999999,999999
KRT74,KRT74-7,1.14174311926605,-1.51762252466515,0,7,10,513,999999,999999,999999
DMRTB1,DMRTB1-10,1.14604734256364,-0.834504669986598,0,2,10,514,999999,999999,999999
POLR2D,POLR2D-10,1.14618727775583,1,0,0,10,515,999999,999999,999999
HTR3D,HTR3D-5,1.15631691648822,-0.636492471417331,0,5,10,516,999999,999999,999999
OLIG2,OLIG2-5,1.15665356541269,-3.22129850217963,0,9,10,517,999999,999999,999999
RPS11,RPS11-6,1.15694480774261,-0.0299261325258143,0,1,10,518,999999,999999,999999
COPS8,COPS8-13,1.15734745928978,-1.09321859858393,0,1,16,519,999999,999999,999999
DMRTC2,DMRTC2-3,1.15765920826162,-0.046218930744129,0,2,10,520,999999,999999,999999
DMRTC2,DMRTC2-1,1.15892094017094,-0.046218930744129,0,2,10,521,999999,999999,999999
RPS8,RPS8-9,1.15903211078983,1,0,0,10,522,999999,999999,999999
NPHS2,NPHS2-5,1.15910055154858,-1.32789482298888,0,6,10,523,999999,999999,999999
COPS2,COPS2-8,1.16110273530045,1,0,0,10,524,999999,999999,999999
KRT25,KRT25-3,1.16160835105355,-0.854492320536679,0,5,10,525,999999,999999,999999
RPL36,RPL36-4,1.16547992025064,-0.409903609033018,0,1,10,526,999999,999999,999999
RPS7,RPS7-4,1.16615905245347,-0.346937742035159,0,3,8,527,999999,999999,999999
DMRTB1,DMRTB1-1,1.16705637828007,-0.834504669986598,0,2,10,528,999999,999999,999999
LHX5,LHX5-3,1.17172832689122,-3.72644144922556,0,9,10,529,999999,999999,999999
RPL5,RPL5-9,1.17507473841555,1,0,0,10,530,999999,999999,999999
RXFP2,RXFP2-6,1.17596471885336,-2.62204831197866,0,8,10,531,999999,999999,999999
RPS11,RPS11-8,1.17710843373494,-0.0299261325258143,0,1,10,532,999999,999999,999999
NUP54,NUP54-2,1.17729226361032,1,0,0,11,533,999999,999999,999999
RNASE9,RNASE9-4,1.18014440433213,-0.842380387513776,0,6,11,534,999999,999999,999999
CRYGB,CRYGB-8,1.18238993710692,-2.51252145374969,0,6,10,535,999999,999999,999999
NUP205,NUP205-6,1.1826636251974,1,0,0,10,536,999999,999999,999999
RPS24,RPS24-3,1.18537787513691,-0.0832980526725706,0,3,13,537,999999,999999,999999
NUP93,NUP93-5,1.18890952507296,1,0,0,11,538,999999,999999,999999
RPL30,RPL30-2,1.19281785829829,-0.265376240654502,0,1,10,539,999999,999999,999999
RPS19,RPS19-1,1.19320255474453,1,0,0,10,540,999999,999999,999999
IL1F10,IL1F10-10,1.19574036511156,-0.0497275986225963,0,2,10,541,999999,999999,999999
IL1F10,IL1F10-3,1.19693396226415,-0.0497275986225963,0,2,10,542,999999,999999,999999
COPS8,COPS8-5,1.19827033952594,-1.09321859858393,0,1,16,543,999999,999999,999999
OTUD6A,OTUD6A-8,1.20287356321839,-1.13910516265956,0,6,10,544,999999,999999,999999
NPSR1,NPSR1-10,1.20490998363339,-3.32110955037312,0,9,10,545,999999,999999,999999
RPL9,RPL9-5,1.20567375886525,1,0,0,10,546,999999,999999,999999
LYZL6,LYZL6-2,1.20673863264639,-0.0568677483218473,0,1,10,547,999999,999999,999999
HTR3D,HTR3D-7,1.2070457354759,-0.636492471417331,0,5,10,548,999999,999999,999999
MRGPRD,MRGPRD-10,1.20929407591344,-0.0553215821218122,0,1,10,549,999999,999999,999999
OR9Q2,OR9Q2-7,1.20932277924362,-0.43327664721965,0,4,10,550,999999,999999,999999
TPH2,TPH2-8,1.21096543504172,-1.07611433817269,0,6,10,551,999999,999999,999999
RPS8,RPS8-1,1.21416018076827,1,0,0,10,552,999999,999999,999999
KRT25,KRT25-4,1.21672771672772,-0.854492320536679,0,5,10,553,999999,999999,999999
POLR2F,POLR2F-7,1.21856683683116,1,0,0,10,554,999999,999999,999999
POLA1,POLA1-10,1.21896383186706,1,0,0,10,555,999999,999999,999999
IL1F10,IL1F10-1,1.22073578595318,-0.0497275986225963,0,2,10,556,999999,999999,999999
KRT25,KRT25-2,1.2243033348561,-0.854492320536679,0,5,10,557,999999,999999,999999
RPL3,RPL3-5,1.23284363050916,1,0,0,11,558,999999,999999,999999
PSMB2,PSMB2-11,1.23375834851245,-0.0874149107837281,0,3,24,559,999999,999999,999999
PIWIL3,PIWIL3-5,1.24094881398252,-0.952714994722415,0,6,10,560,999999,999999,999999
LUZP4,LUZP4-1,1.24660018132366,-2.27367703356888,0,7,10,561,999999,999999,999999
MRGPRD,MRGPRD-8,1.25125925925926,-0.0553215821218122,0,1,10,562,999999,999999,999999
PSMD1,PSMD1-16,1.25193167954453,-0.0824482685264348,0,1,12,563,999999,999999,999999
RPTN,RPTN-4,1.26155580608794,-1.41517400558737,0,6,10,564,999999,999999,999999
COPS8,COPS8-1,1.26733890801771,-1.09321859858393,0,1,16,565,999999,999999,999999
RPS27,RPS27-4,1.27104111986002,1,0,0,5,566,999999,999999,999999
COPZ1,COPZ1-9,1.27589852008457,-0.151952523155986,0,3,16,567,999999,999999,999999
IL22,IL22-2,1.27771911298838,-1.98272338766854,0,7,10,568,999999,999999,999999
NUP205,NUP205-3,1.28196912321585,1,0,0,10,569,999999,999999,999999
NUP98,NUP98-15,1.28233205090263,1,0,0,16,570,999999,999999,999999
POLR2F,POLR2F-4,1.29733520336606,1,0,0,10,571,999999,999999,999999
RPL9,RPL9-4,1.30416068866571,1,0,0,10,572,999999,999999,999999
PSMC1,PSMC1-3,1.30842867149194,1,0,0,10,573,999999,999999,999999
POLA1,POLA1-9,1.31159420289855,1,0,0,10,574,999999,999999,999999
COPZ1,COPZ1-15,1.33406181704652,-0.151952523155986,0,3,16,575,999999,999999,999999
COPS6,COPS6-3,1.34044065387349,1,0,0,10,576,999999,999999,999999
POLR2D,POLR2D-5,1.35256780150029,1,0,0,10,577,999999,999999,999999
RPS11,RPS11-4,1.35552913198573,-0.0299261325258143,0,1,10,578,999999,999999,999999
NUP54,NUP54-9,1.35850535667625,1,0,0,11,579,999999,999999,999999
COPS8,COPS8-16,1.36593059936909,-1.09321859858393,0,1,16,580,999999,999999,999999
RPL3,RPL3-3,1.37228979375992,1,0,0,11,581,999999,999999,999999
COPZ1,COPZ1-7,1.37607244995234,-0.151952523155986,0,3,16,582,999999,999999,999999
NUP54,NUP54-16,1.37631887456038,1,0,0,11,583,999999,999999,999999
RPS24,RPS24-13,1.38487208008899,-0.0832980526725706,0,3,13,584,999999,999999,999999
RPL5,RPL5-1,1.3961983961984,1,0,0,10,585,999999,999999,999999
COPS8,COPS8-15,1.39710144927536,-1.09321859858393,0,1,16,586,999999,999999,999999
PSMD7,PSMD7-3,1.39747859181732,1,0,0,10,587,999999,999999,999999
RPS8,RPS8-3,1.40682266704257,1,0,0,10,588,999999,999999,999999
RPS24,RPS24-10,1.41473317865429,-0.0832980526725706,0,3,13,589,999999,999999,999999
NUP98,NUP98-11,1.41993957703927,1,0,0,16,590,999999,999999,999999
NUP98,NUP98-10,1.42071065989848,1,0,0,16,591,999999,999999,999999
NUP54,NUP54-10,1.42768466790813,1,0,0,11,592,999999,999999,999999
RPS24,RPS24-4,1.4296948137053,-0.0832980526725706,0,3,13,593,999999,999999,999999
OC90,OC90-1,1.43373493975904,-0.557227910420428,0,5,10,594,999999,999999,999999
NUP98,NUP98-4,1.46620570440795,1,0,0,16,595,999999,999999,999999
PSMD7,PSMD7-6,1.47112676056338,1,0,0,10,596,999999,999999,999999
NUP133,NUP133-10,1.48568111455108,-0.893146308514462,0,2,10,597,999999,999999,999999
COPS8,COPS8-14,1.4982422499201,-1.09321859858393,0,1,16,598,999999,999999,999999
RPL11,RPL11-6,1.50605326876513,1,0,0,10,599,999999,999999,999999
LYZL6,LYZL6-6,1.51844798857415,-0.0568677483218473,0,1,10,600,999999,999999,999999
RPS27,RPS27-2,1.51990151826016,1,0,0,5,601,999999,999999,999999
RPS24,RPS24-6,1.52420881796051,-0.0832980526725706,0,3,13,602,999999,999999,999999
POLR2F,POLR2F-10,1.53593913955929,1,0,0,10,603,999999,999999,999999
PSMB2,PSMB2-22,1.53680634201586,-0.0874149107837281,0,3,24,604,999999,999999,999999
RPL3,RPL3-7,1.57306930693069,1,0,0,11,605,999999,999999,999999
COPA,COPA-3,1.57654941373534,-0.784703303330054,0,1,10,606,999999,999999,999999
RPL3,RPL3-6,1.58146744746814,1,0,0,11,607,999999,999999,999999
RPS24,RPS24-8,1.58301941466242,-0.0832980526725706,0,3,13,608,999999,999999,999999
NUP205,NUP205-4,1.58542617960426,1,0,0,10,609,999999,999999,999999
COPZ1,COPZ1-14,1.59668012561687,-0.151952523155986,0,3,16,610,999999,999999,999999
COPS8,COPS8-6,1.60669456066946,-1.09321859858393,0,1,16,611,999999,999999,999999
NUP98,NUP98-9,1.63721940622737,1,0,0,16,612,999999,999999,999999
NUP98,NUP98-16,1.64924055104203,1,0,0,16,613,999999,999999,999999
RPL18A,RPL18A-5,1.66309523809524,1,0,0,8,614,999999,999999,999999
RPL27,RPL27-7,1.67257383966245,-0.62877120847353,0,4,10,615,999999,999999,999999
RPL34,RPL34-6,1.67726161369193,1,0,0,7,616,999999,999999,999999
RPS11,RPS11-9,1.67805294619983,-0.0299261325258143,0,1,10,617,999999,999999,999999
PSMC4,PSMC4-10,1.6839530332681,1,0,0,10,618,999999,999999,999999
RPL5,RPL5-4,1.71098053617334,1,0,0,10,619,999999,999999,999999
PSMC1,PSMC1-5,1.71739130434783,1,0,0,10,620,999999,999999,999999
NUP205,NUP205-9,1.72301228183581,1,0,0,10,621,999999,999999,999999
RPL27,RPL27-8,1.72309337134711,-0.62877120847353,0,4,10,622,999999,999999,999999
RPS3A,RPS3A-6,1.72457627118644,1,0,0,6,623,999999,999999,999999
COPS6,COPS6-4,1.72645211930926,1,0,0,10,624,999999,999999,999999
NUP98,NUP98-3,1.73113854595336,1,0,0,16,625,999999,999999,999999
PSMC4,PSMC4-1,1.73875054609,1,0,0,10,626,999999,999999,999999
RPL3,RPL3-1,1.73875083948959,1,0,0,11,627,999999,999999,999999
PSMD1,PSMD1-13,1.75450843513671,-0.0824482685264348,0,1,12,628,999999,999999,999999
RPL3,RPL3-8,1.75579322638146,1,0,0,11,629,999999,999999,999999
COPS8,COPS8-9,1.75961205403533,-1.09321859858393,0,1,16,630,999999,999999,999999
RPL11,RPL11-4,1.76058437686345,1,0,0,10,631,999999,999999,999999
COPZ1,COPZ1-5,1.76415770609319,-0.151952523155986,0,3,16,632,999999,999999,999999
PSMC1,PSMC1-7,1.76992287917738,1,0,0,10,633,999999,999999,999999
PSMC2,PSMC2-5,1.77911164465786,-0.0470496499421142,0,2,14,634,999999,999999,999999
PSMD1,PSMD1-21,1.77959791511541,-0.0824482685264348,0,1,12,635,999999,999999,999999
RPL3,RPL3-2,1.82392857142857,1,0,0,11,636,999999,999999,999999
RPS7,RPS7-6,1.85180055401662,-0.346937742035159,0,3,8,637,999999,999999,999999
COPS2,COPS2-3,1.8541607091793,1,0,0,10,638,999999,999999,999999
PSMB3,PSMB3-5,1.86043784206411,-0.127896183189183,0,2,10,639,999999,999999,999999
NUP98,NUP98-13,1.8632740649908,1,0,0,16,640,999999,999999,999999
RPL36,RPL36-9,1.88373889532638,-0.409903609033018,0,1,10,641,999999,999999,999999
PSMD6,PSMD6-15,1.88938053097345,-0.00017545006309638,0,1,19,642,999999,999999,999999
NUP98,NUP98-8,1.88971132494449,1,0,0,16,643,999999,999999,999999
RPS27,RPS27-3,1.90272873194222,1,0,0,5,644,999999,999999,999999
POLR2F,POLR2F-8,1.90827797649463,1,0,0,10,645,999999,999999,999999
PSMC4,PSMC4-8,1.92836398838335,1,0,0,10,646,999999,999999,999999
POLA1,POLA1-2,1.93256165072974,1,0,0,10,647,999999,999999,999999
NUP93,NUP93-8,1.97487065779749,1,0,0,11,648,999999,999999,999999
PSMD11,PSMD11-7,1.99382171226831,1,0,0,10,649,999999,999999,999999
RPL9,RPL9-10,1.99405646359584,1,0,0,10,650,999999,999999,999999
POLA1,POLA1-8,2.00782661047562,1,0,0,10,651,999999,999999,999999
PSMD6,PSMD6-11,2.01048034934498,-0.00017545006309638,0,1,19,652,999999,999999,999999
COPS6,COPS6-1,2.01862745098039,1,0,0,10,653,999999,999999,999999
RPS13,RPS13-3,2.04356705241661,1,0,0,10,654,999999,999999,999999
NUP54,NUP54-20,2.04683698296837,1,0,0,11,655,999999,999999,999999
COPS2,COPS2-10,2.05300546448087,1,0,0,10,656,999999,999999,999999
PSMB2,PSMB2-19,2.05466970387244,-0.0874149107837281,0,3,24,657,999999,999999,999999
PSMB3,PSMB3-7,2.07185628742515,-0.127896183189183,0,2,10,658,999999,999999,999999
RPS27,RPS27-5,2.0752283718431,1,0,0,5,659,999999,999999,999999
PSMC2,PSMC2-12,2.07821953327571,-0.0470496499421142,0,2,14,660,999999,999999,999999
PSMD1,PSMD1-7,2.12417582417582,-0.0824482685264348,0,1,12,661,999999,999999,999999
NUP133,NUP133-8,2.13055303717135,-0.893146308514462,0,2,10,662,999999,999999,999999
PSMB3,PSMB3-1,2.19268985095813,-0.127896183189183,0,2,10,663,999999,999999,999999
PSMC4,PSMC4-9,2.19602467443454,1,0,0,10,664,999999,999999,999999
RPL18A,RPL18A-3,2.23455056179775,1,0,0,8,665,999999,999999,999999
NUP205,NUP205-10,2.24240121580547,1,0,0,10,666,999999,999999,999999
RPS9,RPS9-6,2.25056433408578,-1.55704095382297,0,3,10,667,999999,999999,999999
PSMB2,PSMB2-9,2.26755218216319,-0.0874149107837281,0,3,24,668,999999,999999,999999
NUP54,NUP54-4,2.28475711892797,1,0,0,11,669,999999,999999,999999
RPL5,RPL5-8,2.30822311673376,1,0,0,10,670,999999,999999,999999
PSMD6,PSMD6-6,2.346087949743,-0.00017545006309638,0,1,19,671,999999,999999,999999
PSMD11,PSMD11-10,2.35186721991701,1,0,0,10,672,999999,999999,999999
RPS7,RPS7-1,2.35683297180043,-0.346937742035159,0,3,8,673,999999,999999,999999
NUP98,NUP98-6,2.41641541038526,1,0,0,16,674,999999,999999,999999
RPL30,RPL30-4,2.45259117082534,-0.265376240654502,0,1,10,675,999999,999999,999999
COPS6,COPS6-10,2.45536519386835,1,0,0,10,676,999999,999999,999999
RPL6,RPL6-2,2.4734721289456,1,0,0,2,677,999999,999999,999999
PSMC2,PSMC2-9,2.48363252375924,-0.0470496499421142,0,2,14,678,999999,999999,999999
COPS4,COPS4-10,2.49499545040946,-0.0530785972654542,0,1,10,679,999999,999999,999999
NUP54,NUP54-15,2.52695733708392,1,0,0,11,680,999999,999999,999999
COPS6,COPS6-7,2.53704705246079,1,0,0,10,681,999999,999999,999999
PSMD6,PSMD6-16,2.54642475987193,-0.00017545006309638,0,1,19,682,999999,999999,999999
PSMA3,PSMA3-1,2.5561850802644,-0.0085933641696767,0,1,10,683,999999,999999,999999
POLR2A,POLR2A-10,2.57452071737786,-0.496721067115986,0,1,10,684,999999,999999,999999
RPS19,RPS19-6,2.57922948073702,1,0,0,10,685,999999,999999,999999
PSMD1,PSMD1-2,2.58708333333333,-0.0824482685264348,0,1,12,686,999999,999999,999999
POLR2F,POLR2F-6,2.58931185944363,1,0,0,10,687,999999,999999,999999
PSMD1,PSMD1-9,2.61816616444253,-0.0824482685264348,0,1,12,688,999999,999999,999999
PSMD6,PSMD6-9,2.64299548095546,-0.00017545006309638,0,1,19,689,999999,999999,999999
COPS4,COPS4-3,2.65041398344066,-0.0530785972654542,0,1,10,690,999999,999999,999999
COPS8,COPS8-2,2.65456545654565,-1.09321859858393,0,1,16,691,999999,999999,999999
NUP133,NUP133-5,2.66593406593407,-0.893146308514462,0,2,10,692,999999,999999,999999
PSMA3,PSMA3-10,2.68076923076923,-0.0085933641696767,0,1,10,693,999999,999999,999999
RPS3A,RPS3A-5,2.70017035775128,1,0,0,6,694,999999,999999,999999
RPL18A,RPL18A-1,2.70142602495544,1,0,0,8,695,999999,999999,999999
PSMD11,PSMD11-1,2.71174377224199,1,0,0,10,696,999999,999999,999999
POLR2A,POLR2A-8,2.71982116244411,-0.496721067115986,0,1,10,697,999999,999999,999999
NUP54,NUP54-8,2.72543668122271,1,0,0,11,698,999999,999999,999999
COPA,COPA-10,2.73698630136986,-0.784703303330054,0,1,10,699,999999,999999,999999
RPS11,RPS11-7,2.74347434743474,-0.0299261325258143,0,1,10,700,999999,999999,999999
NUP93,NUP93-9,2.76948051948052,1,0,0,11,701,999999,999999,999999
POLR2A,POLR2A-9,2.78140703517588,-0.496721067115986,0,1,10,702,999999,999999,999999
RPL36,RPL36-7,2.80032206119163,-0.409903609033018,0,1,10,703,999999,999999,999999
PSMD1,PSMD1-19,2.84294649061848,-0.0824482685264348,0,1,12,704,999999,999999,999999
PSMD6,PSMD6-19,2.85565476190476,-0.00017545006309638,0,1,19,705,999999,999999,999999
RPS7,RPS7-3,2.86074498567335,-0.346937742035159,0,3,8,706,999999,999999,999999
PSMD6,PSMD6-10,2.86342229199372,-0.00017545006309638,0,1,19,707,999999,999999,999999
NUP205,NUP205-2,2.86551724137931,1,0,0,10,708,999999,999999,999999
POLR2A,POLR2A-3,2.87445072190835,-0.496721067115986,0,1,10,709,999999,999999,999999
PSMD7,PSMD7-10,2.88715486194478,1,0,0,10,710,999999,999999,999999
RPL3,RPL3-9,2.89883474576271,1,0,0,11,711,999999,999999,999999
RPS3A,RPS3A-2,2.90398550724638,1,0,0,6,712,999999,999999,999999
RPL30,RPL30-5,2.9239263803681,-0.265376240654502,0,1,10,713,999999,999999,999999
COPS8,COPS8-4,2.93704474505723,-1.09321859858393,0,1,16,714,999999,999999,999999
NUP133,NUP133-1,2.98860911270983,-0.893146308514462,0,2,10,715,999999,999999,999999
RPL35A,RPL35A-2,3.0237933378654,-0.031096972432148,0,1,7,716,999999,999999,999999
PSMD6,PSMD6-3,3.04548959136469,-0.00017545006309638,0,1,19,717,999999,999999,999999
NUP98,NUP98-7,3.05403458213256,1,0,0,16,718,999999,999999,999999
PSMD11,PSMD11-6,3.05936540429887,1,0,0,10,719,999999,999999,999999
PSMC4,PSMC4-7,3.07009694258016,1,0,0,10,720,999999,999999,999999
POLA1,POLA1-4,3.09278350515464,1,0,0,10,721,999999,999999,999999
PSMB2,PSMB2-6,3.10659395141299,-0.0874149107837281,0,3,24,722,999999,999999,999999
NUP205,NUP205-7,3.11134453781513,1,0,0,10,723,999999,999999,999999
PSMC2,PSMC2-3,3.13907933398629,-0.0470496499421142,0,2,14,724,999999,999999,999999
PSMC4,PSMC4-5,3.14030612244898,1,0,0,10,725,999999,999999,999999
RPS11,RPS11-3,3.14650098103336,-0.0299261325258143,0,1,10,726,999999,999999,999999
COPS4,COPS4-8,3.15594541910331,-0.0530785972654542,0,1,10,727,999999,999999,999999
COPB1,COPB1-4,3.15744680851064,-0.0117012371008176,0,1,10,728,999999,999999,999999
PSMC2,PSMC2-13,3.22015725518227,-0.0470496499421142,0,2,14,729,999999,999999,999999
PSMC1,PSMC1-1,3.2420830401126,1,0,0,10,730,999999,999999,999999
PSMD6,PSMD6-8,3.24906785980611,-0.00017545006309638,0,1,19,731,999999,999999,999999
RPS3A,RPS3A-4,3.27036599763872,1,0,0,6,732,999999,999999,999999
NUP133,NUP133-3,3.28136531365314,-0.893146308514462,0,2,10,733,999999,999999,999999
RPS13,RPS13-1,3.28793774319066,1,0,0,10,734,999999,999999,999999
NUP98,NUP98-5,3.30412371134021,1,0,0,16,735,999999,999999,999999
NUP98,NUP98-1,3.3107098381071,1,0,0,16,736,999999,999999,999999
PSMD11,PSMD11-3,3.34040178571429,1,0,0,10,737,999999,999999,999999
RPL18A,RPL18A-2,3.34260731319555,1,0,0,8,738,999999,999999,999999
COPZ1,COPZ1-17,3.3780487804878,-0.151952523155986,0,3,16,739,999999,999999,999999
RPL34,RPL34-3,3.40140350877193,1,0,0,7,740,999999,999999,999999
RPL9,RPL9-2,3.41238012205754,1,0,0,10,741,999999,999999,999999
COPS2,COPS2-4,3.42492639842983,1,0,0,10,742,999999,999999,999999
PSMD11,PSMD11-4,3.4859437751004,1,0,0,10,743,999999,999999,999999
COPB1,COPB1-6,3.5067852129153,-0.0117012371008176,0,1,10,744,999999,999999,999999
RPS27,RPS27-1,3.53131524008351,1,0,0,5,745,999999,999999,999999
POLR2A,POLR2A-4,3.53636363636364,-0.496721067115986,0,1,10,746,999999,999999,999999
POLR2D,POLR2D-6,3.54989816700611,1,0,0,10,747,999999,999999,999999
PSMD1,PSMD1-8,3.57354925775978,-0.0824482685264348,0,1,12,748,999999,999999,999999
POLR2F,POLR2F-1,3.57479706223425,1,0,0,10,749,999999,999999,999999
POLR2A,POLR2A-1,3.60634462869503,-0.496721067115986,0,1,10,750,999999,999999,999999
COPA,COPA-1,3.624750499002,-0.784703303330054,0,1,10,751,999999,999999,999999
RPS19,RPS19-4,3.65394402035623,1,0,0,10,752,999999,999999,999999
PSMD7,PSMD7-9,3.68607068607069,1,0,0,10,753,999999,999999,999999
PSMB2,PSMB2-21,3.68830059777968,-0.0874149107837281,0,3,24,754,999999,999999,999999
RPL30,RPL30-7,3.70197044334975,-0.265376240654502,0,1,10,755,999999,999999,999999
RPL36,RPL36-2,3.74967061923584,-0.409903609033018,0,1,10,756,999999,999999,999999
COPB1,COPB1-5,3.7516152189519,-0.0117012371008176,0,1,10,757,999999,999999,999999
COPS6,COPS6-6,3.77567567567568,1,0,0,10,758,999999,999999,999999
PSMA3,PSMA3-3,3.79294336118849,-0.0085933641696767,0,1,10,759,999999,999999,999999
NUP98,NUP98-14,3.79615705931495,1,0,0,16,760,999999,999999,999999
RPL27,RPL27-1,3.80904522613065,-0.62877120847353,0,4,10,761,999999,999999,999999
RPL11,RPL11-7,3.82504012841091,1,0,0,10,762,999999,999999,999999
RPS8,RPS8-2,3.82616822429907,1,0,0,10,763,999999,999999,999999
PSMD6,PSMD6-17,3.83162518301611,-0.00017545006309638,0,1,19,764,999999,999999,999999
NUP205,NUP205-1,3.9041095890411,1,0,0,10,765,999999,999999,999999
POLA1,POLA1-7,3.95810363836825,1,0,0,10,766,999999,999999,999999
COPS4,COPS4-2,3.97529644268775,-0.0530785972654542,0,1,10,767,999999,999999,999999
PSMA3,PSMA3-2,3.98174442190669,-0.0085933641696767,0,1,10,768,999999,999999,999999
COPB1,COPB1-10,3.9979079497908,-0.0117012371008176,0,1,10,769,999999,999999,999999
PSMB2,PSMB2-17,4,-0.0874149107837281,0,3,24,770,999999,999999,999999
COPB1,COPB1-2,4.001953125,-0.0117012371008176,0,1,10,771,999999,999999,999999
PSMD7,PSMD7-5,4.06,1,0,0,10,772,999999,999999,999999
COPB1,COPB1-8,4.06642941874259,-0.0117012371008176,0,1,10,773,999999,999999,999999
POLR2F,POLR2F-9,4.07811400422238,1,0,0,10,774,999999,999999,999999
POLA1,POLA1-5,4.11020104244229,1,0,0,10,775,999999,999999,999999
PSMC2,PSMC2-1,4.14147521160822,-0.0470496499421142,0,2,14,776,999999,999999,999999
NUP54,NUP54-11,4.14162679425837,1,0,0,11,777,999999,999999,999999
COPA,COPA-7,4.14758620689655,-0.784703303330054,0,1,10,778,999999,999999,999999
POLR2D,POLR2D-4,4.18920676202861,1,0,0,10,779,999999,999999,999999
COPS6,COPS6-8,4.21570319240725,1,0,0,10,780,999999,999999,999999
PSMD6,PSMD6-14,4.24935732647815,-0.00017545006309638,0,1,19,781,999999,999999,999999
COPS8,COPS8-10,4.28433268858801,-1.09321859858393,0,1,16,782,999999,999999,999999
COPZ1,COPZ1-12,4.28862275449102,-0.151952523155986,0,3,16,783,999999,999999,999999
COPS4,COPS4-9,4.30778164924506,-0.0530785972654542,0,1,10,784,999999,999999,999999
RPS13,RPS13-5,4.31871083258729,1,0,0,10,785,999999,999999,999999
NUP93,NUP93-6,4.36908517350158,1,0,0,11,786,999999,999999,999999
COPS4,COPS4-6,4.38206896551724,-0.0530785972654542,0,1,10,787,999999,999999,999999
PSMC2,PSMC2-11,4.46302816901408,-0.0470496499421142,0,2,14,788,999999,999999,999999
COPZ1,COPZ1-18,4.46681294569391,-0.151952523155986,0,3,16,789,999999,999999,999999
RPL36,RPL36-5,4.51217532467532,-0.409903609033018,0,1,10,790,999999,999999,999999
COPA,COPA-9,4.51436031331593,-0.784703303330054,0,1,10,791,999999,999999,999999
RPS13,RPS13-6,4.53693693693694,1,0,0,10,792,999999,999999,999999
POLA1,POLA1-1,4.55082417582418,1,0,0,10,793,999999,999999,999999
PSMA3,PSMA3-11,4.60129310344828,-0.0085933641696767,0,1,10,794,999999,999999,999999
RPL11,RPL11-10,4.61278648974668,1,0,0,10,795,999999,999999,999999
RPL6,RPL6-1,4.61842105263158,1,0,0,2,796,999999,999999,999999
RPL3,RPL3-10,4.62542955326461,1,0,0,11,797,999999,999999,999999
COPA,COPA-4,4.65024630541872,-0.784703303330054,0,1,10,798,999999,999999,999999
NUP133,NUP133-2,4.65104166666667,-0.893146308514462,0,2,10,799,999999,999999,999999
NUP98,NUP98-12,4.69043321299639,1,0,0,16,800,999999,999999,999999
COPA,COPA-2,4.69595536959554,-0.784703303330054,0,1,10,801,999999,999999,999999
PSMC2,PSMC2-4,4.7190635451505,-0.0470496499421142,0,2,14,802,999999,999999,999999
PSMD11,PSMD11-8,4.73985239852399,1,0,0,10,803,999999,999999,999999
RPS19,RPS19-5,4.74201474201474,1,0,0,10,804,999999,999999,999999
COPS2,COPS2-5,4.76691729323308,1,0,0,10,805,999999,999999,999999
PSMD11,PSMD11-9,4.86440677966102,1,0,0,10,806,999999,999999,999999
COPS4,COPS4-4,4.88985507246377,-0.0530785972654542,0,1,10,807,999999,999999,999999
PSMB3,PSMB3-6,4.90860215053763,-0.127896183189183,0,2,10,808,999999,999999,999999
RPL3,RPL3-11,4.92173913043478,1,0,0,11,809,999999,999999,999999
PSMC4,PSMC4-2,4.93762993762994,1,0,0,10,810,999999,999999,999999
RPS13,RPS13-2,4.93780369290573,1,0,0,10,811,999999,999999,999999
PSMD6,PSMD6-12,4.96235884567127,-0.00017545006309638,0,1,19,812,999999,999999,999999
RPS11,RPS11-2,4.97052631578947,-0.0299261325258143,0,1,10,813,999999,999999,999999
NUP93,NUP93-11,5.0030959752322,1,0,0,11,814,999999,999999,999999
PSMB2,PSMB2-5,5.02341920374707,-0.0874149107837281,0,3,24,815,999999,999999,999999
PSMD7,PSMD7-4,5.03369065849923,1,0,0,10,816,999999,999999,999999
RPS8,RPS8-6,5.07258064516129,1,0,0,10,817,999999,999999,999999
PSMD7,PSMD7-8,5.10276073619632,1,0,0,10,818,999999,999999,999999
PSMD1,PSMD1-18,5.14528301886792,-0.0824482685264348,0,1,12,819,999999,999999,999999
COPZ1,COPZ1-2,5.17350157728707,-0.151952523155986,0,3,16,820,999999,999999,999999
POLR2D,POLR2D-1,5.24756097560976,1,0,0,10,821,999999,999999,999999
RPL11,RPL11-3,5.26477541371158,1,0,0,10,822,999999,999999,999999
COPS6,COPS6-2,5.30188679245283,1,0,0,10,823,999999,999999,999999
RPS24,RPS24-5,5.31453362255965,-0.0832980526725706,0,3,13,824,999999,999999,999999
RPS24,RPS24-7,5.31712626995646,-0.0832980526725706,0,3,13,825,999999,999999,999999
COPS2,COPS2-6,5.32846715328467,1,0,0,10,826,999999,999999,999999
COPB1,COPB1-1,5.34391534391534,-0.0117012371008176,0,1,10,827,999999,999999,999999
PSMC1,PSMC1-4,5.36335078534031,1,0,0,10,828,999999,999999,999999
POLR2F,POLR2F-5,5.41198979591837,1,0,0,10,829,999999,999999,999999
RPL5,RPL5-2,5.41732283464567,1,0,0,10,830,999999,999999,999999
PSMD7,PSMD7-2,5.46823204419889,1,0,0,10,831,999999,999999,999999
RPS19,RPS19-8,5.5162932790224,1,0,0,10,832,999999,999999,999999
COPZ1,COPZ1-3,5.52941176470588,-0.151952523155986,0,3,16,833,999999,999999,999999
PSMC2,PSMC2-7,5.53191489361702,-0.0470496499421142,0,2,14,834,999999,999999,999999
PSMD6,PSMD6-13,5.54210526315789,-0.00017545006309638,0,1,19,835,999999,999999,999999
COPZ1,COPZ1-11,5.5614849187935,-0.151952523155986,0,3,16,836,999999,999999,999999
NUP98,NUP98-2,5.56194690265487,1,0,0,16,837,999999,999999,999999
NUP205,NUP205-5,5.56231003039514,1,0,0,10,838,999999,999999,999999
PSMC1,PSMC1-9,5.60463432295438,1,0,0,10,839,999999,999999,999999
COPS8,COPS8-12,5.60636515912898,-1.09321859858393,0,1,16,840,999999,999999,999999
RPS8,RPS8-5,5.62231182795699,1,0,0,10,841,999999,999999,999999
PSMD7,PSMD7-1,5.68840579710145,1,0,0,10,842,999999,999999,999999
RPL35A,RPL35A-5,5.70381836945304,-0.031096972432148,0,1,7,843,999999,999999,999999
PSMC1,PSMC1-6,5.72442748091603,1,0,0,10,844,999999,999999,999999
COPS2,COPS2-9,5.73942701227831,1,0,0,10,845,999999,999999,999999
RPS13,RPS13-8,5.74553571428571,1,0,0,10,846,999999,999999,999999
PSMD6,PSMD6-1,5.75710594315245,-0.00017545006309638,0,1,19,847,999999,999999,999999
PSMB2,PSMB2-14,5.76739562624254,-0.0874149107837281,0,3,24,848,999999,999999,999999
PSMB2,PSMB2-23,5.76996805111821,-0.0874149107837281,0,3,24,849,999999,999999,999999
NUP54,NUP54-19,5.80071174377224,1,0,0,11,850,999999,999999,999999
PSMC2,PSMC2-14,5.86653771760155,-0.0470496499421142,0,2,14,851,999999,999999,999999
PSMC1,PSMC1-8,5.89102005231037,1,0,0,10,852,999999,999999,999999
POLR2D,POLR2D-8,5.95278969957082,1,0,0,10,853,999999,999999,999999
POLR2F,POLR2F-3,5.97329376854599,1,0,0,10,854,999999,999999,999999
PSMB2,PSMB2-18,5.98003072196621,-0.0874149107837281,0,3,24,855,999999,999999,999999
NUP93,NUP93-1,6.053494391717,1,0,0,11,856,999999,999999,999999
RPL34,RPL34-7,6.07298136645963,1,0,0,7,857,999999,999999,999999
RPS13,RPS13-10,6.09195402298851,1,0,0,10,858,999999,999999,999999
NUP93,NUP93-7,6.11596505162828,1,0,0,11,859,999999,999999,999999
COPS6,COPS6-5,6.18619246861925,1,0,0,10,860,999999,999999,999999
PSMD6,PSMD6-5,6.23352165725047,-0.00017545006309638,0,1,19,861,999999,999999,999999
PSMD6,PSMD6-18,6.24684270952928,-0.00017545006309638,0,1,19,862,999999,999999,999999
POLR2F,POLR2F-2,6.25046382189239,1,0,0,10,863,999999,999999,999999
RPL27,RPL27-2,6.26610169491525,-0.62877120847353,0,4,10,864,999999,999999,999999
PSMB2,PSMB2-15,6.27240143369176,-0.0874149107837281,0,3,24,865,999999,999999,999999
PSMD6,PSMD6-4,6.31572629051621,-0.00017545006309638,0,1,19,866,999999,999999,999999
RPL5,RPL5-5,6.37524366471735,1,0,0,10,867,999999,999999,999999
PSMC2,PSMC2-2,6.40625,-0.0470496499421142,0,2,14,868,999999,999999,999999
RPL30,RPL30-8,6.44608567208272,-0.265376240654502,0,1,10,869,999999,999999,999999
RPS8,RPS8-10,6.47732696897375,1,0,0,10,870,999999,999999,999999
RPS19,RPS19-2,6.49043869516311,1,0,0,10,871,999999,999999,999999
RPS9,RPS9-7,6.52310924369748,-1.55704095382297,0,3,10,872,999999,999999,999999
RPL18A,RPL18A-8,6.64022662889518,1,0,0,8,873,999999,999999,999999
POLR2D,POLR2D-7,6.66373626373626,1,0,0,10,874,999999,999999,999999
NUP133,NUP133-6,6.69691470054446,-0.893146308514462,0,2,10,875,999999,999999,999999
RPL36,RPL36-10,6.82932692307692,-0.409903609033018,0,1,10,876,999999,999999,999999
RPL5,RPL5-6,6.83687258687259,1,0,0,10,877,999999,999999,999999
RPS9,RPS9-3,6.93175074183976,-1.55704095382297,0,3,10,878,999999,999999,999999
PSMB2,PSMB2-16,6.97265625,-0.0874149107837281,0,3,24,879,999999,999999,999999
RPS3A,RPS3A-3,7.04739336492891,1,0,0,6,880,999999,999999,999999
POLR2D,POLR2D-3,7.14893617021277,1,0,0,10,881,999999,999999,999999
RPL18A,RPL18A-4,7.14967462039046,1,0,0,8,882,999999,999999,999999
RPL9,RPL9-3,7.24444444444444,1,0,0,10,883,999999,999999,999999
COPS4,COPS4-1,7.2847533632287,-0.0530785972654542,0,1,10,884,999999,999999,999999
NUP133,NUP133-7,7.37315634218289,-0.893146308514462,0,2,10,885,999999,999999,999999
POLR2D,POLR2D-2,7.48494453248811,1,0,0,10,886,999999,999999,999999
RPL11,RPL11-5,7.50561797752809,1,0,0,10,887,999999,999999,999999
COPB1,COPB1-7,7.50997150997151,-0.0117012371008176,0,1,10,888,999999,999999,999999
RPS13,RPS13-9,7.65993788819876,1,0,0,10,889,999999,999999,999999
RPL11,RPL11-2,7.68335273573923,1,0,0,10,890,999999,999999,999999
RPS9,RPS9-10,7.77102803738318,-1.55704095382297,0,3,10,891,999999,999999,999999
PSMC1,PSMC1-10,7.78190255220418,1,0,0,10,892,999999,999999,999999
PSMC4,PSMC4-4,7.80909090909091,1,0,0,10,893,999999,999999,999999
RPL5,RPL5-3,8.1671469740634,1,0,0,10,894,999999,999999,999999
RPS9,RPS9-8,8.21149897330596,-1.55704095382297,0,3,10,895,999999,999999,999999
NUP205,NUP205-8,8.29665071770335,1,0,0,10,896,999999,999999,999999
PSMC4,PSMC4-3,8.30046948356808,1,0,0,10,897,999999,999999,999999
PSMB2,PSMB2-3,8.40590405904059,-0.0874149107837281,0,3,24,898,999999,999999,999999
RPS19,RPS19-9,8.47894736842105,1,0,0,10,899,999999,999999,999999
RPL18A,RPL18A-7,8.50752688172043,1,0,0,8,900,999999,999999,999999
RPL30,RPL30-1,8.68009478672986,-0.265376240654502,0,1,10,901,999999,999999,999999
COPS4,COPS4-7,8.69064748201439,-0.0530785972654542,0,1,10,902,999999,999999,999999
RPL34,RPL34-5,8.72978723404255,1,0,0,7,903,999999,999999,999999
PSMD6,PSMD6-7,8.76761619190405,-0.00017545006309638,0,1,19,904,999999,999999,999999
RPL3,RPL3-4,8.81308411214953,1,0,0,11,905,999999,999999,999999
COPA,COPA-6,8.95067264573991,-0.784703303330054,0,1,10,906,999999,999999,999999
RPL9,RPL9-9,9.20875420875421,1,0,0,10,907,999999,999999,999999
PSMD11,PSMD11-2,9.27810650887574,1,0,0,10,908,999999,999999,999999
PSMB2,PSMB2-1,9.48372093023256,-0.0874149107837281,0,3,24,909,999999,999999,999999
PSMA3,PSMA3-6,9.48677248677249,-0.0085933641696767,0,1,10,910,999999,999999,999999
RPS11,RPS11-1,9.54081632653061,-0.0299261325258143,0,1,10,911,999999,999999,999999
PSMB2,PSMB2-10,9.60644007155635,-0.0874149107837281,0,3,24,912,999999,999999,999999
RPL34,RPL34-4,9.67894736842105,1,0,0,7,913,999999,999999,999999
RPS3A,RPS3A-1,9.70743405275779,1,0,0,6,914,999999,999999,999999
RPS19,RPS19-10,9.71940298507463,1,0,0,10,915,999999,999999,999999
COPB1,COPB1-3,9.76076555023923,-0.0117012371008176,0,1,10,916,999999,999999,999999
PSMB2,PSMB2-13,9.77796901893287,-0.0874149107837281,0,3,24,917,999999,999999,999999
PSMB3,PSMB3-9,9.82142857142857,-0.127896183189183,0,2,10,918,999999,999999,999999
RPL36,RPL36-6,9.84518828451883,-0.409903609033018,0,1,10,919,999999,999999,999999
RPS9,RPS9-4,10.0143266475645,-1.55704095382297,0,3,10,920,999999,999999,999999
RPL11,RPL11-9,10.0846994535519,1,0,0,10,921,999999,999999,999999
RPL27,RPL27-10,10.3613445378151,-0.62877120847353,0,4,10,922,999999,999999,999999
RPS8,RPS8-8,10.4751879699248,1,0,0,10,923,999999,999999,999999
NUP93,NUP93-10,10.5760233918129,1,0,0,11,924,999999,999999,999999
PSMD7,PSMD7-7,10.5774193548387,1,0,0,10,925,999999,999999,999999
RPL11,RPL11-1,10.6810344827586,1,0,0,10,926,999999,999999,999999
RPL36,RPL36-1,10.7713625866051,-0.409903609033018,0,1,10,927,999999,999999,999999
PSMB2,PSMB2-4,10.8929765886288,-0.0874149107837281,0,3,24,928,999999,999999,999999
RPS9,RPS9-2,10.9388489208633,-1.55704095382297,0,3,10,929,999999,999999,999999
RPL34,RPL34-1,10.961145194274,1,0,0,7,930,999999,999999,999999
POLR2A,POLR2A-5,11.0351390922401,-0.496721067115986,0,1,10,931,999999,999999,999999
RPL18A,RPL18A-6,11.1663286004057,1,0,0,8,932,999999,999999,999999
NUP54,NUP54-18,11.4452736318408,1,0,0,11,933,999999,999999,999999
PSMC4,PSMC4-6,11.6553191489362,1,0,0,10,934,999999,999999,999999
RPL35A,RPL35A-6,11.6627906976744,-0.031096972432148,0,1,7,935,999999,999999,999999
RPS13,RPS13-7,11.7020547945205,1,0,0,10,936,999999,999999,999999
COPA,COPA-8,12.1235431235431,-0.784703303330054,0,1,10,937,999999,999999,999999
PSMD11,PSMD11-5,12.2536873156342,1,0,0,10,938,999999,999999,999999
RPS8,RPS8-7,12.2721088435374,1,0,0,10,939,999999,999999,999999
RPS11,RPS11-10,12.3333333333333,-0.0299261325258143,0,1,10,940,999999,999999,999999
RPS19,RPS19-7,12.6153846153846,1,0,0,10,941,999999,999999,999999
RPL9,RPL9-7,12.6195286195286,1,0,0,10,942,999999,999999,999999
POLR2D,POLR2D-9,12.6675191815857,1,0,0,10,943,999999,999999,999999
PSMB2,PSMB2-20,13.0666666666667,-0.0874149107837281,0,3,24,944,999999,999999,999999
POLA1,POLA1-3,13.2218045112782,1,0,0,10,945,999999,999999,999999
COPZ1,COPZ1-4,13.8611111111111,-0.151952523155986,0,3,16,946,999999,999999,999999
POLR2A,POLR2A-2,14.0551181102362,-0.496721067115986,0,1,10,947,999999,999999,999999
RPL35A,RPL35A-1,14.2254545454545,-0.031096972432148,0,1,7,948,999999,999999,999999
NUP93,NUP93-4,14.7986230636833,1,0,0,11,949,999999,999999,999999
NUP93,NUP93-2,14.8821752265861,1,0,0,11,950,999999,999999,999999
RPS8,RPS8-4,15.0549019607843,1,0,0,10,951,999999,999999,999999
PSMB3,PSMB3-3,15.4622222222222,-0.127896183189183,0,2,10,952,999999,999999,999999
PSMB2,PSMB2-12,18.2649572649573,-0.0874149107837281,0,3,24,953,999999,999999,999999
RPL35A,RPL35A-4,19.4946808510638,-0.031096972432148,0,1,7,954,999999,999999,999999
RPL36,RPL36-3,22.1541353383459,-0.409903609033018,0,1,10,955,999999,999999,999999
RPS19,RPS19-3,22.3741496598639,1,0,0,10,956,999999,999999,999999
RPL9,RPL9-6,23.6201550387597,1,0,0,10,957,999999,999999,999999
PSMB2,PSMB2-2,27.725,-0.0874149107837281,0,3,24,958,999999,999999,999999
RPS13,RPS13-4,29.0366492146597,1,0,0,10,959,999999,999999,999999
POLR2A,POLR2A-7,29.0632911392405,-0.496721067115986,0,1,10,960,999999,999999,999999
RPL11,RPL11-8,31.2,1,0,0,10,961,999999,999999,999999
