gene,sgRNA,t_value,dof,p_value_neg,p_value_pos,p_value_twosided,log2FC,fdr_neg,fdr_pos,fdr_twosided
RPL9,TRCN0000117565,-22.376393785834008,2.000220326779692,9.95075323625307e-4,0.9990049246763747,0.0019901506472506103,-11.558457547503478,0.00213941194579441,0.9999998106475553,0.003349968883094444
RPS3A,TRCN0000074712,-15.399697050395897,2.0005114829901016,0.002092885740111483,0.9979071142598885,0.004185771480222922,-9.413551670233918,0.003929846406428987,0.9999998106475553,0.0060942848887393045
RPL5,TRCN0000074994,-46.45609776257159,2.020239066133383,2.1707449372971807e-4,0.9997829255062702,4.341489874593041e-4,-8.781433806154617,7.707295565269342e-4,0.9999998106475553,0.0011939097155130862
RPS7,TRCN0000074765,-18.954052362416533,2.004228878857689,0.0013726093173630288,0.998627390682637,0.0027452186347260987,-8.293770129159162,0.0027394270342308547,0.9999998106475553,0.004243426190279231
RPL34,TRCN0000077925,-55.0256977381644,2.3721371202039694,4.8360800441556615e-5,0.9999516391995584,9.672160088314286e-5,-7.303772927950593,2.3435518100393843e-4,0.9999998106475553,3.7750909069467117e-4
RPL9,TRCN0000117564,-19.290867785098047,2.022261979560974,0.0012712046716917601,0.9987287953283083,0.002542409343383456,-7.0679685652028414,0.002569571836368387,0.9999998106475553,0.003981985494769452
RPS19,TRCN0000074916,-36.07635145643546,2.40772001311393,1.1896451683627555e-4,0.9998810354831638,2.379290336724793e-4,-6.70759887620139,4.7285896187864145e-4,0.9999998106475553,7.45300880311806e-4
RPS13,TRCN0000007174,-20.901976704186186,2.0009202230486354,0.001138025978213005,0.998861974021787,0.002276051956425995,-8.479198208370303,0.00235059514277184,0.9999998106475553,0.0036493985606423584
RPS11,TRCN0000074981,-32.16141743341732,2.1103902409867805,3.54291396363641e-4,0.9996457086036363,7.085827927273414e-4,-6.647334916892692,0.0011101716840496738,0.9999998106475553,0.001728205405067294
PSMD1,TRCN0000058107,-23.76952834753403,2.008835299438239,8.632207505621861e-4,0.9991367792494378,0.0017264415011244427,-7.831172856977913,0.0019259595047920472,0.9999998106475553,0.003030985129383873
RPL34,TRCN0000077927,-9.808638358600495,2.0004273606497383,0.005113750943138636,0.9948862490568614,0.01022750188627719,-7.942686919811697,0.008892662485678585,0.9999998106475553,0.013437801089469754
COPS4,TRCN0000118343,-37.65440073373104,2.918248825957426,2.5751575102494653e-5,0.9999742484248975,5.150315020485685e-5,-5.6546871460734245,1.5616019260871757e-4,0.9999998106475553,2.4385439815817643e-4
PSMB2,TRCN0000003904,-71.76431754300883,2.1286931765883836,6.106873972375167e-5,0.9999389312602762,1.2213747944755937e-4,-7.434672093200216,2.7250484801259e-4,0.9999998106475553,4.443925213745814e-4
RPS3A,TRCN0000117560,-26.400086044081423,2.0724885562687456,5.924269990868477e-4,0.9994075730009132,0.001184853998173807,-6.542443979461403,0.0014671097935501517,0.9999998106475553,0.0022781948826675236
RPS13,TRCN0000007171,-106.77394158217528,2.0862739536733024,3.1043379792987296e-5,0.999968956620207,6.208675958596643e-5,-7.3609545398738465,1.7317545037083489e-4,0.9999998106475553,2.7078343148900785e-4
RPL11,TRCN0000117712,-59.333096731292144,2.0108843448804605,1.367680461463403e-4,0.9998632319538536,2.7353609229274767e-4,-7.355738377774566,5.302564412067129e-4,0.9999998106475553,8.293754593235234e-4
PSMB2,TRCN0000003906,-19.481008478740513,2.019157230234481,0.0012553235978134433,0.9987446764021866,0.0025106471956268805,-6.983448804280169,0.002569571836368387,0.9999998106475553,0.003971692720841185
RPS9,TRCN0000074794,-2.596878592779268,2.000200183043537,0.060885137969713156,0.9391148620302868,0.12177027593942635,-7.139841543352302,0.09442186970385025,0.9999998106475553,0.13520502469330672
RPL3,TRCN0000117507,-19.870475354634774,2.090500171009508,0.0010221160151295463,0.9989778839848704,0.0020442320302591632,-6.3406099519515084,0.0021583074783762296,0.9999998106475553,0.0033927078958336286
PSMB2,TRCN0000003907,-34.7656554877086,2.0140722179819086,3.9668171093892114e-4,0.9996033182890611,7.933634218779684e-4,-6.784030373232552,0.001195098403019807,0.9999998106475553,0.0018395142085699953
COPB1,TRCN0000155168,-73.17399134891144,2.602669317864694,1.0976341843932333e-5,0.9999890236581561,2.1952683687986863e-5,-6.499806154631228,8.951396020999989e-5,0.9999998106475553,1.4031918087051062e-4
RPL27,TRCN0000117776,-71.90756580112743,2.1491924046795554,5.6508276421919346e-5,0.9999434917235781,1.1301655284379208e-4,-6.54956986144637,2.5700398795738317e-4,0.9999998106475553,4.1763148043057544e-4
RPL11,TRCN0000117715,-46.79498957670241,2.028404097167966,2.084207231774194e-4,0.9997915792768226,4.168414463547876e-4,-6.508785975138986,7.468409247190863e-4,0.9999998106475553,0.0011598000242694971
RPL27,TRCN0000117774,-21.86772370734711,2.173769382510617,6.85929681053044e-4,0.9993140703189469,0.0013718593621061537,-5.983042227651776,0.0016141529310352727,0.9999998106475553,0.0025248617831759167
COPB1,TRCN0000151585,-80.40998021171534,2.1903816350256564,3.819187295342402e-5,0.9999618081270466,7.638374590679398e-5,-6.458579417902417,1.9851380117548965e-4,0.9999998106475553,3.141696679470743e-4
RPL11,TRCN0000117713,-87.83981445949158,2.6288574803984193,6.2016658031969724e-06,0.9999937983341968,1.2403331606458678e-5,-6.2989785459828145,6.37693027154819e-5,0.9999998106475553,9.462541693314442e-5
RPL11,TRCN0000117714,-22.387560733626003,2.053842672157734,8.717155081168898e-4,0.9991282844918831,0.001743431016233643,-6.157012647989296,0.0019357813865694313,0.9999998106475553,0.0030429626224299376
RPL34,TRCN0000077926,-30.187198324929266,2.0483749858206086,4.7959665490603234e-4,0.999520403345094,9.591933098120897e-4,-6.25722858061912,0.001288916010059962,0.9999998106475553,0.0019963815235981798
RPL3,TRCN0000117508,-98.46727056677439,2.2940872943968116,1.6417266579771375e-5,0.9999835827334203,3.2834533159498136e-5,-6.240185698610292,1.1590100137659494e-4,0.9999998106475553,1.848896926719359e-4
RPS8,TRCN0000074782,-21.61816925405866,2.0562801370746553,9.309401462952974e-4,0.9990690598537048,0.0018618802925907119,-5.9836553686827205,0.002029192116118321,0.9999998106475553,0.003202434103256024
PSMD1,TRCN0000058106,-23.11470996652885,2.007494763294541,9.159563946236747e-4,0.9990840436053763,0.0018319127892472142,-6.1792129079667095,0.0020151040681720845,0.9999998106475553,0.003173973440710375
RPL36,TRCN0000117676,-48.74989748094348,2.1105252605417792,1.473513987588755e-4,0.9998526486012411,2.947027975177541e-4,-6.098804522158423,5.531524731186357e-4,0.9999998106475553,8.712151451618605e-4
POLR2D,TRCN0000021365,-88.65587414526495,3.589079869141872,1.9892894131129881e-7,0.9999998010710587,3.978578826391299e-7,-5.8912615229229495,2.8358097209374873e-5,0.9999998106475553,4.5936041967564734e-5
PSMA3,TRCN0000003882,-3.939166429020742,2.0008650056775523,0.029387813997207822,0.9706121860027922,0.0587756279944156,-6.234612665586152,0.04744176116272798,0.9999998106475553,0.06847505428906055
RPL5,TRCN0000074993,-53.78910530378979,3.738360180880127,7.681882682347347e-7,0.9999992318117318,1.536376536437345e-6,-5.469339963473473,2.8358097209374873e-5,0.9999998106475553,4.5936041967564734e-5
PSMA3,TRCN0000003883,-78.73397077470838,2.6837269483696287,6.811353056131538e-6,0.9999931886469439,1.3622706112270677e-5,-5.9830335160987715,6.85482977776642e-5,0.9999998106475553,1.0227841255720682e-4
NUP93,TRCN0000059961,-31.062954640872682,2.009396788533348,5.040267690561672e-4,0.9994959732309439,0.0010080535381122857,-6.085229336101561,0.0013469189930145034,0.9999998106475553,0.002073084015335266
RPS8,TRCN0000074778,-93.6417589685343,2.896664316510098,1.955566510537056e-6,0.9999980444334895,3.911133021006208e-6,-5.931372896856923,3.557490030244037e-5,0.9999998106475553,5.4730632218456894e-5
RPL27,TRCN0000117772,-28.56302754780956,2.092556669454976,4.7708201812856775e-4,0.9995229179818714,9.541640362571435e-4,-5.909973637311769,0.001288916010059962,0.9999998106475553,0.0019963815235981798
POLR2D,TRCN0000021368,-80.28802514017717,2.3695811716667503,1.9927294871417896e-5,0.9999800727051286,3.985458974287148e-5,-5.965941013612591,1.3660305035044444e-4,0.9999998106475553,2.166807005560714e-4
RPL6,TRCN0000004997,-77.60084869127812,2.3365321688536755,2.4325582693869855e-5,0.9999756744173062,4.865116538765868e-5,-5.95869579180528,1.5341326620945571e-4,0.9999998106475553,2.43563329858907e-4
RPL36,TRCN0000117673,-54.35196964324583,2.0802023746651366,1.2951935926876137e-4,0.9998704806407313,2.590387185374965e-4,-5.92615873885833,5.063029498687944e-4,0.9999998106475553,7.904858959241022e-4
RPL36,TRCN0000117674,-48.71148467969253,2.329428811918264,7.379552029908631e-5,0.9999262044797009,1.4759104059813843e-4,-5.7545840198082825,3.147412346011667e-4,0.9999998106475553,5.108843228309783e-4
RPS11,TRCN0000074978,-27.609385185451103,2.063525602947935,5.529753449785124e-4,0.9994470246550214,0.0011059506899568916,-5.712389677528391,0.0013987023431809432,0.9999998106475553,0.0021796444847900407
POLR2A,TRCN0000021285,-86.05370195874404,2.2103092727438964,3.055529126510572e-5,0.999969444708735,6.111058253033264e-5,-5.699591598665471,1.7317545037083489e-4,0.9999998106475553,2.7078343148900785e-4
RPS19,TRCN0000074913,-43.11357528323436,2.797177108011034,2.4615860834172334e-5,0.9999753841391659,4.923172166826362e-5,-5.342358909932875,1.5341326620945571e-4,0.9999998106475553,2.43563329858907e-4
RPS13,TRCN0000007173,-26.73818641707685,2.0674796056812923,5.846423698602116e-4,0.9994153576301398,0.0011692847397204442,-5.578536344923032,0.0014657696659722884,0.9999998106475553,0.002270741531711202
COPS4,TRCN0000118346,-19.5675417663318,2.1501046483163204,9.20829609329523e-4,0.9990791703906705,0.0018416592186589753,-5.280417166619385,0.0020164463204299277,0.9999998106475553,0.003179214636590129
POLR2F,TRCN0000021834,-1.7908245191924461,2.1817499508917284,0.10229694135758284,0.8977030586424172,0.20459388271516565,-3.2602561706301287,0.15409698491126333,0.9999998106475553,0.22144829868254773
RPS3A,TRCN0000074709,-28.28824636330097,2.047857003127355,5.484946485034198e-4,0.9994515053514966,0.0010969892970069672,-5.443562220919757,0.0013967418025752662,0.9999998106475553,0.0021740081613305018
PSMC4,TRCN0000052040,-71.03903111748127,2.7498849401795904,7.159916518353658e-6,0.9999928400834817,1.4319833036680052e-5,-5.386841638628601,6.911511251390369e-5,0.9999998106475553,1.0420432348230253e-4
PSMD11,TRCN0000003946,-23.46246014739521,2.0306446839030197,8.390136113975319e-4,0.9991609863886025,0.0016780272227951976,-5.416333069261807,0.0018851655709704524,0.9999998106475553,0.0029795500784628908
PSMD6,TRCN0000144555,-23.988102398437977,2.1565845575436,5.856880906316332e-4,0.9994143119093684,0.001171376181263284,-5.241472125139715,0.0014657696659722884,0.9999998106475553,0.002270741531711202
NUP93,TRCN0000059959,-26.647538209291426,2.004195375346175,6.94937989487642e-4,0.9993050620105124,0.001389875978975219,-5.361781475675204,0.001627255787265617,0.9999998106475553,0.0025481059614545685
RPS9,TRCN0000074797,-23.049006888647302,2.077200042071801,7.752814195308622e-4,0.9992247185804691,0.001550562839061742,-5.284880389957804,0.0017715367702323564,0.9999998106475553,0.0027886548398334756
NUP98,TRCN0000046913,-17.92883483531332,2.2122890029706506,9.694359803321013e-4,0.9990305640196679,0.0019388719606643345,-5.072836083105564,0.002093804651584858,0.9999998106475553,0.003287048162703334
PSMD6,TRCN0000142957,-85.19409120219878,2.891759019641365,2.6167118757615612e-6,0.9999973832881243,5.233423751471733e-6,-5.212771859323883,4.002214695071484e-5,0.9999998106475553,6.0521295389373225e-5
COPZ1,TRCN0000065002,-13.807294455273713,2.0109752444544062,0.0025463704013788157,0.9974536295986212,0.005092740802757678,-5.2456187501475124,0.0046503212349505016,0.9999998106475553,0.007190645969266811
POLA1,TRCN0000052954,-20.455732257927405,2.0720823323499697,0.0010045944580677948,0.9989954055419322,0.0020091889161355514,-5.118199837198352,0.0021453926327339263,0.9999998106475553,0.0033691729373215395
PSMD7,TRCN0000058066,-108.85195613080681,2.3725042520141577,9.578647224662298e-6,0.9999904213527754,1.9157294449456685e-5,-5.1632432484976825,8.390185439380124e-5,0.9999998106475553,1.2944857535132873e-4
TPH2,TRCN0000056673,-25.75510549757439,2.217886954815058,4.301677067931214e-4,0.9995698322932068,8.603354135863217e-4,-4.96279106577931,0.0012457831049315464,0.9999998106475553,0.0019191793778673546
RPS8,TRCN0000074780,-1.7819089527487944,2.0102411423771884,0.1080350618725301,0.8919649381274699,0.21607012374506018,-4.416702215342228,0.16171070970160362,0.9999998106475553,0.2328044841262266
RPL3,TRCN0000117509,-32.47057814090701,3.3820655943084414,1.2179648192792418e-5,0.9999878203518072,2.435929638555656e-5,-4.669786960763414,9.291892895469054e-5,0.9999998106475553,1.466970132720889e-4
COPA,TRCN0000065272,-85.59829679565217,2.147419327319897,3.911739212998575e-5,0.99996088260787,7.82347842598341e-5,-5.04798892843619,2.0004706455847198e-4,0.9999998106475553,3.180235385291094e-4
RPL30,TRCN0000117570,-45.0454429767118,3.974115423966596,7.793980205536434e-7,0.9999992206019794,1.5587960411345136e-6,-4.755571998085426,2.8358097209374873e-5,0.9999998106475553,4.5936041967564734e-5
RPL35A,TRCN0000117659,-69.66832980921085,2.4044751036826932,2.4700219751141428e-5,0.9999752997802489,4.9400439502411686e-5,-4.955864936107075,1.5341326620945571e-4,0.9999998106475553,2.43563329858907e-4
RPL5,TRCN0000074996,-27.963568439819955,2.134556391753736,4.4627264823282034e-4,0.9995537273517672,8.925452964656522e-4,-4.881193912336261,0.0012457831049315464,0.9999998106475553,0.0019191793778673546
PSMB3,TRCN0000003911,-4.62844907407871,2.0017431309217995,0.021787105824081304,0.9782128941759187,0.04357421164816255,-4.975524964225279,0.03553552087858779,0.9999998106475553,0.051785432436132886
RPL6,TRCN0000004998,-5.118351604082281,2.009523413582387,0.017880689414594583,0.9821193105854055,0.03576137882918928,-4.849232856262438,0.029264934578211894,0.9999998106475553,0.0426073858594623
RPS3A,TRCN0000074711,-23.46156043432295,2.288790493879022,4.450736567753251e-4,0.9995549263432246,8.901473135505267e-4,-4.756339877213664,0.0012457831049315464,0.9999998106475553,0.0019191793778673546
COPS6,TRCN0000072558,-65.50648354098102,2.953659650561504,4.562499471976383e-6,0.999995437500528,9.124998944010088e-6,-4.777433694260099,4.904686932374612e-5,0.9999998106475553,7.491226451169264e-5
RPS9,TRCN0000074795,-51.75922236767375,3.6851983826451593,1.0351930256115398e-06,0.9999989648069744,2.0703860512671923e-6,-4.689945785400164,2.909704144997906e-5,0.9999998106475553,4.5936041967564734e-5
NUP133,TRCN0000144112,-20.6779929601573,2.0270163603920364,0.001092862287467098,0.9989071377125329,0.002185724574934156,-4.808963188100478,0.0022672099209295497,0.9999998106475553,0.003520805980945238
RPL6,TRCN0000005001,-41.17529187609513,3.9556277248707707,1.1688029335086724e-6,0.9999988311970665,2.3376058670976363e-6,-4.53332726039895,2.909704144997906e-5,0.9999998106475553,4.607031563071592e-5
RPS24,TRCN0000117549,-53.55552894251694,2.8405150081391843,1.173410681853108e-5,0.9999882658931815,2.346821363707896e-5,-4.738159049657115,9.098741844533116e-5,0.9999998106475553,1.4416188377062788e-4
RPL5,TRCN0000074997,-46.089977161762434,3.839976579933047,1.0308957456235718e-6,0.9999989691042543,2.0617914913145796e-6,-4.57519305208624,2.909704144997906e-5,0.9999998106475553,4.5936041967564734e-5
POLR2A,TRCN0000021288,-32.96869941031381,2.0078237429324215,4.4927237538733105e-4,0.9995507276246127,8.985447507747768e-4,-4.724760786309795,0.0012457831049315464,0.9999998106475553,0.0019191793778673546
COPB1,TRCN0000151483,-31.660884104663083,2.090466858973276,3.869885993487038e-4,0.9996130114006513,7.739771986974286e-4,-4.7113383936607836,0.0011809394031737864,0.9999998106475553,0.0018395142085699953
POLR2D,TRCN0000021366,-45.70201476661581,2.2326941991616422,1.153767610133651e-4,0.9998846232389866,2.307535220267276e-4,-4.696599970149521,4.6248481321459065e-4,0.9999998106475553,7.325262813331688e-4
NUP93,TRCN0000059958,-51.54871928130978,3.211151234559115,4.254759431963907e-6,0.999995745240568,8.5095188639972e-6,-4.632948201379831,4.904686932374612e-5,0.9999998106475553,7.491226451169264e-5
NUP133,TRCN0000143014,-27.009036516206198,2.0952726612324613,5.324058951612724e-4,0.9994675941048388,0.001064811790322473,-4.675920926987098,0.0013820048304478368,0.9999998106475553,0.0021432169226490625
NUP205,TRCN0000060023,-18.265698407957043,2.386846442705776,6.373277501218538e-4,0.9993626722498782,0.0012746555002436377,-4.36220430600585,0.0015302336335413038,0.9999998106475553,0.0023830515874120185
RPS11,TRCN0000074979,-34.24566168893635,3.7396497652160083,4.129084251447972e-6,0.9999958709157486,8.258168503028074e-6,-4.29638920052634,4.882642127337227e-5,0.9999998106475553,7.491226451169264e-5
COPS6,TRCN0000072562,-26.142306893295128,2.180542377082291,4.5781285163519226e-4,0.9995421871483648,9.156257032703063e-4,-4.442448102691641,0.0012589853419967788,0.9999998106475553,0.0019421119176989009
COPB1,TRCN0000150921,-58.37433838325923,3.0672837187263817,4.479415456520266e-6,0.9999955205845434,8.958830913119442e-6,-4.43849169440311,4.904686932374612e-5,0.9999998106475553,7.491226451169264e-5
COPZ1,TRCN0000064998,-75.62623024210811,3.1082484509517063,1.762056682260501e-6,0.9999982379433178,3.5241133644614564e-6,-4.432465311232058,3.557490030244037e-5,0.9999998106475553,5.4730632218456894e-5
PSMA3,TRCN0000003880,-38.814798584264594,3.97199548284125,1.4144575688670604e-6,0.9999985855424312,2.828915137698118e-6,-4.253089501686313,3.185897286067236e-5,0.9999998106475553,4.9558402227081844e-5
PSMD1,TRCN0000058105,-21.402832236285366,2.082578246069509,8.923080220075751e-4,0.9991076919779924,0.0017846160440151415,-4.40035935252439,0.0019722509084559954,0.9999998106475553,0.0031033948118351544
POLR2A,TRCN0000021286,-19.797932839401533,2.520477276571063,3.9192120554776185e-4,0.9996080787944522,7.838424110955255e-4,-4.285075985463255,0.0011883251937441753,0.9999998106475553,0.0018395142085699953
RPL18A,TRCN0000117614,-26.717868011523162,2.3917882172986604,2.5482658578013603e-4,0.9997451734142199,5.096531715602648e-4,-4.31851646026289,8.671437055683765e-4,0.9999998106475553,0.0013467371516648337
RPS8,TRCN0000074779,-37.85555018598089,2.0623578652615557,2.8958872652341735e-4,0.9997104112734766,5.791774530468086e-4,-4.330344322211499,9.714572173445136e-4,0.9999998106475553,0.0014969996463996746
NUP98,TRCN0000046914,-71.94347714813584,2.901757919130052,4.1235113118465675e-06,0.9999958764886882,8.247022623697475e-6,-4.289247510768266,4.882642127337227e-5,0.9999998106475553,7.491226451169264e-5
PSMD7,TRCN0000058063,-47.40055885404119,3.4729324155771204,2.6167488227285234e-6,0.9999973832511773,5.233497645473761e-6,-4.199924120154195,4.002214695071484e-5,0.9999998106475553,6.0521295389373225e-5
PSMD6,TRCN0000145517,-15.352893138662852,2.2476452638733555,0.0012696359130707027,0.9987303640869293,0.0025392718261414426,-4.163785837316382,0.002569571836368387,0.9999998106475553,0.003981985494769452
PSMD11,TRCN0000003948,-60.101628052383695,2.5330500814291406,2.301996891680636e-5,0.9999769800310832,4.6039937833475264e-5,-4.229886227587837,1.5122840691179733e-4,0.9999998106475553,2.3670533255688912e-4
NUP205,TRCN0000060024,-36.03354521824774,3.957978482571258,1.9670628915325838e-6,0.9999980329371084,3.934125783144893e-6,-4.079972378688071,3.557490030244037e-5,0.9999998106475553,5.4730632218456894e-5
PSMC1,TRCN0000050505,-13.497842358684515,2.0162250646807562,0.0026369689775737268,0.9973630310224263,0.005273937955147412,-4.206074008898323,0.004797255101509126,0.9999998106475553,0.007424323371383112
RPTN,TRCN0000053864,-13.835337371628967,2.262515314876716,0.0015564887484528851,0.9984435112515471,0.0031129774969056445,-4.005330021108042,0.0030049762368090397,0.9999998106475553,0.004644915949641545
POLR2D,TRCN0000021367,-13.614209225042863,2.028574703705259,0.0025301199598156657,0.9974698800401843,0.0050602399196313375,-4.019882423791495,0.004638553259662054,0.9999998106475553,0.007166148149657553
RPS27,TRCN0000117596,-31.305709436928627,2.03345041240364,4.640616967631485e-4,0.9995359383032368,9.281233935263256e-4,-3.9625923429718153,0.0012687929628264118,0.9999998106475553,0.001959831987223
RPL18A,TRCN0000117615,-17.508494661509385,2.68800916431721,3.783574164963719e-4,0.9996216425835036,7.567148329927775e-4,-3.842312783215821,0.001169693189560679,0.9999998106475553,0.0018261536530897132
NUP93,TRCN0000059962,-38.33727235856011,3.8507871147322223,2.030702554261924e-6,0.9999979692974458,4.0614051084464364e-6,-3.8398958987777867,3.557490030244037e-5,0.9999998106475553,5.4886989037004696e-5
RPL30,TRCN0000117568,-62.9294142785286,3.050133402286355,3.7600478779111456e-6,0.9999962399521221,7.520095755886302e-6,-3.890571247861164,4.8067639087891134e-5,0.9999998106475553,7.259194474559635e-5
COPS6,TRCN0000072561,-15.10350504261344,2.220179782545707,0.0013911947411744318,0.9986088052588256,0.0027823894823488793,-3.8542996284583104,0.002753284989855675,0.9999998106475553,0.00427295527646435
COPA,TRCN0000065268,-25.191578457710552,3.3402230063093503,3.148644552196998e-5,0.999968513554478,6.297289104395531e-5,-3.7792787118061035,1.7317545037083489e-4,0.9999998106475553,2.7078343148900785e-4
RPL3,TRCN0000117510,-97.0143837107633,3.4748183973497047,2.1641747758178038e-7,0.9999997835825224,4.328349552107369e-7,-3.8418885156160343,2.8358097209374873e-5,0.9999998106475553,4.5936041967564734e-5
RPS24,TRCN0000117551,-58.63467370508993,3.8810117804109345,3.6189630353750044e-7,0.9999996381036964,7.237926069603162e-7,-3.8057055877346517,2.8358097209374873e-5,0.9999998106475553,4.5936041967564734e-5
PSMD7,TRCN0000058064,-23.12078395435476,2.3640335073352157,3.8431829307393874e-4,0.999615681706926,7.686365861478972e-4,-3.8006929679648316,0.0011804061858699546,0.9999998106475553,0.0018361874002421987
RPL9,TRCN0000117566,-21.3056007732821,2.3021268646115507,5.376086444025412e-4,0.9994623913555974,0.0010752172888051081,-3.796003400880096,0.0013820048304478368,0.9999998106475553,0.002145897795800912
RPL11,TRCN0000117716,-4.151353156969289,2.052967244660512,0.025533204287088773,0.9744667957129112,0.05106640857417766,-3.725395609009734,0.0415024248377766,0.9999998106475553,0.060085600138273715
RPS24,TRCN0000117548,-64.40838599473811,2.3485319401124,3.608272390532955e-5,0.9999639172760947,7.216544781063483e-5,-3.7966214813115684,1.92591059388067e-4,0.9999998106475553,3.039364668842891e-4
CABP5,TRCN0000056334,-50.28843906335313,3.7110942063917665,1.0682800456976825e-6,0.9999989317199544,2.1365600915146388e-6,-3.732654054000891,2.909704144997906e-5,0.9999998106475553,4.5936041967564734e-5
RPS9,TRCN0000074796,-41.138959370263514,3.994118343616979,1.0595780482282963e-6,0.9999989404219518,2.119156096380692e-6,-3.720186386701558,2.909704144997906e-5,0.9999998106475553,4.5936041967564734e-5
PSMB3,TRCN0000010829,-3.1054779602754077,2.0186919531547094,0.04443955837873393,0.9555604416212661,0.08887911675746785,-3.8277046145436273,0.06983359173801046,0.9999998106475553,0.10057373738345046
NLRP5,TRCN0000152865,-44.74440843391331,2.574352236991794,4.293182200006026e-5,0.9999570681779999,8.586364399998381e-5,-3.7322442381944736,2.137552821687211e-4,0.9999998106475553,3.4128994631926334e-4
RPL27,TRCN0000117773,-40.48152803127004,3.987919927346634,1.1483580183724042e-6,0.9999988516419817,2.2967160366871298e-6,-3.6344795375715577,2.909704144997906e-5,0.9999998106475553,4.607031563071592e-5
COPA,TRCN0000065271,-22.08801606169629,2.4673724874822667,3.365776969978706e-4,0.9996634223030021,6.731553939958168e-4,-3.6369032195092004,0.0010904195252054302,0.9999998106475553,0.0016846693193651925
POLR2A,TRCN0000021284,-24.60401729697644,2.3906415955432263,3.110534298335275e-4,0.9996889465701665,6.221068596670154e-4,-3.6334603000008343,0.0010217241132726284,0.9999998106475553,0.0015735644097459802
NUP98,TRCN0000046916,-53.36461644230878,2.3901327575030353,4.908416295495479e-5,0.9999509158370451,9.816832591003077e-5,-3.6306679462893356,2.3435518100393843e-4,0.9999998106475553,3.7750909069467117e-4
PSMB3,TRCN0000003910,-24.78656496909683,3.3971180039485636,2.9262240396207232e-5,0.9999707377596038,5.852448079246564e-5,-3.4390551334144135,1.7301299634257526e-4,0.9999998106475553,2.677390463756125e-4
RPS13,TRCN0000007170,-66.71271794679238,3.5026313912756377,7.269236638965666e-7,0.9999992730763361,1.4538473278591368e-6,-3.562068023482805,2.8358097209374873e-5,0.9999998106475553,4.5936041967564734e-5
RPL5,TRCN0000074995,-21.91963018583063,3.073805108306781,8.850001487559268e-5,0.9999114999851244,1.7700002975118423e-4,-3.522836263489898,3.6400440901004645e-4,0.9999998106475553,5.878467157387149e-4
RPL35A,TRCN0000117661,-3.788183811529311,2.082224100174651,0.029637338404654462,0.9703626615953456,0.05927467680930887,-3.433524786637662,0.047681840358508705,0.9999998106475553,0.06871794639902719
COPS2,TRCN0000116054,-50.939157468479294,3.937610605324377,5.310203566394961e-7,0.9999994689796433,1.062040713151191e-6,-3.4671494741607845,2.8358097209374873e-5,0.9999998106475553,4.5936041967564734e-5
POLA1,TRCN0000052953,-35.06583555351636,3.804099109163907,3.2152270559883017e-6,0.999996784772944,6.430454111860939e-6,-3.4190495239418333,4.4624227357067883e-05,0.9999998106475553,6.612184336761356e-5
RXFP2,TRCN0000009005,-63.0774473339449,3.9997191744607608,1.8935244475698653e-7,0.9999998106475553,3.7870488944768965e-7,-3.426386900792643,2.8358097209374873e-5,0.9999998106475553,4.5936041967564734e-5
COPS4,TRCN0000118344,-44.115538093297026,3.53451249842047,2.8279565167113197e-6,0.9999971720434833,5.655913033475457e-6,-3.35512110159115,4.1800732262639196e-5,0.9999998106475553,6.148328518089663e-5
PSMB3,TRCN0000003908,-26.15009269183177,2.3196787864574206,3.2141115680049535e-4,0.9996785888431995,6.428223136010214e-4,-3.349405128246053,0.0010484653597698918,0.9999998106475553,0.0016173135868791655
DMRTC2,TRCN0000019587,-3.2249511086862426,2.0487865885298655,0.040779688001523595,0.9592203119984763,0.0815593760030473,-3.3829628344979454,0.06451101145391525,0.9999998106475553,0.09295803578178644
NLRP5,TRCN0000155113,-67.15801583657091,3.0662581317433686,2.9246805847708436e-6,0.9999970753194152,5.849361169429912e-6,-3.321540656399625,4.192042171504876e-5,0.9999998106475553,6.148328518089663e-5
RPL18A,TRCN0000117613,-30.624061376337078,2.4787705505843447,1.461877714716824e-4,0.9998538122285283,2.923755429433683e-4,-3.32742860985641,5.531524731186357e-4,0.9999998106475553,8.697712692592027e-4
PSMD11,TRCN0000003950,-36.43799517537199,2.2154670480837324,2.0093677647996754e-4,0.9997990632235201,4.0187355296006366e-4,-3.258335896993204,7.255198112597301e-4,0.9999998106475553,0.0011247703582846753
PSMC1,TRCN0000050504,-22.142760586425904,3.861608628688115,1.630878531209258e-5,0.9999836912146879,3.26175706242271e-5,-3.1234533114531082,1.1590100137659494e-4,0.9999998106475553,1.848896926719359e-4
RPS27,TRCN0000117592,-38.1573164154742,3.872141269061225,1.9568368406154574e-6,0.9999980431631594,3.913673681354979e-6,-3.1918695121753817,3.557490030244037e-5,0.9999998106475553,5.4730632218456894e-5
RPL36,TRCN0000117675,-48.699985257781954,2.51830788584389,4.103071906295846e-5,0.9999589692809371,8.206143812583555e-5,-3.2097734469118873,2.064630863487165e-4,0.9999998106475553,3.2894118841966287e-4
POLA1,TRCN0000052957,-129.1285661920393,2.5343243753266833,3.3020041384722538e-6,0.9999966979958615,6.6040082769003305e-6,-3.1697116307046667,4.4624227357067883e-05,0.9999998106475553,6.646161521220971e-5
IL1F10,TRCN0000058440,-2.7462769398659628,2.0676500174045183,0.0535146121475632,0.9464853878524369,0.10702922429512629,-3.1300392526170846,0.08353931203233463,0.9999998106475553,0.11968043284064948
RPS24,TRCN0000117550,-15.465543873271313,2.5083317794176585,7.448531819809668e-4,0.9992551468180191,0.0014897063639620622,-3.1399006520791506,0.0017186124637902306,0.9999998106475553,0.0026997360542300973
RPL35A,TRCN0000117660,-2.482784107484625,2.09280097843515,0.0627788571378206,0.9372211428621794,0.12555771427564122,-3.039486645527335,0.09704052100061811,0.9999998106475553,0.13908383806177588
PSMC4,TRCN0000052041,-30.06927516710618,3.917457597597428,4.415375697746427e-6,0.9999955846243023,8.830751395461078e-6,-3.133455413087379,4.904686932374612e-5,0.9999998106475553,7.491226451169264e-5
NUP54,TRCN0000059905,-19.032947917038662,2.4291447656974947,5.271004853951153e-4,0.9994728995146049,0.0010542009707903421,-3.1500528282712885,0.0013774504397341964,0.9999998106475553,0.0021309276033497086
PSMC4,TRCN0000052038,-41.677459097893404,2.5526219163719595,5.490804432655114e-5,0.9999450919556735,1.0981608865323622e-4,-3.1135573939877332,2.5215053365493874e-4,0.9999998106475553,4.0900007821244674e-4
RPS27,TRCN0000117595,-18.143253020388645,2.038883293777177,0.0013857300823566909,0.9986142699176433,0.002771460164713302,-3.0706403460524196,0.002753284989855675,0.9999998106475553,0.004270034716317237
RPL6,TRCN0000005000,-22.344772862333397,2.0994517295401707,7.832425015669418e-4,0.9992167574984331,0.0015664850031338329,-3.009482375152947,0.0017811235732748244,0.9999998106475553,0.0028066189639481174
KRT77,TRCN0000116783,-81.75289604995197,2.6106903121895924,7.99305374853486e-6,0.9999920069462515,1.5986107497090174e-5,-2.964875822052756,7.41316553540586e-5,0.9999998106475553,1.1285714695706945e-4
COPS2,TRCN0000116052,-20.299965958896706,2.8806393454583867,1.6829496159630853e-4,0.9998317050384037,3.365899231926317e-4,-2.9326998013072654,6.170815258531313e-4,0.9999998106475553,9.728958820943373e-4
RPL34,TRCN0000077924,-27.223118700753986,2.0771259325364198,5.492473050295973e-4,0.9994507526949704,0.0010984946100591753,-2.9413397093430973,0.0013967418025752662,0.9999998106475553,0.0021740081613305018
RPS11,TRCN0000074982,-27.14188687060452,3.8812190857862805,7.140861363843131e-6,0.9999928591386361,1.428172272754935e-5,-2.929454872312217,6.911511251390369e-5,0.9999998106475553,1.0420432348230253e-4
RPL6,TRCN0000004999,-3.427738177992727,2.036963898444646,0.036831084767596216,0.9631689152324038,0.07366216953519245,-3.0041552481570974,0.05885507802389531,0.9999998106475553,0.08477422430692465
POLR2A,TRCN0000021287,-17.720848180626938,2.177341107521605,0.00107291924018505,0.998927080759815,0.002145838480370088,-2.945563208479191,0.0022356422934252367,0.9999998106475553,0.0034759643877227795
POLR2F,TRCN0000021836,-1.4293516506991333,2.540325045474853,0.13177544015707174,0.8682245598429282,0.26355088031414353,-1.6210173948343218,0.19600560752922935,0.9999998106475553,0.28139897268434116
TRIM42,TRCN0000073249,-68.86028046986125,3.075973455683966,2.6230159735140808e-6,0.9999973769840265,5.2460319470704064e-6,-2.8790678859092367,4.002214695071484e-5,0.9999998106475553,6.0521295389373225e-5
PSMC1,TRCN0000050506,-20.094196100114385,2.0675310204110873,0.0010533695336425713,0.9989466304663575,0.0021067390672850905,-2.889106366764235,0.0022046185372253816,0.9999998106475553,0.0034361640649167168
POLR2D,TRCN0000021364,-25.269390428907318,3.977358933543659,7.645332954086074e-6,0.999992354667046,1.529066590810757e-5,-2.824494249648673,7.232484974565426e-5,0.9999998106475553,1.0958310567477092e-4
PSMA3,TRCN0000010827,-20.4278845997079,2.9462104795696167,1.4373002405728582e-4,0.9998562699759427,2.8746004811464054e-4,-2.8473773401787223,5.482604949927112e-4,0.9999998106475553,8.605607769507909e-4
COPS4,TRCN0000118345,-38.406093990541095,3.9999590654228103,1.3727959964790468e-6,0.9999986272040036,2.745591993091878e-6,-2.7208686602838945,3.185897286067236e-5,0.9999998106475553,4.9558402227081844e-5
NPHS2,TRCN0000118888,-16.69361947509437,3.628690458176842,7.284522539686695e-5,0.9999271547746031,1.456904507937118e-4,-2.641576517442008,3.147412346011667e-4,0.9999998106475553,5.108843228309783e-4
NUP205,TRCN0000060025,-61.034814272079245,2.7405859283375342,1.1200688877536936e-5,0.9999887993111225,2.2401377754999174e-5,-2.668236128135261,8.979535320466052e-5,0.9999998106475553,1.4127802237486146e-4
IL22,TRCN0000058954,-65.25456203878363,3.646144612416674,4.988077365302045e-7,0.9999995011922634,9.976154731194953e-7,-2.642298307010579,2.8358097209374873e-5,0.9999998106475553,4.5936041967564734e-5
POLR2F,TRCN0000021835,-35.82983483336159,2.7544952864657866,4.6356386288149696e-5,0.9999536436137119,9.271277257627553e-5,-2.6382676122091286,2.2840177827390424e-4,0.9999998106475553,3.654428452381527e-4
NUP54,TRCN0000059906,-15.495272468697792,2.611431401937684,6.069809414960794e-4,0.999393019058504,0.001213961882992276,-2.6140254343546356,0.0014723178734751053,0.9999998106475553,0.0022876652217344484
CRYGB,TRCN0000148941,-22.814889232538356,2.3335242167376684,4.263695922351034e-4,0.9995736304077649,8.527391844701526e-4,-2.6078654525934706,0.0012457831049315464,0.9999998106475553,0.0019191793778673546
FCRL4,TRCN0000063030,-41.57316307810697,2.7646454203750928,2.9912950776199004e-5,0.9999700870492239,5.982590155251266e-5,-2.6176198721683406,1.7317545037083489e-4,0.9999998106475553,2.6950144223179514e-4
PSMD11,TRCN0000003947,-25.48475493950672,2.8038329703033344,1.0512240346684499e-4,0.9998948775965332,2.102448069336571e-4,-2.5552461830791957,4.269662220430786e-4,0.9999998106475553,6.796605167212208e-4
IL1F10,TRCN0000058441,-31.636776165127216,2.950887578077086,3.933272093855792e-5,0.9999606672790614,7.866544187717928e-5,-2.5133367747228785,2.0004706455847198e-4,0.9999998106475553,3.180235385291094e-4
COPS8,TRCN0000007623,-28.353375148884336,3.3151683333066195,2.2547928953390874e-5,0.9999774520710466,4.5095857906796155e-5,-2.44491368670593,1.5021366753456173e-4,0.9999998106475553,2.3439934933972066e-4
PSMC4,TRCN0000052042,-18.476719562657017,2.2468194487360624,8.409512377902019e-4,0.9991590487622098,0.0016819024755805323,-2.4675672568858964,0.0018851655709704524,0.9999998106475553,0.0029795500784628908
TAS2R9,TRCN0000014163,-46.82685598172721,3.9264004843267846,7.627279491994115e-7,0.9999992372720508,1.525455898265804e-6,-2.436782319662438,2.8358097209374873e-5,0.9999998106475553,4.5936041967564734e-5
RPS27,TRCN0000117593,-13.204200837325285,2.6960221016188517,7.909845038175329e-4,0.9992090154961825,0.0015819690076350756,-2.4381472942429436,0.0017901228244291535,0.9999998106475553,0.002823665436269399
NUP54,TRCN0000059907,-12.32629765843206,2.159055987710991,0.0024301451665409007,0.9975698548334591,0.004860290333081663,-2.455434103468269,0.004472601804567494,0.9999998106475553,0.00690365563828116
NUP98,TRCN0000046915,-26.45447376311058,2.414920511505721,2.462167822340326e-4,0.999753783217766,4.924335644680422e-4,-2.442899019681173,8.439169420050538e-4,0.9999998106475553,0.0013085453707493483
COPB1,TRCN0000151067,-16.519860197961272,2.0531959191415727,0.0016253182154752242,0.9983746817845248,0.003250636430950582,-2.4149607415621492,0.0031251037232511423,0.9999998106475553,0.004835066137860457
NUP133,TRCN0000142066,-28.360643360180884,3.116089090863572,3.6305307355122295e-5,0.9999636946926449,7.261061471020014e-5,-2.356888163559031,1.92591059388067e-4,0.9999998106475553,3.039364668842891e-4
CYP7A1,TRCN0000064260,-21.623531319001184,2.368175109759944,4.4566667739871655e-4,0.9995543333226012,8.913333547972968e-4,-2.3581256241759743,0.0012457831049315464,0.9999998106475553,0.0019191793778673546
COPS2,TRCN0000116055,-31.022566886371575,3.4167432392880217,1.3047484869422789e-5,0.9999869525151306,2.6094969738821305e-5,-2.352689583789857,9.795968798788856e-5,0.9999998106475553,1.5428650858078096e-4
RPS24,TRCN0000117547,-18.624046032561147,3.8680005204523638,3.1276014584976344e-5,0.999968723985415,6.255202916993774e-5,-2.3333737648927215,1.7317545037083489e-4,0.9999998106475553,2.7078343148900785e-4
KRT9,TRCN0000117132,-13.053306820411647,2.970364476871625,5.10238725474247e-4,0.9994897612745257,0.001020477450948576,-2.3167227704837856,0.0013558590851085327,0.9999998106475553,0.0020895490662280365
CRYGB,TRCN0000148564,-17.161671064418755,2.425427215940352,6.82017682959918e-4,0.99931798231704,0.0013640353659198912,-2.326972480152257,0.001612971820200206,0.9999998106475553,0.002520268469062924
COPS8,TRCN0000007622,-22.773795760005683,3.606107822676137,2.4974252638748607e-5,0.9999750257473613,4.9948505277619404e-5,-2.2780978896039894,1.5341326620945571e-4,0.9999998106475553,2.43563329858907e-4
PSMB2,TRCN0000003905,-1.9120555193002835,2.0396867493793724,0.09676861616129327,0.9032313838387067,0.19353723232258657,-2.7076212223761082,0.14670370334708882,0.9999998106475553,0.21044393307720333
RPL30,TRCN0000117567,-24.472571199059892,3.906952386698564,1.0081791758035408e-5,0.999989918208242,2.0163583516197292e-5,-2.2950434290861264,8.524742035542829e-5,0.9999998106475553,1.3260709833077934e-4
COPS8,TRCN0000007619,-19.00216369442756,2.1229056499813863,0.0010424544062679634,0.9989575455937321,0.0020849088125358683,-2.20027062831873,0.0021914708185099855,0.9999998106475553,0.0034361040708343754
NUP98,TRCN0000046917,-17.429802742527226,2.4144122184784886,6.723012225966598e-4,0.9993276987774034,0.0013446024451932992,-2.2142811736939514,0.0015979823029558797,0.9999998106475553,0.0024941057120644334
COPS2,TRCN0000116053,-20.3163334820343,2.886282942984884,1.6589799522360156e-4,0.9998341020047764,3.317959904471923e-4,-2.1688818871057514,6.130449354747151e-4,0.9999998106475553,9.687623671698888e-4
SPATA16,TRCN0000134934,-11.894951927852324,2.0940353540887116,0.0029468965926180138,0.997053103407382,0.005893793185236085,-2.1656674155411597,0.0052798563951072745,0.9999998106475553,0.008175261515004893
VN1R2,TRCN0000014254,-16.49137459830425,2.039958682467437,0.0016779349768375848,0.9983220650231625,0.0033558699536750947,-2.1353261754532475,0.0032002550163071674,0.9999998106475553,0.004960395275275999
RPS27,TRCN0000117594,-37.88164374300246,3.3058349015612207,8.868419075416691e-6,0.9999911315809246,1.7736838150872458e-5,-2.119364901780102,7.914645703154896e-5,0.9999998106475553,1.2158731080235759e-4
TRIM42,TRCN0000073251,-24.871246093698588,3.0869798025808204,5.8337104888617635e-5,0.9999416628951113,1.166742097771234e-4,-2.086719434121692,2.6279476773634423e-4,0.9999998106475553,4.2780543584945246e-4
PSMC1,TRCN0000050503,-40.00779196364608,2.621195809300146,5.004201539407565e-5,0.999949957984606,1.0008403078809458e-4,-2.0885149276056953,2.3435518100393843e-4,0.9999998106475553,3.787179725021499e-4
MRGPRD,TRCN0000077977,-2.160180371341966,2.1784075065285906,0.07641973703217833,0.9235802629678217,0.1528394740643566,-2.143312957978635,0.11697907966414353,0.9999998106475553,0.16812342147079226
IL22,TRCN0000058955,-26.080450184898805,2.452323684677607,2.3218620877670637e-4,0.9997678137912233,4.6437241755348246e-4,-1.8992715604235801,8.075299761131038e-4,0.9999998106475553,0.0012480008721749841
FAM71B,TRCN0000140184,-26.712156545975127,3.9834195552618303,6.05533002417201e-6,0.9999939446699758,1.2110660048358923e-5,-1.9296697091348687,6.364824669851913e-5,0.9999998106475553,9.390724922743888e-5
POLR2F,TRCN0000021837,-16.218072716186658,3.9043117997155194,4.986615396950907e-5,0.9999501338460305,9.973230793902665e-5,-1.9109832068179813,2.3435518100393843e-4,0.9999998106475553,3.787179725021499e-4
PSMC2,TRCN0000007184,-30.058656122836503,2.104264703552379,4.1539567499634933e-4,0.9995846043250036,8.307913499927544e-4,-1.8935758564917444,0.0012435579384384382,0.9999998106475553,0.001907593730808606
NLRP5,TRCN0000152679,-49.08950640713088,2.781711843753018,1.794919203221696e-5,0.9999820508079678,3.589838406448109e-5,-1.8722557498118038,1.2485246810645033e-4,0.9999998106475553,1.97441112354646e-4
COPS4,TRCN0000118342,-36.0300295698748,2.576300053438166,7.45264656983735e-5,0.9999254735343016,1.490529313967759e-4,-1.8525156844988322,3.147412346011667e-4,0.9999998106475553,5.108843228309783e-4
KRT74,TRCN0000116931,-21.889439848397878,2.3690389823942795,4.3213005179402466e-4,0.999567869948206,8.642601035879771e-4,-1.848308656451831,0.0012457831049315464,0.9999998106475553,0.0019191793778673546
PSMB3,TRCN0000003909,-10.842075723707667,2.641977493723228,0.0014531656668173448,0.9985468343331827,0.002906331333634826,-1.8896181511402776,0.002852063736118689,0.9999998106475553,0.00442024025983689
POLR2F,TRCN0000021838,-25.62732451203351,3.125136440168926,4.8702604086914425e-5,0.999951297395913,9.740520817369536e-5,-1.8682459010334718,2.3435518100393843e-4,0.9999998106475553,3.7750909069467117e-4
TAS2R13,TRCN0000014035,-16.511502999473016,2.6034347373330036,5.2313596435624e-4,0.9994768640356437,0.0010462719287125388,-1.844911709322023,0.0013746850618916752,0.9999998106475553,0.0021239769196610765
KRT9,TRCN0000117133,-90.74603487792376,3.2608142494180377,5.807861629292712e-7,0.9999994192138371,1.1615723258806554e-6,-1.784788716162229,2.8358097209374873e-5,0.9999998106475553,4.5936041967564734e-5
NLRP5,TRCN0000150723,-29.016197348902907,2.822825769898082,6.974504331326902e-5,0.9999302549566867,1.3949008662650364e-4,-1.8048584545157897,3.0831220081473126e-4,0.9999998106475553,4.998394770783047e-4
COPZ1,TRCN0000065001,-28.77950962587216,2.38298204865967,2.1834621685963885e-4,0.9997816537831403,4.366924337193545e-4,-1.7539541269049117,7.707295565269342e-4,0.9999998106475553,0.0011939625499956918
POU4F2,TRCN0000019570,-29.285558902976998,3.9965946703435646,4.078848732765023e-6,0.9999959211512672,8.157697465538405e-6,-1.680659487002842,4.882642127337227e-5,0.9999998106475553,7.491226451169264e-5
TAAR8,TRCN0000011510,-54.914281077190395,3.3291250411402586,2.4252274146262905e-6,0.9999975747725853,4.850454829119499e-6,-1.6820123518896928,4.002214695071484e-5,0.9999998106475553,6.0521295389373225e-5
LHX5,TRCN0000005064,-27.833755852251052,2.2344219480180727,3.4700437823902326e-4,0.999652995621761,6.940087564781816e-4,-1.6425231678705998,0.001101564234275557,0.9999998106475553,0.0017097194886155204
TGM6,TRCN0000056293,-19.50755027797593,3.8964841134545787,2.479445442715804e-5,0.9999752055455728,4.958890885431444e-5,-1.613102005057268,1.5341326620945571e-4,0.9999998106475553,2.43563329858907e-4
SPATA16,TRCN0000134587,-12.270363622131644,2.170675810252183,0.00240266906293237,0.9975973309370676,0.004805338125864811,-1.6050430087627836,0.004439306510808636,0.9999998106475553,0.00684615943835559
PSMD1,TRCN0000058103,-10.234055124233805,2.479441219160913,0.0021662403273672876,0.9978337596726327,0.004332480654734461,-1.5718901021810598,0.004049927568556233,0.9999998106475553,0.00626686039660367
PLA2G2E,TRCN0000051553,-20.530537303539482,3.26132024017258,7.311173577331596e-5,0.9999268882642267,1.4622347154658044e-4,-1.5875622329631653,3.147412346011667e-4,0.9999998106475553,5.108843228309783e-4
TAS2R9,TRCN0000014166,-29.3128887989431,2.452436037979094,1.7441322899799613e-4,0.999825586771002,3.488264579960543e-4,-1.5334476760192048,6.345958255080936e-4,0.9999998106475553,9.879935007912196e-4
PIWIL3,TRCN0000152462,-24.375981790635063,2.259024513475809,4.388920486069733e-4,0.9995611079513931,8.777840972140627e-4,-1.5626867216814322,0.0012457831049315464,0.9999998106475553,0.0019191793778673546
OR12D2,TRCN0000009301,-19.226006901451786,2.618353909238505,3.417905518912166e-4,0.9996582094481088,6.835811037824158e-4,-1.5470569104973926,0.0010938986667730257,0.9999998106475553,0.0016952565725909402
RPL9,TRCN0000117563,-21.301723582210446,2.25205493030589,6.042792255760988e-4,0.9993957207744238,0.0012085584511520864,-1.5637079396623808,0.0014723178734751053,0.9999998106475553,0.0022876652217344484
CRYGB,TRCN0000147503,-12.792753423044525,2.0567479130229143,0.002718604429522189,0.9972813955704778,0.005437208859044418,-1.5490409954265072,0.004926819521701132,0.9999998106475553,0.0076314533837626404
OC90,TRCN0000054163,-19.828824149750666,2.3331227169812876,5.91255471142106e-4,0.9994087445288579,0.0011825109422842761,-1.5215663930859282,0.0014671097935501517,0.9999998106475553,0.0022781948826675236
FAM71B,TRCN0000139305,-25.496740043850718,2.950049652136697,7.435610692452367e-5,0.9999256438930755,1.4871221384904487e-4,-1.5352281899899616,3.147412346011667e-4,0.9999998106475553,5.108843228309783e-4
IL1F10,TRCN0000058438,-24.088557818245448,2.099318305690495,6.694641539830072e-4,0.9993305358460169,0.001338928307965892,-1.509236102094536,0.0015979823029558797,0.9999998106475553,0.0024933586207396335
IL22,TRCN0000058956,-35.20260412321716,3.762120459692379,3.520674007507002e-6,0.9999964793259924,7.0413480148801e-6,-1.5293559320942958,4.625774459863367e-5,0.9999998106475553,6.938661689663099e-5
COPS2,TRCN0000116056,-25.74329325215639,2.084631491296238,6.049117189161827e-4,0.9993950882810838,0.0012098234378323802,-1.4635712503313805,0.0014723178734751053,0.9999998106475553,0.0022876652217344484
HTR3D,TRCN0000060915,-26.83295117703205,2.742688831612936,1.056132092580131e-4,0.9998943867907419,2.112264185158974e-4,-1.4862910347431058,4.269662220430786e-4,0.9999998106475553,6.796605167212208e-4
TGM6,TRCN0000056297,-1.88436163688306,2.238914040251043,0.09322958355179797,0.906770416448202,0.186459167103596,-1.6800679672449732,0.1417929036012876,0.9999998106475553,0.2032147143778823
FCRL4,TRCN0000063031,-31.292102059920406,3.3632662880464537,1.4451683625072677e-5,0.9999855483163749,2.890336725003273e-5,-1.4796160528375886,1.0680697429155276e-4,0.9999998106475553,1.6878139147241336e-4
ADH7,TRCN0000026438,-73.54626758269968,3.4833376360950012,5.506224845172398e-7,0.9999994493775155,1.1012449689928872e-6,-1.4609329304201912,2.8358097209374873e-5,0.9999998106475553,4.5936041967564734e-5
OR12D2,TRCN0000009304,-16.944333911537278,2.739791677634071,3.724723782907177e-4,0.9996275276217093,7.449447565814893e-4,-1.4045462650706817,0.0011590752298125625,0.9999998106475553,0.0018069685634002279
TAS2R13,TRCN0000014033,-22.807579526578916,3.0377531569346714,8.488316111449718e-5,0.9999151168388855,1.6976632222887034e-4,-1.4174967761284911,3.5530739121378025e-4,0.9999998106475553,5.735676458161118e-4
PSMC1,TRCN0000050507,-13.169293580216431,2.560605404352334,0.0010114641799147265,0.9989885358200853,0.0020229283598294234,-1.3862575813770928,0.0021453926327339263,0.9999998106475553,0.0033691729373215395
OR9Q2,TRCN0000063063,-13.49529052586419,3.9999411384121126,8.723666877479546e-5,0.9999127633312253,1.7447333754971872e-4,-1.365631787971152,3.61955652021739e-4,0.9999998106475553,5.852899905036664e-4
LYZL6,TRCN0000151010,-35.01805725232897,2.175246505987226,2.459987339382679e-4,0.9997540012660617,4.919974678765371e-4,-1.3424132338359493,8.439169420050538e-4,0.9999998106475553,0.0013085453707493483
TPH2,TRCN0000056676,-22.818686082873118,2.4761645596941446,3.043665193971462e-4,0.9996956334806029,6.087330387942735e-4,-1.3421175732642574,0.0010067507949290222,0.9999998106475553,0.0015480146631703837
RPL18A,TRCN0000117616,-2.3576116948267307,2.022478613462449,0.07052636915999907,0.9294736308400009,0.1410527383199982,-1.4991958242750538,0.10830835263857,0.9999998106475553,0.15551968583999803
POU4F2,TRCN0000019569,-26.554959543612444,3.2655516448225455,3.140918148777106e-5,0.9999685908185122,6.281836297561405e-5,-1.292387526333659,1.7317545037083489e-4,0.9999998106475553,2.7078343148900785e-4
COPZ1,TRCN0000064999,-14.0048868178255,2.2637697719984424,0.0015109130035526942,0.9984890869964473,0.0030218260071053216,-1.284093639845345,0.002928942010985346,0.9999998106475553,0.004523176270129168
OTUD6A,TRCN0000135225,-11.41312674221405,2.583916678466126,0.0013977895674227893,0.9986022104325772,0.002795579134845516,-1.2915057935383523,0.002754810272462414,0.9999998106475553,0.004279316928096858
RPL30,TRCN0000117569,-19.534500047089733,3.9493645879909063,2.2293840308965516e-5,0.9999777061596911,4.458768061788021e-5,-1.3017450079883446,1.5021366753456173e-4,0.9999998106475553,2.3433303258063712e-4
KRT74,TRCN0000116930,-46.02524564517052,3.6258685850127366,1.8831086164910796e-6,0.9999981168913835,3.7662172329699928e-6,-1.2481287495497266,3.557490030244037e-5,0.9999998106475553,5.4730632218456894e-5
OC90,TRCN0000054167,-18.062197050791834,2.898275365967462,2.2690611291379523e-4,0.9997730938870862,4.5381222582752123e-4,-1.2521319140366565,7.950117882090751e-4,0.9999998106475553,0.0012336389817035492
PIWIL3,TRCN0000153086,-24.811079937147863,2.6676246609852377,1.5631195195080935e-4,0.9998436880480492,3.126239039017431e-4,-1.1601395035821316,5.821697108089199e-4,0.9999998106475553,9.184540779225123e-4
PSMC2,TRCN0000007185,-36.198969203163465,3.1689307351702998,1.4778976088613288e-5,0.9999852210239114,2.955795217718382e-5,-1.1367884295786297,1.0754547215252438e-4,0.9999998106475553,1.704989192659506e-4
CRYGB,TRCN0000148475,-16.215148823222297,2.71619364724402,4.394944783361972e-4,0.9995605055216638,8.789889566722664e-4,-1.1549284885198556,0.0012457831049315464,0.9999998106475553,0.0019191793778673546
NUP133,TRCN0000143344,-12.013637791322754,2.7003750552019463,0.0010097466714072592,0.9989902533285927,0.0020194933428145934,-1.158787533816735,0.0021453926327339263,0.9999998106475553,0.0033691729373215395
FAM71B,TRCN0000140300,-8.936319483385898,2.500074560601733,0.0029238971476121265,0.9970761028523879,0.005847794295224196,-1.148980399305918,0.005258567873842342,0.9999998106475553,0.008135313828356012
NLRP5,TRCN0000155358,-24.7323689761772,3.887324416507628,1.0092717843348803e-5,0.9999899072821566,2.0185435686714825e-5,-1.1091241607929092,8.524742035542829e-5,0.9999998106475553,1.3260709833077934e-4
NPSR1,TRCN0000063361,-7.588573765081184,2.112419525087666,0.0072434790660202645,0.9927565209339797,0.014486958132040595,-1.0713872504541158,0.012368828874467818,0.9999998106475553,0.018272883190547203
NLRP5,TRCN0000152512,-16.674000341837164,2.6798082800767387,4.380879987950842e-4,0.9995619120012049,8.761759975901562e-4,-1.0960826971404387,0.0012457831049315464,0.9999998106475553,0.0019191793778673546
RPL34,TRCN0000077923,-16.930785111251247,2.571629440100277,5.228314363045702e-4,0.9994771685636954,0.0010456628726092099,-1.1262041753829841,0.0013746850618916752,0.9999998106475553,0.0021239769196610765
CABP5,TRCN0000056336,-13.660400907296088,2.389892115511394,0.0012613196468370307,0.9987386803531629,0.0025226392936741338,-1.079697211529842,0.002569571836368387,0.9999998106475553,0.003977361286359551
HTR3D,TRCN0000060913,-26.813235958367184,3.7299146582476848,1.0504816589424465e-5,0.9999894951834106,2.1009633178969978e-5,-1.0822898238556586,8.71715481894346e-5,0.9999998106475553,1.3613091087195616e-4
DMRTC2,TRCN0000019588,-5.655251351332602,2.089682986628741,0.01351559680961523,0.9864844031903848,0.027031193619230454,-0.9770402537130476,0.02243114838929124,0.9999998106475553,0.032700139595641955
KRT77,TRCN0000116784,-10.493904962222363,2.7367285998500748,0.001368187052353835,0.9986318129476461,0.0027363741047077283,-0.949892940788704,0.0027394270342308547,0.9999998106475553,0.004243426190279231
COPS6,TRCN0000072560,-14.620348164879639,2.607627927989927,7.105449758209219e-4,0.9992894550241791,0.0014210899516418074,-1.0011398635624875,0.0016474890860945885,0.9999998106475553,0.002585290565871442
TAS2R9,TRCN0000014164,-8.371898992794307,3.925651482345185,6.039136022973732e-4,0.9993960863977026,0.0012078272045947802,-0.9557958470669394,0.0014723178734751053,0.9999998106475553,0.0022876652217344484
COPA,TRCN0000065269,-14.23395887676263,2.897492070805316,4.5037824723740896e-4,0.9995496217527626,9.007564944747415e-4,-0.9160501744120086,0.0012457831049315464,0.9999998106475553,0.0019191793778673546
CRYGB,TRCN0000146810,-15.539632593710346,3.9894096289671257,5.0952825140580276e-5,0.9999490471748594,1.0190565028111997e-4,-0.8859567702332516,2.3628123815190658e-4,0.9999998106475553,3.8255057605531543e-4
NPSR1,TRCN0000063358,-63.52081294033915,3.8581772784057433,2.8472185345089546e-7,0.9999997152781466,5.694437068548552e-7,-0.8502823356662192,2.8358097209374873e-5,0.9999998106475553,4.5936041967564734e-5
RNASE9,TRCN0000049815,-9.31061655637281,3.0031492848293047,0.0013059007568366342,0.9986940992431633,0.0026118015136733508,-0.8794387937913601,0.0026284725871647996,0.9999998106475553,0.004077168699562689
LUZP4,TRCN0000115746,-8.919205144449284,2.243500714470445,0.004262091887183967,0.995737908112816,0.008524183774367922,-0.9020039049602566,0.007439001707151351,0.9999998106475553,0.011325671138415806
PSMC2,TRCN0000007181,-12.205451378892535,2.2536597835799097,0.002093702525201067,0.997906297474799,0.004187405050402271,-0.878017120243209,0.003929846406428987,0.9999998106475553,0.0060942848887393045
NUP54,TRCN0000059903,-8.785002466078605,3.2175096814484916,0.0011770153252121018,0.9988229846747879,0.002354030650424166,-0.8845098559381483,0.0024205576035883658,0.9999998106475553,0.0037616773569278056
NPSR1,TRCN0000063360,-6.377384281152519,2.0925422156050724,0.010587938681368125,0.9894120613186319,0.021175877362736184,-0.8434875758232412,0.01795016127701478,0.9999998106475553,0.026358394717300566
DMRTB1,TRCN0000019522,-1.6381080152171406,2.0127506861095146,0.12113955107750335,0.8788604489224967,0.2422791021550066,-1.095073532843987,0.18075396738062802,0.9999998106475553,0.2604500348166321
KRT25,TRCN0000116496,-6.275976733177485,2.049283517369155,0.011519072033224428,0.9884809279667756,0.023038144066448885,-0.7947017571167567,0.01925272463503588,0.9999998106475553,0.028085160163480213
OR52E8,TRCN0000060817,-10.902830018540104,3.4564965803238312,4.2427332192718106e-4,0.9995757266780728,8.485466438543643e-4,-0.8187090827305976,0.0012457831049315464,0.9999998106475553,0.0019191793778673546
TAAR8,TRCN0000011508,-7.006501456011145,3.562968852629432,0.0016630731593118427,0.9983369268406882,0.003326146318623824,-0.7759950899686485,0.0031847514346336095,0.9999998106475553,0.004931872127614635
CYP7A1,TRCN0000064262,-9.23882948206092,2.2765482175652743,0.0037522906057215516,0.9962477093942784,0.007504581211443151,-0.8264099591378642,0.006622512897411545,0.9999998106475553,0.010084281002876734
RPL18A,TRCN0000117612,-9.004895332328452,3.9693466785036455,4.362614531616636e-4,0.9995637385468383,8.725229063233364e-4,-0.7802877306650053,0.0012457831049315464,0.9999998106475553,0.0019191793778673546
ABCG8,TRCN0000059648,-8.28184685003998,3.9472604680282415,6.142817500193202e-4,0.9993857182499807,0.0012285635000386375,-0.7249906674946889,0.0014824248355058086,0.9999998106475553,0.0023059941885645854
TAS2R13,TRCN0000014037,-9.088670130375192,3.8773558158748287,4.692259548235823e-4,0.9995307740451764,9.384519096471422e-4,-0.6884832601302797,0.0012755395208710026,0.9999998106475553,0.0019728344589471035
PIWIL3,TRCN0000154096,-7.341562108545323,2.4219183617457842,0.005194054312239973,0.99480594568776,0.01038810862447992,-0.7326945149449173,0.008999222306554972,0.9999998106475553,0.013611012131243773
NPSR1,TRCN0000063362,-1.6223409716975017,2.8903206455356103,0.1033004939680227,0.8966995060319773,0.20660098793604553,-0.8196706815466488,0.15511470999007854,0.9999998106475553,0.223110199300798
PSMD11,TRCN0000003949,-15.258734644109905,3.439081112310069,1.395740117757408e-4,0.9998604259882242,2.7914802355155643e-4,-0.7235071733965643,5.367358339018326e-4,0.9999998106475553,8.410000964323962e-4
RPS11,TRCN0000074980,-2.917741710615606,2.9423353742648697,0.03154224848511835,0.9684577515148817,0.06308449697023666,-0.771158501651561,0.05057452045241011,0.9999998106475553,0.07295590969907564
DMRTB1,TRCN0000019521,-10.687359304237857,2.2427258658531617,0.0028647393275247988,0.9971352606724752,0.005729478655049469,-0.6386189494688477,0.005171838556943625,0.9999998106475553,0.008017879893013015
TAAR1,TRCN0000014007,-19.167726923073847,3.8604221318939707,2.8415628989144553e-5,0.9999715843710109,5.683125797828481e-5,-0.6637788652647547,1.701340824286756e-4,0.9999998106475553,2.635410296443992e-4
PSMD7,TRCN0000058065,-9.53530509140498,3.988992769938718,3.4227696127358946e-4,0.9996577230387265,6.84553922547293e-4,-0.7158805497829217,0.0010938986667730257,0.9999998106475553,0.0016952565725909402
KRT9,TRCN0000117134,-8.882731746018404,3.0202881423610486,0.0014649926654506584,0.9985350073345494,0.0029299853309012747,-0.6223497547150174,0.002863394755199014,0.9999998106475553,0.0044277414105952165
SAGE1,TRCN0000115752,-6.7731530517712075,2.1455272555599487,0.008770829674126797,0.9912291703258732,0.01754165934825358,-0.6586276037478704,0.014923030344827249,0.9999998106475553,0.021892361139113307
RPL3,TRCN0000117511,-8.134039246322352,2.4357087865001406,0.004007535746959311,0.9959924642530407,0.008015071493918668,-0.6587612697602676,0.0070206089196731625,0.9999998106475553,0.010709403436789633
SAGE1,TRCN0000115754,-5.781066464313195,2.1994911667844774,0.011454902652917931,0.9885450973470821,0.022909805305835862,-0.6047907003785777,0.01921336508805029,0.9999998106475553,0.028000873151577163
COPS8,TRCN0000007621,-9.080170880137867,2.8219183609903316,0.0017928778806542574,0.9982071221193457,0.0035857557613085955,-0.6071728694081084,0.0034057479419657183,0.9999998106475553,0.005283683723049737
MRGPRD,TRCN0000077974,-11.013712222189127,2.344108456947205,0.00226213396666378,0.9977378660333363,0.004524267933327497,-0.5926234226250511,0.004212556559968378,0.9999998106475553,0.006504494627549867
OC90,TRCN0000054166,-10.711832941468263,2.6514588939701427,0.0014774721749662204,0.9985225278250338,0.0029549443499323758,-0.6149555689082256,0.002875902628637951,0.9999998106475553,0.00445123782649049
NLRP5,TRCN0000152434,-3.7160910943766017,3.786203829968912,0.011321435969552159,0.9886785640304478,0.022642871939104303,-0.5803933181353624,0.01905707905195079,0.9999998106475553,0.027890829237490457
CABP5,TRCN0000056337,-7.172613348804992,2.302279552916221,0.006367708703737527,0.9936322912962625,0.012735417407475191,-0.5584625754001582,0.010952458970428547,0.9999998106475553,0.016280682253339906
LHX5,TRCN0000005061,-0.6032056186366466,3.5889472009191175,0.29119832686296354,0.7088016731370365,0.5823966537259271,-0.6116038514103685,0.41865291369660107,0.9999998106475553,0.5962632407194015
LYZL6,TRCN0000151651,-22.89859548083553,3.96821536741652,1.1502082478061721e-5,0.999988497917522,2.300416495604196e-5,-0.5454540016071849,9.067475020205324e-5,0.9999998106475553,1.4317065821326116e-4
LUZP4,TRCN0000115745,-9.958311425938433,3.2578510249420765,7.527425175882649e-4,0.9992472574824117,0.001505485035176557,-0.47405712789863674,0.0017283845185400452,0.9999998106475553,0.0027179176398416465
NPSR1,TRCN0000063359,-10.744844905291826,2.5020762266089194,0.0018554193160816176,0.9981445806839184,0.0037108386321633713,-0.5039004824731315,0.0035104533460264204,0.9999998106475553,0.005451014512463585
VN1R2,TRCN0000014256,-12.54432632444515,3.9669317845725676,1.2197518140482903e-4,0.9998780248185952,2.43950362809775e-4,-0.5500613951947209,4.807855067040345e-4,0.9999998106475553,7.521784817858812e-4
LUZP4,TRCN0000115743,-3.3778992358333038,2.059206979527683,0.037250553932825496,0.9627494460671745,0.074501107865651,-0.47681778145510734,0.05932495626338875,0.9999998106475553,0.08553161170012846
PSMD6,TRCN0000121679,-7.674724762071408,2.6638339888793032,0.003444980678351883,0.9965550193216481,0.006889961356703722,-0.49434547944706253,0.0061258491009791,0.9999998106475553,0.00936480379804845
OR52E8,TRCN0000060814,-16.920476859896596,3.986130447539394,3.664523328737004e-5,0.9999633547667126,7.329046657478244e-5,-0.45660642339656654,1.92591059388067e-4,0.9999998106475553,3.040911464023868e-4
TAAR1,TRCN0000014003,-7.0454738123668434,2.2740133643072182,0.0068644862868645845,0.9931355137131355,0.013728972573729292,-0.4400438085850258,0.011764137730749814,0.9999998106475553,0.01740966227178004
KRT77,TRCN0000116786,-24.270504775115278,3.9941027144199155,8.655993474355322e-6,0.9999913440065257,1.7311986948653768e-5,-0.39794411179942113,7.873624833403976e-5,0.9999998106475553,1.2042014451048872e-4
TRIM42,TRCN0000073250,-3.3526194715962756,3.5392513783560866,0.01715978330205449,0.9828402166979455,0.03431956660410895,-0.41864580638077875,0.028280757846243114,0.9999998106475553,0.041096594946186164
KRT25,TRCN0000116495,-17.086166930866284,3.9941646316799315,3.4767126260591535e-5,0.9999652328737394,6.953425252120837e-5,-0.39665291074347486,1.8902127265815858e-4,0.9999998106475553,2.9630361659938346e-4
CABP5,TRCN0000056333,-8.204358574372755,2.5525466925987508,0.0033572197155764547,0.9966427802844235,0.006714439431152908,-0.39893915665743407,0.005992320473462879,0.9999998106475553,0.009205593770827029
LYZL6,TRCN0000155532,-1.0747228151430648,2.752986641860831,0.1837795267615691,0.8162204732384308,0.36755905352313833,-0.5286120142507471,0.26912605621740615,0.9999998106475553,0.3872058626201435
NPHS2,TRCN0000118887,-5.069819312697134,2.060322904456089,0.017288028671082468,0.9827119713289175,0.034576057342164956,-0.33635023827114097,0.028393185977159747,0.9999998106475553,0.04129917960314147
VN1R2,TRCN0000014253,-2.481766351918327,2.0689809255796665,0.06350836679371302,0.9364916332062869,0.12701673358742616,-0.31695964402696575,0.09784839574405947,0.9999998106475553,0.14037129669825366
KRT74,TRCN0000116927,-5.118004475783591,3.98444372551196,0.003484127837106046,0.996515872162894,0.006968255674212109,-0.30330635216211554,0.006172256430528688,0.9999998106475553,0.009444082905164262
PSMD1,TRCN0000058104,-2.272773105376816,3.904574828120575,0.0435467232194529,0.9564532767805471,0.08709344643890593,-0.3363171300249821,0.06865866694267074,0.9999998106475553,0.09878944883837532
RPS19,TRCN0000074914,-1.1515807953725001,3.390310950474961,0.16209070511417106,0.8379092948858289,0.32418141022834224,-0.3833183164234857,0.24034139034170193,0.9999998106475553,0.3445793416584402
FCRL4,TRCN0000063029,-6.395130349441614,2.623452974521178,0.00573437686426334,0.9942656231357366,0.011468753728526737,-0.27701633537541603,0.009899125024804962,0.9999998106475553,0.014781254805430917
TAAR1,TRCN0000014006,-8.403317465417532,2.7697764710121886,0.0023721586760132246,0.9976278413239867,0.004744317352026517,-0.2695097314909294,0.004400121779428452,0.9999998106475553,0.0067796438293309435
PIWIL3,TRCN0000150729,-5.244036417393178,2.3940778400334817,0.01159852800449695,0.9884014719955031,0.02319705600899402,-0.2804547130545547,0.01931726671171499,0.9999998106475553,0.02820618892610327
LYZL6,TRCN0000155615,-7.86966506386115,3.999655594286206,7.04838479450902e-4,0.9992951615205491,0.0014096769589018177,-0.312577428411851,0.0016423083782279638,0.9999998106475553,0.002574429349654671
KRT9,TRCN0000117136,-10.20611987172563,3.999918214965021,2.596733826363457e-4,0.9997403266173637,5.193467652726547e-4,-0.2729287985284117,8.773250713356536e-4,0.9999998106475553,0.0013647278887442538
MRGPRD,TRCN0000077976,-9.89921803783503,3.999667545714086,2.923578584584542e-4,0.9997076421415415,5.847157169169837e-4,-0.25966509941658344,9.738399088087946e-4,0.9999998106475553,0.0015031007288137676
CRYGB,TRCN0000148626,-2.5202295070020044,2.295590330622156,0.05594723661075498,0.944052763389245,0.11189447322150992,-0.2592955034634521,0.08704948327923391,0.9999998106475553,0.12482567413625988
FAM71B,TRCN0000144181,-3.0584623851052233,2.2194379031900238,0.040552245936737626,0.9594477540632623,0.08110449187347513,-0.20798629238352007,0.06436648432240569,0.9999998106475553,0.09266286148829404
PLA2G2E,TRCN0000051556,-9.428127128131491,3.996206605070052,3.544099879312912e-4,0.9996455900120688,7.088199758626956e-4,-0.19711565997538472,0.0011101716840496738,0.9999998106475553,0.001728205405067294
SAGE1,TRCN0000115753,-3.312800370625061,3.984315823064591,0.014875595685937106,0.9851244043140629,0.029751191371874208,-0.15240182483512044,0.02460194671135752,0.9999998106475553,0.03580741353408779
IL22,TRCN0000058953,-4.172872123077988,3.159353042533992,0.011315172226091014,0.988684827773909,0.02263034445218204,-0.22917188725092785,0.01905707905195079,0.9999998106475553,0.027890829237490457
CYP7A1,TRCN0000064261,-8.462022064075231,3.99478317165009,5.374377679979919e-4,0.999462562232002,0.001074875535995945,-0.1816725922352891,0.0013820048304478368,0.9999998106475553,0.002145897795800912
OR12D2,TRCN0000009300,-1.1367323876232602,2.367539997600788,0.1787753692562585,0.8212246307437415,0.35755073851251695,-0.22848736957593196,0.2634291266610912,0.9999998106475553,0.37834787319109736
LHX5,TRCN0000005062,-0.8497797725300357,2.789869120088172,0.23106828903043408,0.7689317109695659,0.46213657806086816,-0.2969129223767677,0.335261658623912,0.9999998106475553,0.4804189042259135
IL1F10,TRCN0000058442,-2.7719124226149314,3.920488054516233,0.02568656918238766,0.9743134308176123,0.051373138364775306,-0.15923582516517776,0.04160872336736083,0.9999998106475553,0.06029651227428963
NPHS2,TRCN0000118891,-7.282287733685752,3.9936360399433157,9.506172551085133e-4,0.9990493827448915,0.0019012345102169537,-0.1706661302756718,0.0020625778058088384,0.9999998106475553,0.003246512358601513
HTR3D,TRCN0000060917,-2.0688333434052444,2.1407788880022953,0.08300177917267923,0.9169982208273207,0.16600355834535852,-0.16530485329943367,0.12664465015702348,0.9999998106475553,0.18175852568832077
MAGEB3,TRCN0000115830,-5.522558736963756,3.5067529748326356,0.0038264559291834653,0.9961735440708165,0.0076529118583668065,-0.15168706997038228,0.006728303548341186,0.9999998106475553,0.01025446829747167
POU4F2,TRCN0000019572,-0.6002856380617275,3.317904111402265,0.29343270360905194,0.7065672963909481,0.5868654072181041,-0.48436293740280156,0.42058687517297444,0.9999998106475553,0.5995406859917133
TGM6,TRCN0000056295,-0.709112959233548,2.810177632303406,0.26627166673230945,0.7337283332676905,0.532543333464619,-0.32770488557091504,0.383983226720678,0.9999998106475553,0.5494612414954226
TAS2R9,TRCN0000014165,-0.9586951413516338,2.2094676570303298,0.21527027302598736,0.7847297269740127,0.43054054605197467,-0.16421700610853307,0.31330104351166776,0.9999998106475553,0.4485587627369692
RPL30,TRCN0000117571,-1.0457961162991367,3.3594455771991756,0.1824934501375902,0.8175065498624098,0.36498690027518044,-0.08692947052963618,0.2680726767549073,0.9999998106475553,0.3853544728351794
ABCG8,TRCN0000059650,-1.548470645469624,3.9028580140958056,0.09908631676399096,0.9009136832360091,0.19817263352798187,-0.10531683932131308,0.14973746910341124,0.9999998106475553,0.21499003591453078
COPZ1,TRCN0000065000,-1.1637596209581167,2.4372326431312428,0.17286755639020088,0.8271324436097991,0.3457351127804018,-0.12135484110591932,0.2555198567892657,0.9999998106475553,0.36666526534782523
SAGE1,TRCN0000115755,-0.8473706738673008,2.0734211703413137,0.2416405160355476,0.7583594839644524,0.4832810320710952,-0.08139686204601837,0.34952894215539454,0.9999998106475553,0.5002011557322277
NUP133,TRCN0000121583,-2.2689198026807396,3.1651157806997925,0.05170598790038357,0.9482940120996164,0.103411975800767,-0.12197960859513657,0.08098321945987227,0.9999998106475553,0.11590963164398765
OR52E8,TRCN0000060815,-0.36342171759716263,2.0232096106453232,0.3753776113231141,0.6246223886768859,0.7507552226462282,-0.040741462301983056,0.5315976351971047,0.9999998106475553,0.75715825226368
SPATA16,TRCN0000137126,-1.0966210913372951,2.1910270920083494,0.1893026872057756,0.8106973127942244,0.3786053744115512,-0.08303564174033973,0.2763585526183082,0.9999998106475553,0.39707392926089513
TPH2,TRCN0000056674,-0.3303357383859885,2.1112357036474214,0.38553356940209493,0.6144664305979051,0.7710671388041899,-0.023339336967222124,0.5443503830662415,0.9999998106475553,0.7759888439454932
NLRP5,TRCN0000155835,-0.4751038014449015,3.3647629087355235,0.3319371221718227,0.6680628778281773,0.6638742443436456,-0.028656643437187768,0.4743391504147194,0.9999998106475553,0.6752957367194502
NLRP5,TRCN0000151998,-0.4291198900304758,2.5056670748146637,0.3509960815251252,0.6490039184748748,0.7019921630502504,-0.019910782383300685,0.5000636944620007,0.9999998106475553,0.7125371097055115
KRT74,TRCN0000116928,-0.08766232110676674,2.3789271650298627,0.4684906777623342,0.5315093222376658,0.9369813555246684,-0.0040278315422330735,0.6575551649305166,0.9999998106475553,0.9369813555246684
RNASE9,TRCN0000049813,0.19326572645441187,3.829141736518065,0.5717168554101668,0.4282831445898332,0.8565662891796664,0.013730861783775694,0.8000653035769494,0.9999998106475553,0.8583810482669114
OR9Q2,TRCN0000063064,0.5250548649512827,2.196682562763318,0.6761154218161907,0.32388457818380934,0.6477691563676187,0.03680669966078298,0.940595866232524,0.9999998106475553,0.6603336443144043
RNASE9,TRCN0000049817,0.7860513467740045,3.943485357652022,0.7618105585953273,0.23818944140467269,0.47637888280934537,0.06855318325900228,0.9999998723714945,0.8666431214185398,0.49413862186144814
NPHS2,TRCN0000118890,0.956590335211844,2.613693071298426,0.7906727301725937,0.20932726982740635,0.4186545396548127,0.1123521701105803,0.9999998723714945,0.76753332270049,0.43713818378968305
NUP54,TRCN0000059904,2.3873183139183283,3.1051977268091724,0.9529771881635934,0.04702281183640655,0.0940456236728131,0.07837166765538228,0.9999998723714945,0.1869057983077336,0.10591328570771572
RPS19,TRCN0000074915,-0.413408782045026,2.2723905135352234,0.3575528987552784,0.6424471012447216,0.7151057975105566,-0.27707169596486025,0.5078754387725126,0.9999998106475553,0.7242934522965595
RPL35A,TRCN0000117657,0.6430417463084055,3.7949901136852944,0.7215090203405135,0.27849097965948655,0.5569819593189731,0.05841897951543551,0.9999998723714945,0.9904228073604295,0.5714804051146947
RPS7,TRCN0000074766,1.1980873680976032,3.486872318874524,0.8470361496516908,0.15296385034830917,0.30592770069661834,0.07967934935219034,0.9999998723714945,0.5742214382123034,0.3259094649313074
PSMC4,TRCN0000052039,-0.2257163998082792,3.248582239492152,0.41744341401638313,0.5825565859836168,0.8348868280327664,-0.13062229753289323,0.5876509965171107,0.9999998106475553,0.8384319950307824
IL22,TRCN0000058957,7.1539726605597265,3.916346630751382,0.9989057960270635,0.0010942039729364694,0.002188407945872939,0.13948245650048996,0.9999998723714945,0.00784179513937803,0.003520805980945238
RPS13,TRCN0000007172,3.315431231905616,2.492342351559734,0.9704645910146612,0.029535408985338796,0.05907081797067759,0.13292098466641278,0.9999998723714945,0.12254603903566008,0.06864986953349017
OR12D2,TRCN0000009302,3.272462083119938,2.182746519121643,0.9635356260147816,0.0364643739852184,0.0729287479704368,0.16475497735840072,0.9999998723714945,0.14997955560876786,0.08413487265857708
PIWIL3,TRCN0000151560,2.2291537823998238,3.757669924618029,0.9529806681058653,0.04701933189413465,0.0940386637882693,0.1607872905930865,0.9999998723714945,0.1869057983077336,0.10591328570771572
TAAR8,TRCN0000011511,1.7723453320996987,2.793585789274243,0.9094029383349532,0.09059706166504677,0.18119412333009355,0.16364458130495052,0.9999998723714945,0.3483935785981067,0.19793261047375113
COPS8,TRCN0000007620,3.2467568626961603,3.126525679948037,0.977557096102006,0.02244290389799397,0.04488580779598794,0.22759077144536466,0.9999998723714945,0.09650448676137408,0.05307746771875574
PIWIL3,TRCN0000153144,4.094452341782118,3.2335924490022223,0.988602925563274,0.011397074436725996,0.02279414887345199,0.2473771965527236,0.9999998723714945,0.05134110674829901,0.027931690199851793
RPTN,TRCN0000053866,2.7377110538324874,2.5831350149366696,0.9578244588567325,0.04217554114326749,0.08435108228653498,0.2876150964688673,0.9999998723714945,0.17050453812620106,0.0959088026959881
TGM6,TRCN0000056296,3.2197880943864035,2.8441408762729563,0.9738189665282099,0.026181033471790127,0.052362066943580254,0.22606816232248228,0.9999998723714945,0.10958963568280292,0.06115372262793447
PIWIL3,TRCN0000153271,2.853760977867873,2.0537124442075245,0.9495483832347715,0.05045161676522847,0.10090323353045694,0.275711339556338,0.9999998723714945,0.19886345608294223,0.11336634075987205
FCRL4,TRCN0000063032,4.769129114791879,2.3001370094028633,0.9844200801284975,0.015579919871502534,0.03115983974300507,0.26353569210608185,0.9999998723714945,0.06823427869648795,0.0374076248691406
FAM71B,TRCN0000144219,4.4856780412399875,3.8760260327252625,0.9941212674158103,0.005878732584189694,0.011757465168379388,0.2855046974900368,0.9999998723714945,0.029484592274479277,0.01511217669740068
PIWIL3,TRCN0000152548,2.193568517382494,2.0527993932600714,0.9218727886182527,0.07812721138174727,0.15625442276349455,0.3114288578535316,0.9999998723714945,0.30290304084890546,0.17148107184949635
DEFB129,TRCN0000137516,7.1078617440823475,3.860684483894309,0.9988179552590101,0.0011820447409899293,0.0023640894819798586,0.2694227676642047,0.9999998723714945,0.008344883022212486,0.003765031397227182
NPHS2,TRCN0000118889,1.5371060960070262,2.008952192506638,0.8682243711425337,0.1317756288574663,0.2635512577149326,0.3599572653742005,0.9999998723714945,0.4986389795966525,0.28139897268434116
PLA2G2E,TRCN0000051557,0.6728258505913929,3.9951173907023048,0.7310146620651805,0.2689853379348195,0.537970675869639,0.2446515388597792,0.9999998723714945,0.9638641275997698,0.5531741949703026
KRT25,TRCN0000116492,4.273049195409146,2.1607779958697964,0.9779489465860172,0.022051053413982835,0.04410210682796567,0.3220472188494874,0.9999998723714945,0.0956894336221457,0.05228144493641043
TRIM42,TRCN0000073248,11.1080727541559,2.868859017836059,0.9990444202136618,9.55579786338201e-4,0.001911159572676402,0.3375791886204347,0.9999998723714945,0.007533153982299485,0.0032517211434386264
POLA1,TRCN0000052956,5.947494720618996,3.5477464878015823,0.9970918934412507,0.0029081065587492905,0.005816213117498581,0.3204270938745619,0.9999998723714945,0.01786408314660278,0.008115247211141088
PIWIL3,TRCN0000151260,4.4990055433745395,3.5186496836801116,0.9927597958039571,0.0072402041960428765,0.014480408392085753,0.36908936936522707,0.9999998723714945,0.034945067191104906,0.018272883190547203
KRT77,TRCN0000116785,3.644711505353677,3.951967069113344,0.9888328788023272,0.011167121197672825,0.02233424239534565,0.3859367340740292,0.9999998723714945,0.05128202258737132,0.027654703280100765
LUZP4,TRCN0000115744,15.369284538045093,2.3707860652035015,0.9990092838516286,9.907161483714289e-4,0.0019814322967428577,0.4372005825839498,0.9999998723714945,0.007682110461962064,0.0033472052727120415
DEFB129,TRCN0000135246,11.721090469571623,2.30923935717749,0.9979196202144842,0.0020803797855157846,0.004160759571031569,0.44640638972164126,0.9999998723714945,0.013479721076013234,0.006093000857888335
MAGEB3,TRCN0000115831,14.361423418573981,2.7202766105039933,0.9993951958949946,6.048041050054076e-4,0.0012096082100108152,0.46622245982994137,0.9999998723714945,0.005108434672634961,0.0022876652217344484
KRT25,TRCN0000116493,8.317908675564256,2.5928067828444545,0.9969251518711542,0.003074848128845842,0.006149696257691684,0.5329449971564761,0.9999998723714945,0.018410166644861812,0.008480484926787657
RPS3A,TRCN0000074708,5.775759548829226,3.9981911438196,0.9977657849363301,0.002234215063669942,0.004468430127339884,0.45790551417292136,0.9999998723714945,0.014090449668211769,0.0064438032019261135
PLA2G2E,TRCN0000051554,0.6824636624900066,3.9134909973008627,0.7334009409657516,0.2665990590342484,0.5331981180684968,0.3727938479906534,0.9999998723714945,0.9626057627725152,0.5494612414954226
RXFP2,TRCN0000009004,7.326685925812646,3.857436681979472,0.9989380347505559,0.00106196524944413,0.00212393049888826,0.5472270209671866,0.9999998723714945,0.007727839430570362,0.003452299401973014
ADH7,TRCN0000026500,1.3638359517132002,3.367669360701687,0.8716816642104321,0.12831833578956786,0.2566366715791357,0.4515185923373739,0.9999998723714945,0.4894723615198838,0.2752588336891864
TAS2R13,TRCN0000014034,7.8721077596069,3.624357238724113,0.9989515862402324,0.001048413759767608,0.002096827519535216,0.5705809877315424,0.9999998723714945,0.007727839430570362,0.0034361640649167168
OLIG2,TRCN0000018161,7.3693630506494125,2.3589192192860495,0.9944243974257393,0.005575602574260707,0.011151205148521415,0.5280868370052598,0.9999998723714945,0.028357634598121663,0.014411256926914287
TPH2,TRCN0000056677,10.421372691603464,2.167200785963863,0.9965707608874121,0.0034292391125878563,0.006858478225175713,0.5892246086776218,0.9999998723714945,0.019780854881147024,0.009348876658524819
DMRTB1,TRCN0000019519,8.56844102808013,2.163470213273057,0.9947701053927231,0.005229894607276853,0.010459789214553705,0.585904670582325,0.9999998723714945,0.027486001658243903,0.01362942230987301
PSMB2,TRCN0000003903,5.32640214460644,2.136085035306556,0.9854947557130835,0.014505244286916463,0.029010488573832927,0.5884050721091132,0.9999998723714945,0.0641213135300139,0.03500500279444636
DMRTC2,TRCN0000019584,3.4039794964545296,2.0211660323352425,0.9622945978501665,0.03770540214983353,0.07541080429966707,0.6286681418026774,0.9999998723714945,0.1537470277316488,0.08636636908896494
ABCG8,TRCN0000059652,10.242007511089506,3.665516046955013,0.9996042947891258,3.9570521087417543e-4,7.914104217483509e-4,0.6407801256028334,0.9999998723714945,0.003982309888159255,0.0018395142085699953
DMRTC2,TRCN0000019585,18.742300102727803,2.399050875243837,0.999416136244105,5.83863755895031e-4,0.001167727511790062,0.6630432407723648,0.9999998723714945,0.0050212283006972665,0.002270741531711202
SPATA16,TRCN0000138134,26.89264367245615,3.657050789371326,0.9999877494037542,1.225059624576641e-5,2.450119249153282e-5,0.628410081551344,0.9999998723714945,3.40854824955736e-4,1.466970132720889e-4
IL1F10,TRCN0000058439,14.759995698972018,2.3944886229197455,0.9989592669155758,0.0010407330844242058,0.0020814661688484115,0.6486273839719541,0.9999998723714945,0.007727839430570362,0.0034361040708343754
OLIG2,TRCN0000018159,0.35825607877699955,3.26580829131625,0.6289635081742768,0.3710364918257232,0.7420729836514464,0.24814755353681583,0.8775803521133715,0.9999998106475553,0.7500011138186626
RXFP2,TRCN0000009003,5.834810543801728,3.025547661641645,0.9951022973658222,0.00489770263417777,0.00979540526835554,0.6552529166209489,0.9999998723714945,0.026534272833046046,0.01294197399981053
FAM71B,TRCN0000143767,36.092642248248275,3.6179127519443766,0.9999953670853609,4.6329146391466125e-6,9.265829278293225e-6,0.6892263656541342,0.9999998723714945,1.473274535396622e-4,7.491226451169264e-5
KRT25,TRCN0000116494,5.762309539702585,2.9963752036000795,0.9947892321106344,0.005210767889365586,0.010421535778731172,0.7140914114560237,0.9999998723714945,0.027486001658243903,0.01361708956723714
OR9Q2,TRCN0000063065,26.715958766599275,2.867125981360054,0.9999209204474394,7.90795525605903e-5,1.581591051211806e-4,0.7308516759017074,0.9999998723714945,0.0013853566059688596,5.381960915274706e-4
OTUD6A,TRCN0000136332,16.002064933406977,3.451183443883302,0.9998838134583347,1.1618654166534181e-4,2.3237308333068363e-4,0.7414417194548717,0.9999998723714945,0.0017034630322797898,7.327497894360891e-4
TRIM42,TRCN0000073252,8.994560668708058,3.8890681083486425,0.9995188425080546,4.8115749194543866e-4,9.623149838908773e-4,0.7568088495321277,0.9999998723714945,0.00437668257096524,0.0019963815235981798
LHX5,TRCN0000005065,2.691717062024715,2.007458887145429,0.9428515486400557,0.057148451359944286,0.11429690271988857,0.7825071487346893,0.9999998723714945,0.2233984916797822,0.12720572938001717
RPL36,TRCN0000117672,17.731945107057363,3.5089080363491543,0.9999266243599554,7.337564004461505e-5,1.467512800892301e-4,0.7303307141275432,0.9999998723714945,0.0013348722208116508,5.108843228309783e-4
FAM71B,TRCN0000139275,19.66208470795924,3.077447981350515,0.9998775523401744,1.2244765982560857e-4,2.4489531965121714e-4,0.7538472357960391,0.9999998723714945,0.0017034630322797898,7.521784817858812e-4
CYP7A1,TRCN0000064259,6.915490767983581,2.2049176875568532,0.9922063882842593,0.007793611715740667,0.015587223431481334,0.7854457787834752,0.9999998723714945,0.037236144864094295,0.019608395433751785
PSMA3,TRCN0000003881,9.229390930730007,2.669288908169761,0.9978788941569874,0.002121105843012616,0.004242211686025232,0.7484748591495407,0.9999998723714945,0.013557879239796858,0.0061551108205212725
RPTN,TRCN0000053867,1.0319292184494941,2.1056693807210007,0.7970634970257087,0.20293650297429133,0.40587300594858267,0.46833884269931936,0.9999998723714945,0.7499137961471859,0.42472993764088407
CYP7A1,TRCN0000064258,11.947731828977153,2.6852525074735296,0.9989494083709614,0.0010505916290386441,0.0021011832580772882,0.8250365486129327,0.9999998723714945,0.007727839430570362,0.0034361640649167168
OC90,TRCN0000054165,20.793880125009615,3.8668306448118854,0.9999794594933649,2.054050663513607e-5,4.108101327027214e-5,0.909532055864835,0.9999998723714945,5.063426018483474e-4,2.2081044632771274e-4
OLIG2,TRCN0000018158,18.395510248245127,3.5021275170643076,0.9999345817891584,6.54182108416057e-5,1.308364216832114e-4,0.8584036076669754,0.9999998723714945,0.0012377125491231798,4.724093698943434e-4
POU4F2,TRCN0000019573,9.151808203285032,2.060136066427289,0.9946635842848734,0.005336415715126552,0.010672831430253105,0.874244924786792,0.9999998723714945,0.02762968358448456,0.01386881666623549
ABCG8,TRCN0000059651,4.449799234566829,2.012426592972145,0.9767787472555743,0.023221252744425658,0.046442505488851316,0.8981040661534561,0.9999998723714945,0.0989518247577778,0.05478130946689943
SAGE1,TRCN0000115756,9.250619860799347,2.0418694881658976,0.9946259389222567,0.005374061077743297,0.010748122155486595,0.9013240975719192,0.9999998723714945,0.02762968358448456,0.013928388437110025
ABCG8,TRCN0000059649,13.674669969099465,2.82763587973031,0.9994292159808905,5.707840191094826e-4,0.0011415680382189652,0.9180537094299286,0.9999998723714945,0.0049996452044219495,0.002240504904886185
OTUD6A,TRCN0000134038,7.392584060668934,2.6775501134898487,0.9962690652861586,0.0037309347138414495,0.007461869427682899,0.9129132761188306,0.9999998723714945,0.0210087157100834,0.010055453673202312
NUP205,TRCN0000060027,10.466134463276102,3.5334382313388644,0.9995618243169088,4.3817568309123534e-4,8.763513661824707e-4,0.883497946606143,0.9999998723714945,0.0041451419620430864,0.0019191793778673546
MRGPRD,TRCN0000077975,10.156238031200324,3.9961340811075172,0.9997340749105048,2.659250894951892e-4,5.318501789903785e-4,0.9052873359804057,0.9999998723714945,0.0030621266960818806,0.0013898626224444696
SPATA16,TRCN0000137396,29.64140830260149,3.2759979748009282,0.9999785901648267,2.1409835173291647e-5,4.2819670346583294e-5,0.9645166579163984,0.9999998723714945,5.063426018483474e-4,2.275697086958865e-4
DMRTC2,TRCN0000019586,50.060784858428185,3.423745832410515,0.9999975003262314,2.4996737686411308e-6,4.9993475372822616e-6,0.9748170181124429,0.9999998723714945,1.1356181899564259e-4,6.0521295389373225e-5
DEFB129,TRCN0000135470,18.301806704322367,3.3187313049810423,0.9999051593814227,9.484061857734094e-5,1.8968123715468188e-4,1.0237706739745898,0.9999998723714945,0.001546883192658009,6.23050174820587e-4
FCRL4,TRCN0000063028,8.9837665642468,2.9963601248863267,0.9985374583438767,0.0014625416561232507,0.0029250833122465014,1.0229942272199635,0.9999998723714945,0.009743411314736584,0.0044277414105952165
OLIG2,TRCN0000018160,0.9927385037924777,3.889403530554045,0.8107436217560242,0.1892563782439758,0.3785127564879516,0.6303048768728559,0.9999998723714945,0.7048682433811067,0.39707392926089513
OTUD6A,TRCN0000138784,3.469107414280123,3.9987420646248775,0.987191327920264,0.012808672079736017,0.025617344159472033,0.9469682650184179,0.9999998723714945,0.05715567824259562,0.03106924048059044
OR52E8,TRCN0000060813,18.089340597982616,3.3724407043985005,0.9999111394499465,8.886055005352667e-5,1.7772110010705333e-4,1.0386096651731052,0.9999998723714945,0.0015011085776899327,5.878467157387149e-4
HTR3D,TRCN0000060914,13.262617845081577,3.894022799593113,0.999890174770702,1.0982522929803284e-4,2.196504585960657e-4,1.0647648711971263,0.9999998723714945,0.0016757204341280494,7.01990992675264e-4
RXFP2,TRCN0000009002,11.80160170653927,2.059244665060414,0.996810755766027,0.003189244233973043,0.006378488467946086,1.062750236151171,0.9999998723714945,0.018856406533365618,0.008770421643425869
RNASE9,TRCN0000049814,17.38765015112336,2.676422105376023,0.9996054385155524,3.9456148444760863e-4,7.891229688952173e-4,1.0874526500932813,0.9999998723714945,0.003982309888159255,0.0018395142085699953
NUP93,TRCN0000059960,14.71148370538231,3.1267064595495753,0.9997280986866058,2.719013133941628e-4,5.438026267883256e-4,1.1219925806802893,0.9999998723714945,0.0030621266960818806,0.0014132892443454834
ADH7,TRCN0000026419,73.15002383236117,3.3065049183232795,0.9999989928377943,1.0071622057461482e-6,2.0143244114922965e-6,1.1467647186073373,0.9999998723714945,9.654836950516721e-5,4.5936041967564734e-5
RNASE9,TRCN0000049816,12.333257523689214,2.048345537197951,0.9970251515175967,0.0029748484824032584,0.005949696964806517,1.1686939202829505,0.9999998723714945,0.01803978630995822,0.008228674457173926
TGM6,TRCN0000056294,24.162222552152635,2.877251661130513,0.9998970601184142,1.0293988158582845e-4,2.058797631716569e-4,1.142378209462926,0.9999998723714945,0.0016230187996698953,6.715939860703015e-4
OR9Q2,TRCN0000063066,28.50543395085064,2.1781358625979697,0.9996183368157092,3.816631842907814e-4,7.633263685815628e-4,1.1919334845987217,0.9999998723714945,0.003982309888159255,0.0018327582352237522
TPH2,TRCN0000056675,18.380258056659596,3.999941696887748,0.9999742225794759,2.577742052412013e-5,5.155484104824026e-5,1.181452612044401,0.9999998723714945,5.420517596563667e-4,2.4385439815817643e-4
KRT74,TRCN0000116929,41.8427178664476,3.9827655015729264,0.9999989794041279,1.020595872147645e-6,2.04119174429529e-6,1.2680225872634496,0.9999998723714945,9.654836950516721e-5,4.5936041967564734e-5
OR52E8,TRCN0000060816,69.15425035201802,3.232484103013275,0.999998454726742,1.5452732580190087e-6,3.0905465160380174e-6,1.2548280124900835,0.9999998723714945,9.935596571841732e-5,5.220816078878508e-5
MAGEB3,TRCN0000115828,14.396857280368433,3.2988861404412533,0.9997841674199742,2.1583258002577654e-4,4.316651600515531e-4,1.2546691836805648,0.9999998723714945,0.002617661803902367,0.0011939097155130862
RPTN,TRCN0000053863,38.549035618096724,3.9157494537668724,0.9999983195608335,1.6804391664848595e-6,3.360878332969719e-6,1.2299693041623705,0.9999998723714945,9.935596571841732e-5,5.4730632218456894e-5
FAM71B,TRCN0000121666,38.18444218099687,3.8356181020259528,0.9999978554143845,2.144585615537764e-6,4.289171231075528e-6,1.2959151030789533,0.9999998723714945,1.1270988846104026e-4,5.635494423052013e-5
LYZL6,TRCN0000151784,9.14046105242013,2.978644417453821,0.998575961608917,0.0014240383910829602,0.0028480767821659203,1.2467388307497078,0.9999998723714945,0.00962243084260343,0.004345613928917679
ADH7,TRCN0000026491,72.38427436484004,3.951147453958522,0.9999998723714945,1.2762850554182137e-7,2.5525701108364274e-7,1.299105411584696,0.9999998723714945,6.036828312128151e-5,4.5936041967564734e-5
LHX5,TRCN0000005063,12.015591918502896,2.0062023417182044,0.9966113115066855,0.003388688493314529,0.006777376986629058,1.3626670685708993,0.9999998723714945,0.019780854881147024,0.009265026921027585
DMRTB1,TRCN0000019523,7.706349662469597,2.133338455109021,0.9931818771314431,0.006818122868556875,0.01363624573711375,1.196760507186509,0.9999998723714945,0.03324713522502477,0.017338559767889256
COPS6,TRCN0000072559,8.705620941876049,2.223362141577004,0.9953705249567968,0.004629475043203213,0.009258950086406426,1.2771761947190772,0.9999998723714945,0.02546211273761767,0.01226746047862812
OTUD6A,TRCN0000135872,3.9870953858454787,3.4814875463803023,0.9893307011656954,0.010669298834304564,0.021338597668609127,1.2067455951512667,0.9999998723714945,0.04947625831986332,0.02649122492717091
VN1R2,TRCN0000014255,28.969627073433063,3.2208335251710576,0.9999736423034417,2.6357696558343413e-5,5.2715393116686826e-5,1.3810401720424528,0.9999998723714945,5.420517596563667e-4,2.4687505885339473e-4
SPATA16,TRCN0000137295,9.596620656703404,2.0488189252104125,0.9950633911008286,0.0049366088991713575,0.009873217798342715,1.2724854388692979,0.9999998723714945,0.026534272833046046,0.013008445734306696
OTUD6A,TRCN0000134360,10.70065768929993,2.035106469654904,0.9959430638064074,0.004056936193592597,0.008113872387185195,1.3104531125238346,0.9999998723714945,0.022575656700815277,0.010810877856728443
DMRTB1,TRCN0000019520,8.538263212493135,2.018773896424633,0.9934672963339679,0.006532703666032091,0.013065407332064183,1.3280308207785154,0.9999998723714945,0.032187175354512286,0.016657513930098
TAAR8,TRCN0000011512,23.04199846278461,3.5751180090260566,0.9999744227649372,2.5577235062801407e-5,5.115447012560281e-5,1.369511064182304,0.9999998723714945,5.420517596563667e-4,2.4385439815817643e-4
VN1R2,TRCN0000014257,28.569200621117446,3.9864373877575217,0.9999953933400751,4.606659924855094e-6,9.213319849710189e-6,1.410249811362501,0.9999998723714945,1.473274535396622e-4,7.491226451169264e-5
ADH7,TRCN0000026463,88.33576462385757,3.136987257575119,0.9999990179729829,9.820270171490009e-7,1.9640540342980017e-6,1.4012187437086565,0.9999998723714945,9.654836950516721e-5,4.5936041967564734e-5
LUZP4,TRCN0000115742,21.917225725359796,2.7806608277437834,0.9998313372889392,1.6866271106075192e-4,3.3732542212150385e-4,1.421339416703141,0.9999998723714945,0.002197707033118024,9.728958820943373e-4
RPL9,TRCN0000117562,39.69497400711463,3.6804725804029848,0.9999972167507748,2.7832492252022334e-6,5.566498450404467e-6,1.366436773240574,0.9999998723714945,1.1356181899564259e-4,6.148328518089663e-5
PLA2G2E,TRCN0000051555,4.29183023690986,3.5798316350687687,0.9919307435380518,0.008069256461948227,0.016138512923896453,1.2502595985348854,0.9999998723714945,0.037789686202985256,0.02019448839418789
RXFP2,TRCN0000009001,17.137441537314675,2.272353312762766,0.9990573864461617,9.426135538382896e-4,0.0018852271076765792,1.4804390579608926,0.9999998723714945,0.007533153982299485,0.003230842108445732
OR12D2,TRCN0000009303,18.534929420091245,2.9420800216212277,0.9998073159910319,1.9268400896810256e-4,3.853680179362051e-4,1.5685059997546498,0.9999998723714945,0.002398408848471382,0.001084994479070387
POLA1,TRCN0000052955,21.337504925310814,2.556815162365091,0.9997008160427047,2.9918395729533476e-4,5.983679145906695e-4,1.6114876058019005,0.9999998723714945,0.0032910235302486823,0.0015298812086561443
DEFB129,TRCN0000135976,22.379344229681063,2.390850821959589,0.9996103376043844,3.8966239561555316e-4,7.793247912311063e-4,1.5032123314124917,0.9999998723714945,0.003982309888159255,0.0018395142085699953
PIWIL3,TRCN0000151634,30.84796872278748,3.3251947014823804,0.9999833522257426,1.6647774257361192e-5,3.3295548514722384e-5,1.6378187019538286,0.9999998723714945,4.374665124295469e-4,1.8527993467604338e-4
TAAR8,TRCN0000011509,29.515244101532907,2.337486642566201,0.9997682604202375,2.3173957976252435e-4,4.634791595250487e-4,2.0621596670893174,0.9999998723714945,0.0027403205306918504,0.0012480008721749841
TAAR1,TRCN0000014004,31.11308768431769,2.4048214299893567,0.9998288857379417,1.7111426205829172e-4,3.4222852411658344e-4,1.9650721364190273,0.9999998723714945,0.002197707033118024,9.7970072560683e-4
TAAR1,TRCN0000014005,24.029208956502053,2.2195835081304103,0.9995005953576338,4.994046423661969e-4,9.988092847323937e-4,2.0529933789445813,0.9999998723714945,0.004456950864890776,0.002063042758421058
TAS2R13,TRCN0000014036,17.60343354622532,2.2841531899115504,0.99913491967766,8.650803223400061e-4,0.0017301606446800122,1.6171306840883046,0.9999998723714945,0.0070548791804624636,0.003030985129383873
TAS2R9,TRCN0000014167,6.019866889387851,2.1300490036687205,0.9886130544605612,0.011386945539438753,0.022773891078877506,1.8850058060517245,0.9999998723714945,0.05134110674829901,0.027931690199851793
OLIG2,TRCN0000018162,2.888106567755543,3.518702944457971,0.9739575086414135,0.026042491358586495,0.05208498271717299,1.7898627385663382,0.9999998723714945,0.10958963568280292,0.060980685210947586
POU4F2,TRCN0000019571,27.447904378686815,2.186821491049044,0.9995949214344656,4.0507856553440025e-4,8.101571310688005e-4,1.661827490483402,0.9999998723714945,0.003991711697870236,0.0018692893804660615
RPTN,TRCN0000053865,22.845750078306143,2.044357970717797,0.9991439417527669,8.560582472331157e-4,0.0017121164944662315,1.8677461061042928,0.9999998723714945,0.0070548791804624636,0.003021757842845252
OC90,TRCN0000054164,47.66706594670333,2.076963410673108,0.9998280863420183,1.7191365798174818e-4,3.4382731596349636e-4,1.9651875654762767,0.9999998723714945,0.002197707033118024,9.7970072560683e-4
CABP5,TRCN0000056335,43.1500102995038,3.858601997582383,0.999998737965416,1.2620345839486902e-6,2.5240691678973803e-6,1.9688803757148134,0.9999998723714945,9.935596571841732e-5,4.775538865661844e-5
HTR3D,TRCN0000060916,6.779140339857522,3.9980451225133704,0.9987621263610407,0.0012378736389593303,0.0024757472779186607,1.6527922325513709,0.9999998723714945,0.008610503400408283,0.003929625712938008
OR9Q2,TRCN0000063067,62.30308478111714,2.992141571709373,0.999995327882023,4.6721179769448895e-6,9.344235953889779e-6,1.6301183656149387,0.9999998723714945,1.473274535396622e-4,7.491226451169264e-5
COPA,TRCN0000065270,71.48396619503416,2.8078337600629624,0.9999942232880696,5.776711930360889e-6,1.1553423860721779e-5,1.9624714869124862,0.9999998723714945,1.707740464412938e-4,9.10794914353567e-5
MRGPRD,TRCN0000077973,11.58666001312455,2.0121684051611752,0.9963968101661173,0.0036031898338827473,0.0072063796677654945,1.7807918297683525,0.9999998723714945,0.020533840860560718,0.009738907379580225
MAGEB3,TRCN0000115827,14.858420023872517,2.202655487927844,0.9985065820153125,0.001493417984687495,0.00298683596937499,1.6659646831842343,0.9999998723714945,0.009810926482738683,0.004484994963537684
MAGEB3,TRCN0000115829,14.858564879709489,2.252394323374495,0.9986469694544045,0.001353030545595546,0.002706061091191092,1.691172700699572,0.9999998723714945,0.009275122435749178,0.0042104174214914036
KRT77,TRCN0000116782,24.7505202874882,2.237749257240561,0.999552918389041,4.470816109589659e-4,8.941632219179318e-4,2.0732871118736,0.9999998723714945,0.004146462783991978,0.0019191793778673546
KRT9,TRCN0000117135,7.733625449550777,2.013015524994498,0.9919930510969047,0.008006948903095279,0.016013897806190558,1.580980243975441,0.9999998723714945,0.037789686202985256,0.020091707327130327
RPL27,TRCN0000117775,49.69620732063292,3.7894012031771522,0.9999991079134837,8.920865163242198e-7,1.7841730326484395e-6,1.5979749062755761,0.9999998723714945,9.654836950516721e-5,4.5936041967564734e-5
OTUD6A,TRCN0000134304,9.018064084113481,2.012317988831848,0.9940781474290158,0.00592185257098421,0.01184370514196842,1.621741375152805,0.9999998723714945,0.029484592274479277,0.015181768379813177
DEFB129,TRCN0000135207,92.69467950457613,2.7986436434886786,0.999997118939053,2.88106094703533e-6,5.76212189407066e-6,1.8526480351731438,0.9999998723714945,1.1356181899564259e-4,6.148328518089663e-5
PSMD6,TRCN0000142913,27.96494469874927,2.644315575763254,0.999879471769318,1.2052823068198215e-4,2.410564613639643e-4,1.5536767473019086,0.9999998723714945,0.0017034630322797898,7.501296462181258e-4
NLRP5,TRCN0000151618,14.321289883147458,2.0133843055454754,0.9976442110615641,0.00235578893843591,0.00471157787687182,1.6140735194417921,0.9999998723714945,0.014661686419476124,0.006753261623516275
LYZL6,TRCN0000151829,46.63750155235969,2.664088052507763,0.9999705656862335,2.9434313766452114e-5,5.886862753290423e-5,1.7368332267361062,0.9999998723714945,5.801012671471604e-4,2.677390463756125e-4
NLRP5,TRCN0000155025,32.444929420594534,2.031956942224717,0.9995666042759588,4.3339572404121895e-4,8.667914480824379e-4,2.3820134344789654,0.9999998723714945,0.0041451419620430864,0.0019191793778673546
