sgrna,Gene,control_count,treatment_count,control_mean,treat_mean,LFC,control_var,adj_var,score,p.low,p.high,p.twosided,FDR,high_in_treatment
TRCN0000155025,NLRP5,1444.7/1480.4/1434.5,16715/18738/17804,1453.1,17733,3.6084,580.88,3766900,8.388,1,3.1974e-17,6.3949e-17,3.0248e-14,True
TRCN0000018162,OLIG2,221.84/110.64/32.782,1309.8/684.81/1081.4,93.047,989.92,3.3973,10264,12505,8.0204,1,6.61e-16,1.322e-15,3.1265e-13,True
TRCN0000014005,TAAR1,218.78/239.83/195.11,1874.3/2163.7/2302.8,217.13,2105.8,3.2718,501.49,72514,7.0138,1,1.4677e-12,2.9354e-12,4.6281e-10,True
TRCN0000014167,TAS2R9,41.556/49.449/56.575,436.07/498.93/343.78,48.807,421.33,3.084,56.665,3293.1,6.4916,1,5.2901e-11,1.058e-10,1.0211e-8,True
TRCN0000011509,TAAR8,2295.4/2498.4/2902.8,22406/25966/27383,2553.4,25162,3.3003,95838,12162e3,6.4828,1,5.861e-11,1.1722e-10,1.0211e-8,True
TRCN0000116782,KRT77,2965.8/3300.1/3793.7,29643/33226/36898,3336.1,33123,3.3112,173920,21208e3,6.4682,1,6.4762e-11,1.2952e-10,1.0211e-8,True
TRCN0000065270,COPA,683.24/716.39/642.42,6238.2/6210.6/6158.7,680.01,6202.4,3.1873,1373.5,777070,6.2646,1,2.3963e-10,4.7927e-10,3.2385e-8,True
TRCN0000054164,OC90,2555.7/2852/2867.4,22983/26016/27043,2754.5,25287,3.1981,30877,1424e4,5.9712,1,1.5346e-9,3.0693e-9,1.8147e-7,True
TRCN0000014004,TAAR1,5597.3/6016.7/7085.7,52413/56612/62893,6202.6,57146,3.2035,590390,77004e3,5.8054,1,4.2243e-9,8.4486e-9,4.4402e-7,True
TRCN0000056335,CABP5,7644.5/8645.5/10328,75063/81809/87983,8804.8,81447,3.2094,1845700,15955e4,5.751,1,5.8578e-9,1.1716e-8,5.5415e-7,True
TRCN0000053865,RPTN,1239.4/1421/1290.7,10887/11769/11087,1314.8,11241,3.0949,8780.6,3060100,5.6746,1,8.9839e-9,1.7968e-8,7.7262e-7,True
TRCN0000135207,DEFB129,5520.3/5865.9/6880,48668/51886/54718,6062.2,51698,3.092,500500,73424e3,5.3258,1,6.6075e-8,1.3215e-7,5.2089e-6,True
TRCN0000077973,MRGPRD,1567.5/1443.9/1346.2,12124/11645/11098,1449.7,11615,3.0012,12317,3749e3,5.2499,1,9.8449e-8,1.969e-7,7.1641e-6,True
TRCN0000151829,LYZL6,1824.8/2274.7/2319.6,15980/16535/17856,2127.4,16772,2.9783,75090,8321800,5.0765,1,2.4975e-7,4.9949e-7,1.6876e-5,True
TRCN0000060916,HTR3D,2657.8/2342/1354.6,17072/15356/15401,2035.4,15924,2.9672,472410,7590900,5.0408,1,3.0104e-7,6.0208e-7,1.8986e-5,True
TRCN0000115829,MAGEB3,2193.9/2390.2/2844.6,15978/19703/20900,2461.7,18738,2.9278,111720,11272e3,4.848,1,8.1149e-7,1.623e-6,4.798e-5,True
TRCN0000063067,OR9Q2,779.18/818.38/851.8,5951.9/5912.2/5956.5,815.91,5940.2,2.8625,1321.6,1134900,4.8102,1,9.6907e-7,1.9381e-6,5.3926e-5,True
TRCN0000115827,MAGEB3,1972.1/2271.6/2514.2,14609/16822/19172,2241.6,16764,2.9023,73913,9277200,4.7681,1,1.2091e-6,2.4182e-6,6.3544e-5,True
TRCN0000014036,TAS2R13,1303.5/1432.2/1635.4,9191.9/11361/11065,1450.7,10494,2.8538,28058,3754300,4.6671,1,1.9759e-6,3.9519e-6,9.5481e-5,True
TRCN0000117775,RPL27,998.58/1106.4/1256.3,7750.5/7927.5/8271.4,1115.5,7980.2,2.8376,16788,2174100,4.6557,1,2.0826e-6,4.1653e-6,9.5481e-5,True
TRCN0000019571,POU4F2,3588.5/3878.7/4293.4,26424/29199/32184,3909.6,29174,2.8993,125670,29494e3,4.6521,1,2.1496e-6,4.2993e-6,9.5481e-5,True
TRCN0000134304,OTUD6A,1232.6/1269/1089.2,8673.6/9344.4/7694.4,1194.4,8543.6,2.8376,9045.6,2505900,4.6426,1,2.2205e-6,4.441e-6,9.5481e-5,True
TRCN0000117135,KRT9,1032.2/938.91/759.27,6880/6197.5/5820.1,902.81,6284.1,2.7979,19323,1400600,4.5471,1,3.4986e-6,6.9973e-6,1.439e-4,True
TRCN0000142913,PSMD6,845.18/996.4/1217.7,6787.8/7043.7/7226.3,1008.4,7017,2.7975,35293,1762700,4.5256,1,3.8787e-6,7.7575e-6,1.5289e-4,True
TRCN0000151618,NLRP5,2699.9/2777.8/2919.2,18868/22106/19421,2797.5,20083,2.8433,12356,14706e3,4.5076,1,4.2733e-6,8.5465e-6,1.617e-4,True
TRCN0000009303,OR12D2,2005.1/2164/2687.6,13916/16726/17222,2267.7,15885,2.8078,128010,9503700,4.4173,0.99999,6.4989e-6,1.2998e-5,2.3646e-4,True
TRCN0000052955,POLA1,5707.3/6405.5/7453.1,41490/47537/51791,6483,46746,2.8499,774460,84419e3,4.3822,0.99999,7.7332e-6,1.5466e-5,2.7095e-4,True
TRCN0000151634,PIWIL3,12108/12985/15763,90659/99920/1.0855e+05,13533,99440,2.8773,3651200,38998e4,4.3502,0.99999,9.0277e-6,1.8055e-5,3.0501e-4,True
TRCN0000135976,DEFB129,992.46/1078.6/1192.8,6620/7769.3/7421.5,1084.9,7254,2.7401,10118,2052e3,4.3066,0.99999,1.0689e-5,2.1377e-5,3.4867e-4,True
TRCN0000009001,RXFP2,3580.6/3714.2/4389.6,22167/26621/28162,3879.3,25519,2.7174,188450,2902e4,4.017,0.99996,3.8554e-5,7.7109e-5,0.0012157,True
TRCN0000051555,PLA2G2E,666.74/498.82/288.16,2998.2/2657.7/2650,457.63,2764,2.5919,37070,341200,3.9484,0.99995,5.0212e-5,1.0042e-4,0.0015323,True
TRCN0000115742,LUZP4,2497.7/2928.6/3144.4,16000/18452/19671,2843.9,17975,2.6596,108690,15217e3,3.8788,0.99993,6.8426e-5,1.3685e-4,0.0019615,True
TRCN0000117562,RPL9,968.63/1079.8/1218.2,6455.4/6282.3/7101.9,1084.1,6604,2.6057,15669,2049e3,3.8562,0.99993,7.4252e-5,1.485e-4,0.0020659,True
TRCN0000026463,ADH7,2335.1/2326.6/2415.8,14020/14688/15216,2358.8,14633,2.6326,2425.6,10315e3,3.8217,0.99991,8.6204e-5,1.7241e-4,0.00233,True
TRCN0000014257,VN1R2,3260.3/3583.8/4308.2,21272/24254/24146,3692.3,23181,2.65,288830,26188e3,3.8084,0.99991,9.1454e-5,1.8291e-4,0.0024032,True
TRCN0000011512,TAAR8,2329/2478.6/3022.3,14367/16748/16472,2593.6,15826,2.6088,133500,12565e3,3.733,0.99988,1.2322e-4,2.4645e-4,0.0031505,True
TRCN0000019520,DMRTB1,1362.2/1484.1/1162.7,8313.2/7283.4/7758.4,1329.6,7773.7,2.5467,26392,3132e3,3.6412,0.99982,1.7534e-4,3.5068e-4,0.004365,True
TRCN0000134360,OTUD6A,1189.9/1160.2/1150,6700.6/7260.6/6340,1166.6,6756.6,2.533,428.52,2386200,3.6187,0.99981,1.9101e-4,3.8202e-4,0.0046333,True
TRCN0000014255,VN1R2,8921.8/10008/11417,55721/64321/66071,10065,61867,2.6198,1569200,21069e4,3.5689,0.99976,2.3711e-4,4.7422e-4,0.0054709,True
TRCN0000137295,SPATA16,817.68/751.01/663.04,4383.7/4097.4/4051.1,741.18,4174.8,2.4922,6027.4,929440,3.5616,0.99976,2.3656e-4,4.7313e-4,0.0054709,True
TRCN0000072559,COPS6,1161.1/1230.7/1477.3,6174/8397.1/7545.9,1282.8,7313.7,2.5104,27676,2907200,3.537,0.99974,2.6136e-4,5.2271e-4,0.0056574,True
TRCN0000135872,OTUD6A,745.57/550.12/468.99,3738.6/2802.8/3138.9,577.26,3204,2.4705,20393,552840,3.5328,0.99974,2.6313e-4,5.2627e-4,0.0056574,True
TRCN0000019523,DMRTB1,262.78/194.71/188.23,1204.5/1012.5/1226.5,212.76,1143.7,2.4209,1714.9,69514,3.5308,0.99974,2.6215e-4,5.2431e-4,0.0056574,True
TRCN0000005063,LHX5,6950.9/7357.4/7500.7,42606/47395/41533,7265.9,43773,2.5906,81365,107e6,3.5291,0.99973,2.7472e-4,5.4944e-4,0.0057565,True
TRCN0000026491,ADH7,2319.2/2566.4/2760.6,14599/14996/14706,2542.3,14766,2.5376,48994,12053e3,3.521,0.99972,2.7992e-4,5.5983e-4,0.0057565,True
TRCN0000121666,FAM71B,2550.2/3001.6/3088.4,15531/17163/17277,2870,16637,2.5349,83628,15509e3,3.4958,0.99969,3.0812e-4,6.1625e-4,0.0060726,True
TRCN0000151784,LYZL6,850.07/1056.4/1246.8,4846.1/6225.2/6540.4,1038.4,5821.7,2.486,39606,1873300,3.4949,0.99969,3.0562e-4,6.1124e-4,0.0060726,True
TRCN0000053863,RPTN,708.29/808.49/855.5,4276.7/4172.4/4667.8,788.32,4367.2,2.4684,5662.5,1056500,3.4818,0.99968,3.1988e-4,6.3976e-4,0.0061756,True
TRCN0000115828,MAGEB3,1559/1703.5/2112.3,8747.6/10662/10768,1776.8,10014,2.494,82694,5723100,3.4433,0.99963,3.7262e-4,7.4524e-4,0.00705,True
TRCN0000060816,OR52E8,1794.9/1827.1/2005.5,10528/10311/10782,1873.6,10539,2.4912,12879,6390100,3.4278,0.99961,3.948e-4,7.8961e-4,0.0073232,True
TRCN0000116929,KRT74,4158.7/4617.3/5165.3,24280/27053/27727,4628.9,26310,2.5066,254460,41903e3,3.3493,0.99947,0.00053101000000000005,0.001062,0.009478,True
TRCN0000056675,TPH2,1546.1/1678.8/2081.7,8477.8/9835.2/9981.7,1754.8,9406.4,2.4217,78076,5576200,3.2403,0.99923,7.741e-4,0.0015482,0.013077,True
TRCN0000063066,OR9Q2,2022.8/2295.7/2366.6,11191/12565/12181,2223.3,11965,2.4275,32989,9120900,3.2255,0.99918,8.1734e-4,0.0016347,0.013565,True
TRCN0000056294,TGM6,1371.4/1557/1841.6,7668.2/8441.1/8629,1578.4,8235.4,2.3826,56300,4474e3,3.1473,0.99893,0.0010671,0.0021342,0.01711,True
TRCN0000049816,RNASE9,2431.7/2664.1/2882.2,12072/15354/14941,2652.9,14043,2.4038,50818,13169e3,3.1387,0.99889,0.0011053,0.0022106,0.017427,True
TRCN0000026419,ADH7,2363.8/2617.1/2778,13405/13675/13350,2580.6,13476,2.3841,43646,12434e3,3.0898,0.9987,0.0013041,0.0026083,0.019898,True
TRCN0000059960,NUP93,3880/4507.3/5144.7,20335/23429/25600,4480.9,23019,2.3607,401160,39165e3,2.9622,0.998,0.0020019,0.0040038,0.028265,True
TRCN0000049814,RNASE9,2005.7/2162.2/2468.7,10158/10817/12269,2204,11047,2.3249,55567,8956800,2.9547,0.99797,0.0020343,0.0040685,0.0283,True
TRCN0000009002,RXFP2,1475.3/1568.8/1629.1,7618.8/7906.3/7373.1,1556.4,7629.6,2.2927,6008.2,4345300,2.9135,0.99769,0.002314,0.004628,0.031726,True
TRCN0000060914,HTR3D,2446.3/2819.8/3413.6,12527/14539/15626,2866.3,14171,2.3053,239020,15467e3,2.8746,0.99736,0.0026377,0.0052754,0.035647,True
TRCN0000060813,OR52E8,1698.3/1678.8/2012.4,7768.6/9085.1/9263,1790.2,8679.1,2.2768,35111,5813100,2.8572,0.99723,0.0027711,0.0055422,0.036409,True
TRCN0000138784,OTUD6A,1194.7/1062.5/702.17,5084.7/4304.5/4197.9,962.4,4512.4,2.228,65866,1599600,2.8069,0.99678,0.0032205,0.0064411,0.041171,True
TRCN0000063028,FCRL4,2088.8/2217.8/2827.2,9814/12638/11642,2357.2,11303,2.261,156170,103e5,2.7873,0.99654,0.0034569,0.0069138,0.042471,True
TRCN0000018160,OLIG2,412.51/254.66/74.553,1207.8/559.26/1017.5,198.62,882.52,2.146,32141,60265,2.7859,0.99662,0.0033756,0.0067512,0.042377,True
TRCN0000135470,DEFB129,2736/2790.2/3340.1,12613/14751/15137,2943.3,14122,2.262,111920,16344e3,2.7651,0.99629,0.0037113,0.0074227,0.045012,True
TRCN0000019586,DMRTC2,1678.8/1750.5/1862.8,8203/7697.6/8585.8,1762.4,8154,2.2093,8604.8,5626700,2.6945,0.99543,0.0045698,0.0091397,0.052085,True
TRCN0000137396,SPATA16,1510.7/1658.4/1878.1,7413.1/7534.5/8250.7,1675.7,7724.1,2.2039,34244,5066500,2.6871,0.99533,0.0046694,0.0093388,0.052586,True
TRCN0000077975,MRGPRD,924.63/1142.3/1308.6,4359/5036.6/5472.8,1113.9,4934.5,2.1463,37274,2167800,2.5949,0.9939,0.006101,0.012202,0.065586,True
TRCN0000060027,NUP205,1029.7/1017.4/1284.8,4194.5/5002.4/5300.1,1104.1,4808.9,2.1218,22855,2128400,2.5394,0.99284,0.0071603,0.014321,0.074076,True
TRCN0000134038,OTUD6A,1812/2115.8/2456.5,7809.7/10412/10108,2111.8,9367.3,2.1486,104370,8195400,2.5344,0.99268,0.0073169,0.014634,0.074076,True
TRCN0000059649,ABCG8,2525.2/2532.4/3007,10484/12543/12943,2679.1,11939,2.1555,76352,13441e3,2.5259,0.99248,0.0075173,0.015035,0.074076,True
TRCN0000115756,SAGE1,2201.9/2205.4/1994.9,8395.5/10406/9176.7,2131.8,9289.7,2.1231,14531,8357400,2.476,0.99137,0.0086319,0.017264,0.081527,True
TRCN0000059651,ABCG8,1839.5/1704.8/1474.7,8107.5/7125.3/6429.9,1666,7188.4,2.1086,34104,5005900,2.4682,0.9912,0.0087977,0.017595,0.081595,True
TRCN0000019573,POU4F2,1573.6/1588.6/1579.9,6524.5/7376.4/6461,1580.7,6774.8,2.0989,56.052,4487500,2.452,0.9908,0.0091997,0.018399,0.083682,True
TRCN0000018158,OLIG2,1813.8/1849.4/2156.2,7472.4/8530.8/8883,1933.9,8273.1,2.0963,35491,6825300,2.4265,0.9901,0.009895,0.01979,0.0856,True
TRCN0000054165,OC90,6133.8/6685.5/7923.2,27796/31578/32293,6874.7,30490,2.1488,841990,95374e3,2.4181,0.98973,0.010273,0.020547,0.0856,True
TRCN0000064258,CYP7A1,1862.1/2053.4/2615.7,8314.9/9331.3/9501.4,2154.5,9033.6,2.0674,154210,8544e3,2.3534,0.98791,0.012087,0.024174,0.095284,True
TRCN0000053867,RPTN,144.23/78.5/43.886,309.36/282.08/305.77,79.216,298.82,1.9021,2737.5,8960.8,2.3199,0.98726,0.012738,0.025476,0.098771,True
TRCN0000003881,PSMA3,810.96/814.67/952.26,3045.9/3725.7/3443,856.87,3393.3,1.9843,6494.1,1256500,2.2628,0.98479,0.015205,0.030411,0.11326,True
TRCN0000064259,CYP7A1,2247.7/2427.3/2752.6,8370.8/10311/11592,2467.2,10002,2.0189,65617,11325e3,2.2389,0.98363,0.016374,0.032749,0.1169,True
TRCN0000139275,FAM71B,1343.9/1359.2/1617.9,5343/5752.4/6072.3,1435.1,5714.7,1.9928,23758,3670600,2.2338,0.98351,0.01649,0.032981,0.1169,True
TRCN0000117672,RPL36,797.52/935.82/980.29,3348.7/3494.2/3764.3,901.08,3531.6,1.9694,9103.2,1395e3,2.2271,0.98331,0.016686,0.033372,0.1169,True
TRCN0000005065,LHX5,1716.6/1612/1098.7,7008.3/5860/4583.1,1448.7,5730.9,1.9833,110480,3743600,2.2132,0.98261,0.017388,0.034776,0.1192,True
TRCN0000073252,TRIM42,2054.6/2257.3/2792.3,8175/9933/10137,2348.3,9371.9,1.9962,145830,1022e4,2.197,0.98178,0.018224,0.036449,0.12141,True
TRCN0000136332,OTUD6A,2453.7/2620.8/2909.7,9424/10838/11241,2654.8,10471,1.9793,53285,13189e3,2.1523,0.97956,0.020435,0.04087,0.13241,True
TRCN0000063065,OR9Q2,3117.3/3374.3/3830.2,13074/13587/13654,3428.2,13436,1.9703,130580,22442e3,2.1125,0.97737,0.022631,0.045262,0.14085,True
TRCN0000116494,KRT25,2557.6/2663.4/3412,9094.9/11973/12324,2853.8,11030,1.9501,217770,15328e3,2.0884,0.97604,0.023963,0.047926,0.14541,True
TRCN0000143767,FAM71B,1871.9/1982.3/2114.4,7334.1/7291.6/8041.7,1987.1,7548.1,1.9249,14758,7221100,2.0695,0.975,0.024996,0.049992,0.14687,True
TRCN0000009003,RXFP2,1289.5/1424.1/1723.7,4780.3/5304/6385,1468.3,5450.1,1.8914,49580,3849400,2.0295,0.97256,0.027436,0.054872,0.15267,True
TRCN0000018159,OLIG2,230.39/115.59/43.357,483.79/226.64/412.88,104.93,356.41,1.7544,9822.6,16042,1.9854,0.97043,0.029571,0.059142,0.16359,True
TRCN0000058439,IL1F10,2393.8/2886/2970.5,9738.3/10249/10458,2737.8,10144,1.8892,97223,1406e4,1.9752,0.96856,0.031439,0.062878,0.16974,True
TRCN0000019585,DMRTC2,3681.4/4187.1/4697.9,15435/14807/16588,4168.1,15593,1.9031,258940,33694e3,1.9681,0.96788,0.032118,0.064235,0.16974,True
TRCN0000138134,SPATA16,1374.4/1393.2/1313.4,5096.2/4800.2/4871.6,1359.9,4921.1,1.8547,1742.1,3282300,1.9656,0.96811,0.031891,0.063782,0.16974,True
TRCN0000059652,ABCG8,2440.2/3000.3/3183,9478.3/10869/11310,2856.4,10523,1.8809,150310,15356e3,1.9564,0.96713,0.032872,0.065743,0.17086,True
TRCN0000019584,DMRTC2,1367.7/1468.6/1456.7,5808.7/5023.6/4645.3,1430.3,5136.9,1.8439,3042.6,3645200,1.9414,0.96623,0.033765,0.06753,0.17325,True
TRCN0000003903,PSMB2,663.68/704.65/617.57,2321.8/2069.1/2584.4,661.01,2315.6,1.8071,1899.3,732620,1.933,0.96588,0.034121,0.068242,0.17354,True
TRCN0000019519,DMRTB1,1399.5/1488.4/1442.9,4612.4/5547/5098,1443.2,5071.4,1.8124,1978.4,3713700,1.8827,0.96136,0.038638,0.077275,0.18841,True
TRCN0000056677,TPH2,3237.7/3630.8/4413.9,12460/13290/14110,3729.8,13270,1.8307,359980,26744e3,1.8447,0.95745,0.042555,0.08511,0.20539,True
TRCN0000018161,OLIG2,1031/1034.1/1359.4,3835.7/3645.8/4125.4,1131.7,3864,1.7707,35760,2240200,1.8255,0.95619,0.04381,0.087619,0.20993,True
TRCN0000014034,TAS2R13,2700.6/3175.9/3734,9955.5/11652/11942,3175.6,11148,1.8113,268720,19141e3,1.8221,0.95533,0.044668,0.089335,0.21177,True
TRCN0000026500,ADH7,1300.5/1036.6/650.35,3677.8/3146.9/2936.8,957.09,3239.3,1.7579,109160,1581300,1.8148,0.95523,0.044771,0.089541,0.21177,True
TRCN0000009004,RXFP2,2069.3/2281.5/2808.1,7743.9/7854.1/8971.1,2366.7,8171.5,1.7873000000000001,145300,10387e3,1.8011,0.95337,0.046632,0.093265,0.21731,True
TRCN0000051554,PLA2G2E,290.89/201.5/118.44,888.59/428.82/564.9,190.77,599.31,1.6463,7685.9,55429,1.7353,0.94774,0.052264,0.10453,0.22996,True
TRCN0000116493,KRT25,5323.5/5660.7/6476.6,17247/21055/21319,5800.6,19782,1.7698,352060,66988e3,1.7083,0.94244000000000006,0.057563,0.11513,0.24419,True
TRCN0000074708,RPS3A,934.41/894.41/1127.3,2883/3438.7/3242.6,980.32,3179.6,1.6965,15542,1662100,1.7059,0.94332,0.056684,0.11337,0.24154,True
TRCN0000115831,MAGEB3,2633.9/2894/3266,9519.4/9024.8/10066,2920,9527.4,1.7058,101120,16076e3,1.648,0.93521,0.064791,0.12958,0.26649,True
TRCN0000135246,DEFB129,2568.6/2852/2969.4,8260.6/8847.1/9827.9,2791.5,8955.5,1.6814,42508,1464e4,1.611,0.93015,0.069853,0.13971,0.2824,True
TRCN0000115744,LUZP4,6220/7017.4/7698.5,21119/22002/23634,6952.2,22228,1.6767,548640,97623e3,1.546,0.91958,0.080418,0.16084,0.3111,True
TRCN0000116785,KRT77,2582/2746.3/3539.9,8864.5/8323.7/9985.1,2928,9031.8,1.6248,263600,16167e3,1.518,0.91588,0.084124,0.16825,0.31832,True
TRCN0000151260,PIWIL3,2105.9/2360/2745.2,6463.6/8017.2/7438.8,2389.5,7277.8,1.6064,103910,10596e3,1.5017,0.91336,0.086637,0.17327,0.32523,True
TRCN0000073248,TRIM42,2577.1/2788.3/3141.8,8240.8/7875.3/9226.8,2826.3,8428.7,1.5761,81535,15022e3,1.4455,0.90332,0.096681,0.19336,0.34857,True
TRCN0000052956,POLA1,1689.1/1754.8/2113.9,4964.6/5662.7/5711.2,1843.6,5435.2,1.5593,52403,6179100,1.4449,0.90368,0.096322,0.19264,0.34857,True
TRCN0000116492,KRT25,1967.8/2043.5/2669.1,6137.8/6525.2/6944.7,2205.8,6527.6,1.5648,148810,8972500,1.4428,0.9031,0.096896,0.19379,0.34857,True
TRCN0000051557,PLA2G2E,805.46/718.87/453.66,2303.7/1690.8/1566.9,640.44,1827.5,1.5113,34135,686030,1.4332,0.90273,0.097274,0.19455,0.34857,True
TRCN0000118889,NPHS2,2894.3/2716.6/2119.2,9219.9/6862.8/6763.3,2554.1,7535.8,1.5605,165630,1217e4,1.428,0.90019,0.09981,0.19962,0.35476,True
TRCN0000152548,PIWIL3,1315.7/1276.4/1128.9,3863.7/3658.8/3201.1,1237.7,3563.6,1.5249,9717.8,2698500,1.4159,0.89876,0.10124,0.20249,0.35476,True
TRCN0000137516,DEFB129,587.9/642.22/505.48,1587.9/1641.9/1644.6,575.74,1624.6,1.495,4752.1,549830,1.4145,0.89939,0.10061,0.20123,0.35476,True
TRCN0000144219,FAM71B,2743.9/2934.8/3472.8,7701.1/9269.4/9313.1,3035.4,8727.7,1.5234,143180,17425e3,1.3637,0.88735,0.11265,0.2253,0.39035,True
TRCN0000063032,FCRL4,2089.4/2120.1/2640.5,6075.3/6562.7/6699.4,2270,6440.2,1.504,96181,9523700,1.3513,0.88517,0.11483,0.22965,0.395,True
TRCN0000153271,PIWIL3,2437.2/2711/2877.9,6590.4/8682.4/7651.2,2669.1,7593.2,1.508,49584,13337e3,1.3483,0.88434,0.11566,0.23131,0.39642,True
TRCN0000056296,TGM6,1158.7/1280.7/1402.2,3070.6/3825.1/3709,1276.7,3518.6,1.4619,14850,2878400,1.3215,0.87964,0.12036,0.24072,0.40664,True
TRCN0000053866,RPTN,7076.8/7776.5/9058.9,18802/25313/24780,7929.3,22762,1.5213,1013100,12832e4,1.3094,0.87442,0.12558,0.25117,0.41685,True
TRCN0000153144,PIWIL3,3646/3807/4704.2,10243/11821/11882,4026.8,11289,1.487,326130,31362e3,1.2968,0.87257,0.12743,0.25485,0.42001,True
TRCN0000007620,COPS8,4451.4/4727.9/5530.6,12346/12969/15280,4882.6,13475,1.4644,314890,46819e3,1.2557,0.86277,0.13723,0.27447,0.44766,True
TRCN0000011511,TAAR8,1760.6/2057.7/2529.5,5002.4/5868.2/5814.9,2092.6,5547.2,1.406,151140,8041700,1.2182,0.85505,0.14495,0.28991,0.4617,True
TRCN0000151560,PIWIL3,2409.7/2651.1/3085.7,6277.7/7174.2/8019.2,2701.3,7121.4,1.3982,117680,13674e3,1.1953,0.84888,0.15112,0.30224,0.47182,True
TRCN0000009302,OR12D2,3176/3267.3/3264.4,7998.9/9103.1/8426.9,3235.7,8497.6,1.3927,2695.6,19901e3,1.1795,0.8445,0.1555,0.311,0.48058,True
TRCN0000058957,IL22,2206.2/2372.3/2198.5,5989.7/5445.9/6060.2,2257.6,5825.3,1.3672,9649.3,9415800,1.1627,0.84074,0.15926,0.31852,0.48599,True
TRCN0000007172,RPS13,1979.4/2065.1/2124,4737.5/5530.6/5650.8,2055.3,5290.3,1.3636,5283.1,7746200,1.1623000000000001,0.84082,0.15918,0.31837,0.48599,True
TRCN0000074766,RPS7,937.46/965.49/1114.1,2440.3/2630/2428.9,1002.8,2498.1,1.316,9019.8,1742300,1.1328,0.83429,0.16571,0.33143,0.50245,True
TRCN0000052039,PSMC4,193.73/133.51/60.805,378.47/202.18/269.5,116.3,274.23,1.2304,4685.2,19855,1.1208,0.83507,0.16493,0.32987,0.5017,True
TRCN0000118890,NPHS2,3426/3623.4/4324.6,7681.3/10504/10882,3772.4,9575.4,1.3436,223570,27382e3,1.109,0.8251,0.1749,0.34981,0.51545,True
TRCN0000117657,RPL35A,887.96/953.75/1186.5,2425.5/2576.2/2390.9,1001.6,2462.9,1.2972,24695,1738100,1.1084,0.82759,0.17241,0.34482,0.51452,True
TRCN0000059904,NUP54,1782.6/1953.2/2153.6,4813.2/4955.1/4869.9,1957.3,4879,1.3173,34520,6998e3,1.1045,0.82514,0.17486,0.34971,0.51545,True
TRCN0000074915,RPS19,312.9/170.6/72.438,441/330.99/340.32,156.98,367.61,1.2224,15822,36981,1.0953,0.82759,0.17241,0.34482,0.51452,True
TRCN0000049817,RNASE9,1639.6/2000.2/2091.2,4429.8/5136.1/4560.7,1899.9,4699.1,1.306,57189,6578300,1.0914,0.82149,0.17851,0.35702,0.52281,True
TRCN0000063064,OR9Q2,1605.4/1643.6/1843.7,4080.9/4283.3/3916.3,1694.4,4090.8,1.2711,16399,5185e3,1.0524,0.81038,0.18962,0.37924,0.54856,True
TRCN0000049813,RNASE9,2869.2/3095.5/3644.1,7141.6/7192.1/8499.5,3186.9,7586,1.251,159150,19282e3,1.0018,0.79346,0.20654,0.41308,0.5957,True
TRCN0000116928,KRT74,2121.2/2165.9/2288.9,4569.6/5481.7/5391.6,2190.9,5130.7,1.2273,7546,8846300,0.98841,0.7901,0.2099,0.41979,0.59657,True
TRCN0000151998,NLRP5,1761.3/2028/2214.4,4373.8/4521.4/5053,1992.4,4640.5,1.2193,51983,7261600,0.98267,0.78851,0.21149,0.42299,0.59724,True
TRCN0000155835,NLRP5,1844.4/1942.1/2335.5,4250.4/4775.7/5108.3,2030,4698,1.2102,67741,7549300,0.97104,0.78472,0.21528,0.43056,0.601,True
TRCN0000056674,TPH2,3123.5/3035.6/2948.8,7034.6/7213.3/6689,3035.1,6975.6,1.2003,7627.7,17422e3,0.94407,0.77484,0.22516,0.45031,0.6228,True
TRCN0000137126,SPATA16,1530.9/1667.1/1691.4,3704.1/3642.5/3467.2,1628.2,3603.2,1.1455,7491.6,4772700,0.90402,0.76295,0.23705,0.4741,0.64812,True
TRCN0000060815,OR52E8,5285.6/5841.2/5947.8,14010/11890/12950,5684,12921,1.1846,126510,64219e3,0.90306,0.75918,0.24082,0.48164,0.65653,True
TRCN0000115755,SAGE1,2440.2/2537.4/2696.1,6001.3/5591/5395.1,2555.7,5656.9,1.146,16686,12186e3,0.88837,0.75627,0.24373,0.48745,0.66064,True
TRCN0000121583,NUP133,1051.7/1079.8/1276.4,2249.4/2493/2637.9,1131.8,2454.8,1.1164,15007,2240500,0.88392,0.75701,0.24299,0.48599,0.66055,True
TRCN0000117571,RPL30,4270.5/5067.3/5852.6,9802.4/11749/12096,5021.9,11169,1.153,628370,4964e4,0.87242,0.7487,0.2513,0.50259,0.66886,True
TRCN0000065000,COPZ1,1188/1315.3/1436.1,2680.6/2517.5/3344.5,1309.2,2826,1.1095,15407,3033e3,0.87095,0.75205,0.24795,0.49591,0.66827,True
TRCN0000059650,ABCG8,2512.3/2837.1/3261.8,5507.6/6613.3/6735.7,2854.1,6260.2,1.1329,141660,15331e3,0.86989,0.74943,0.25057,0.50114,0.66886,True
TRCN0000014165,TAS2R9,326.95/279.39/319.36,457.46/727.2/773.94,307.84,636.17,1.0448,653.76,149710,0.84857,0.74829,0.25171,0.50341,0.66886,True
TRCN0000115830,MAGEB3,1812.6/1890.2/1985.4,3684.3/4055/4313.7,1894.8,4009.3,1.0809,7496.3,6541e3,0.82678,0.73504,0.26496,0.52992,0.69433,True
TRCN0000021834,POLR2F,12.222/4.3268/2.6437,0/4.8915/0,5.2094,0.26819,-2.2917,28.273,36.149,0.82182,0.015444,0.98456,0.030888,0.11414,False
TRCN0000056295,TGM6,124.67/97.662/53.403,190.88/205.44/129.57,86.64,171.92,0.98043,1336.2,10787,0.82108,0.74208,0.25792,0.51584,0.68155,True
TRCN0000060917,HTR3D,1894.5/2266/2622,4452.8/4585/5174,2241.1,4727.1,1.0764,132930,9273400,0.81637,0.73067,0.26933,0.53866,0.69904,True
TRCN0000074780,RPS8,28.723/10.508/4.2299,3.2911/0/1.7275,10.88,0.75258,-2.761,181.36,153.98,0.81616,0.020883,0.97912,0.041765,0.13346,False
TRCN0000118891,NPHS2,1629.9/1680/1836.8,3697.5/3486/3579.5,1713.4,3586.6,1.0654,11666,5306100,0.81322,0.73034,0.26966,0.53933,0.69904,True
TRCN0000058442,IL1F10,2434.1/2689.4/3070.9,5155.5/5798/6341.8,2719.1,5744.5,1.0788,102950,13861e3,0.81261,0.72867,0.27133,0.54266,0.69904,True
TRCN0000019572,POU4F2,70.89/48.213/13.219,121.77/45.654/58.736,35.647,68.869,0.93096,951.51,1723.6,0.80022,0.73682,0.26318,0.52637,0.69159,True
TRCN0000009300,OR12D2,661.24/1048.3/1147.9,1666.9/2080.5/1959,926.66,1894,1.0305,67099,1478600,0.79552,0.72566,0.27434,0.54867,0.69904,True
TRCN0000074916,RPS19,328.17/325.13/211.5,16.455/1.6305/0,282.59,1.3203,-6.9334,4470.8,125330,0.79451,0.0013756,0.99862,0.0027513,0.020656,False
TRCN0000064261,CYP7A1,1963.5/2058.3/2139.8,4179.7/4185.5/4410.4,2052.6,4257.2,1.0521,7785.5,7725200,0.79317,0.72225,0.27775,0.5555,0.69904,True
TRCN0000005062,LHX5,315.34/267.02/176.07,543.03/516.87/411.15,245.67,486.86,0.9839,5077,93703,0.78793,0.72699,0.27301,0.54601,0.69904,True
TRCN0000115753,SAGE1,6963.1/7733.2/8671.4,14805/16745/18010,7758,16466,1.0857,733320,12263e4,0.7864,0.71536,0.28464,0.56927,0.70859,True
TRCN0000074994,RPL5,457.12/446.9/373.82,4.9366/1.6305/0,424.26,0.85522,-7.8406,2068.2,291520,0.78419,5.9228e-4,0.99941,0.0011846,0.010376,False
TRCN0000074981,RPS11,365.45/355.41/416.65,11.519/14.674/0,378.25,2.4796,-6.7681,1079.8,229660,0.78411,0.0019296,0.99807,0.0038593,0.027815,False
TRCN0000118343,COPS4,425.95/375.19/280.23,31.265/0/17.275,355.12,3.6913,-6.2462,5514.1,201450,0.783,0.003064,0.99694,0.0061279,0.039705,False
TRCN0000003882,PSMA3,295.78/249.72/131.66,9.8732/4.8915/6.9101,213.45,6.9404,-4.7553,7392.1,69985,0.78063,0.0096668,0.99033,0.019334,0.084674,False
TRCN0000074765,RPS7,518.84/565.57/694.77,4.9366/8.1525/0,588.56,1.5078,-7.877,8334.3,575560,0.7738,7.5193e-4,0.99925,0.0015039,0.012933,False
TRCN0000058953,IL22,622.73/660.76/657.75,1232.5/1384.3/1268,646.85,1293.3,0.99848,447.01,700390,0.77249,0.71814,0.28186,0.56372,0.70354,True
TRCN0000074712,RPS3A,575.68/584.12/777.78,0/3.261/3.4551,639.51,0.96114,-8.3514,13131,683960,0.7721,4.4082e-4,0.99956,8.8164e-4,0.0080195,False
TRCN0000117507,RPL3,351.4/430.21/459.48,24.683/6.522/3.4551,411.07,8.256,-5.4764,3135.2,273e3,0.77094,0.0059347,0.99407,0.011869,0.065282,False
TRCN0000051556,PLA2G2E,2170.7/2194.3/2177.9,4423.2/4487.1/4474.3,2180.9,4461.5,1.0322,146.24,8763200,0.77037,0.71335,0.28665,0.57331,0.71174,True
TRCN0000077925,RPL34,615.4/697.85/642.95,0/26.088/3.4551,651.18,2.0037,-7.7624,1763,710160,0.77034,9.0287e-4,0.9991,0.0018057,0.014726,False
TRCN0000117565,RPL9,636.18/679.31/823.25,0/1.6305/0,708.59,0.15866,-9.2584,9624,846490,0.76999,6.5618e-5,0.99993,1.3124e-4,0.0019398,False
TRCN0000074794,RPS9,919.13/611.31/210.97,9.8732/3.261/17.275,491.25,8.2511,-5.7336,138030,395350,0.76817,0.0049546,0.99505,0.0099092,0.055142,False
TRCN0000144181,FAM71B,1805.9/1950.8/2019.3,3993.7/3950.7/3779.8,1923.2,3907,1.0222,11877,6747e3,0.76372,0.7112,0.2888,0.57761,0.71185,True
TRCN0000003906,PSMB2,628.85/581.03/740.77,8.2277/22.827/5.1826,646.86,9.9286,-5.8895,6738.6,700400,0.76106,0.0045203,0.99548,0.0090406,0.052085,False
TRCN0000077927,RPL34,677.74/840.02/1116.7,6.5821/11.413/6.9101,859.86,8.0398,-6.5733,49765,1265600,0.75718,0.002745,0.99726,0.00549,0.036409,False
TRCN0000117564,RPL9,832.35/1018/1129.9,0/22.827/31.096,985.61,4.0509,-7.6098,22683,1680800,0.7571,0.001204,0.9988,0.0024079,0.018671,False
TRCN0000117560,RPS3A,798.74/957.46/1000.4,32.911/1.6305/34.551,914.6,12.456,-6.0884,11309,1438900,0.75208,0.0040019,0.996,0.0080038,0.047334,False
TRCN0000077926,RPL34,597.68/644.69/724.9,29.62/16.305/13.82,653.68,18.833,-5.0448,4144.9,715850,0.75034,0.0085181,0.99148,0.017036,0.081395,False
TRCN0000003904,PSMB2,983.91/1004.4/1129.9,24.683/8.1525/8.6377,1037.5,12.035,-6.3159,6253.7,1869900,0.74989,0.0034045,0.9966,0.006809,0.042377,False
TRCN0000117674,RPL36,554.9/524.78/480.63,32.911/11.413/22.458,519.2,20.367,-4.6056,1396.8,443520,0.74902,0.011647,0.98835,0.023294,0.092587,False
TRCN0000074913,RPS19,485.84/426.5/462.12,36.202/6.522/36.278,457.5,20.502,-4.4143,892.91,340990,0.74835,0.013336,0.98666,0.026671,0.10174,False
TRCN0000007174,RPS13,1081.1/1254.8/1464.6,6.5821/11.413/6.9101,1257.1,8.0398,-7.1208,37025,2787500,0.74815,0.0018721,0.99813,0.0037442,0.027672,False
TRCN0000058107,PSMD1,1225.3/1303/1588.3,1.6455/22.827/19.003,1363.7,9.0437,-7.0861,36653,3301100,0.74557,0.0019406,0.99806,0.0038812,0.027815,False
TRCN0000117673,RPL36,701.57/614.4/513.41,19.746/21.196/29.368,604.87,23.08,-4.6531,8903.5,609220,0.74539,0.011317,0.98868,0.022634,0.090726,False
TRCN0000117774,RPL27,765.13/840.63/1003.6,6.5821/21.196/72.556,864.22,21.685,-5.2532,14894,1279e3,0.745,0.0074,0.9926,0.0148,0.074076,False
TRCN0000148626,CRYGB,622.12/633.57/712.74,1392.1/1203.3/1262.8,654.94,1283.7,0.96981,2437.5,718710,0.74167,0.70627,0.29373,0.58747,0.71617,True
TRCN0000007173,RPS13,532.29/538.38/641.89,14.81/35.871/34.551,568.72,26.388,-4.3787,3801.1,535980,0.74079,0.013799,0.9862,0.027598,0.10443,False
TRCN0000117776,RPL27,1267.5/1107.7/850.22,26.329/37.501/15.548,1060.8,24.86,-5.3596,44628,1958300,0.74026,0.0069002,0.9931,0.0138,0.072529,False
TRCN0000117509,RPL3,339.78/331.93/268.07,42.784/34.24/6.9101,311.53,21.674,-3.7849,1551.5,153460,0.73991,0.020895,0.9791,0.04179,0.13346,False
TRCN0000155168,COPB1,1214.3/1261.6/1207.1,55.948/22.827/13.82,1227.4,26.053,-5.5049,875.2,2652300,0.73768,0.0062401999999999996,0.99376,0.01248,0.066329,False
TRCN0000003907,PSMB2,1189.2/1203.5/1416,16.455/30.979/34.551,1265.5,26.024,-5.5504,16152,2826100,0.73729,0.0060437,0.99396,0.012087,0.065586,False
TRCN0000074993,RPL5,861.68/919.75/997.74,83.922/52.176/6.9101,924.72,31.243,-4.8435,4664.7,1472200,0.73639,0.009985,0.99002,0.01997,0.0856,False
TRCN0000151585,COPB1,1225.9/1340.1/1452.5,49.366/30.979/25.913,1336.3,34.097,-5.2518,12846,3164800,0.73198,0.0075069,0.99249,0.015014,0.074076,False
TRCN0000074709,RPS3A,641.68/683.01/794.17,24.683/44.023/46.643,703.43,37.012,-4.2119,6231.8,833740,0.72985,0.015658,0.98434,0.031317,0.11428,False
TRCN0000074782,RPS8,1232.6/1244.3/1567.2,62.53/16.305/70.829,1339.5,41.67,-4.9735,36165,3180900,0.72771,0.0091657,0.99083,0.018331,0.083682,False
TRCN0000117714,RPL11,1345.7/1426/1756.5,69.112/14.674/63.919,1499.3,40.203,-5.1864,47554,4020700,0.72769,0.0078855,0.99211,0.015771,0.076119,False
TRCN0000003911,PSMB3,467.51/438.86/251.68,31.265/24.457/32.823,372.39,29.279,-3.6243,14018,222330,0.72767,0.023658,0.97634,0.047317,0.14533,False
TRCN0000007171,RPS13,2085.8/2337.7/2414.2,24.683/47.284/25.913,2274.8,31.16,-6.145,29566,9565700,0.72543,0.0040028,0.996,0.0080057,0.047334,False
TRCN0000004997,RPL6,1500.3/1320.9/1134.7,65.821/32.61/48.371,1310.1,47.004,-4.7715,33534,3037300,0.72476,0.010587,0.98941,0.021174,0.0856,False
TRCN0000003883,PSMA3,1375.6/1414.2/1574.1,32.911/40.762/91.559,1452.2,49.718,-4.8406,11077,3762100,0.72305,0.010091,0.98991,0.020183,0.0856,False
TRCN0000021368,POLR2D,1418.4/1320.3/1485.8,31.265/52.176/77.739,1406.5,50.248,-4.7795,6928.5,3520400,0.72285,0.010537,0.98946,0.021073,0.0856,False
TRCN0000117713,RPL11,1786.3/1852.5/1721.1,26.329/88.047/46.643,1785.8,47.653,-5.1987,4319.6,5783300,0.72277,0.0078381,0.99216,0.015676,0.076119,False
TRCN0000059961,NUP93,1298/1490.9/1637.5,51.011/57.067/44.916,1468.8,50.756,-4.8278,29057,3852400,0.72249,0.010185,0.98981,0.020371,0.0856,False
TRCN0000004998,RPL6,514.57/535.29/311.43,54.303/26.088/31.096,441.03,35.322,-3.6052,15544,315970,0.72175,0.024088,0.97591,0.048175,0.14541,False
TRCN0000052954,POLA1,641.68/649.02/812.15,49.366/27.718/65.646,696.74,44.792,-3.9295,9313.9,817340,0.72112,0.019197,0.9808,0.038394,0.1267,False
TRCN0000074797,RPS9,771.85/874.63/1010.4,57.594/70.111/31.096,880.28,50.081,-4.1087,14363,1328900,0.72017,0.016929,0.98307,0.033858,0.1169,False
TRCN0000077976,MRGPRD,1378.1/1444.5/1420.7,2682.2/2804.5/2829.7,1414.2,2771.4,0.97013,1133.5,3560400,0.71927,0.6948,0.3052,0.61041,0.74032,True
TRCN0000117508,RPL3,1929.9/2143/2138.8,74.049/39.132/79.467,2068.1,61.299,-5.0537,14847,7846900,0.7164,0.0087043,0.9913,0.017409,0.081527,False
TRCN0000117715,RPL11,2149.9/2437.8/2600.9,41.138/65.22/81.194,2388.8,60.175,-5.2878,52220,10589e3,0.71559,0.0073811,0.99262,0.014762,0.074076,False
TRCN0000118346,COPS4,1197.2/1312.3/1612.1,115.19/104.35/24.185,1363.1,66.277,-4.3417,46064,3298300,0.71407,0.014394,0.98561,0.028788,0.10807,False
TRCN0000052040,PSMC4,1152.6/1199.1/1318.2,88.859/73.372/41.461,1221.3,64.664,-4.2184,7296.9,2625e3,0.71391,0.015704,0.9843,0.031408,0.11428,False
TRCN0000065002,COPZ1,868.41/898.74/1216.1,42.784/73.372/69.101,982.75,60.088,-4.0093,37294,1670700,0.71382,0.018203,0.9818,0.036406,0.12141,False
TRCN0000021285,POLR2A,1467.9/1610.2/1630.6,60.885/89.677/62.191,1567.9,69.767,-4.4705,7860.3,4412200,0.71321,0.013146,0.98685,0.026291,0.1011,False
TRCN0000074978,RPS11,1504/1705.4/1941,90.504/94.569/43.188,1707.5,71.775,-4.5532,47977,5268500,0.71264,0.012402,0.9876,0.024805,0.096964,False
TRCN0000117136,KRT9,1307.8/1334.5/1446.1,2678.9/2574.6/2710.5,1361.5,2654,0.96245,5385.2,3290300,0.71255,0.69225,0.30775,0.6155,0.74301,True
TRCN0000046913,NUP98,947.85/1092.2/1306.5,39.493/50.545/148.57,1105.9,66.702,-4.0312,32707,2135500,0.71114,0.017938,0.98206,0.035876,0.12141,False
TRCN0000074778,RPS8,1975.8/2193.1/2327.5,75.694/127.18/46.643,2160.5,76.584,-4.8001,31542,8593600,0.71089,0.010423,0.98958,0.020845,0.0856,False
TRCN0000117570,RPL30,706.46/861.03/791.53,54.303/120.66/29.368,783.77,57.749,-3.7396,6003.2,1043900,0.71059,0.022044,0.97796,0.044089,0.13903,False
TRCN0000021365,POLR2D,2330.8/2397.7/2341.3,144.81/92.938/34.551,2356.4,77.493,-4.9085,1292.7,10293e3,0.71033,0.0096568,0.99034,0.019314,0.084674,False
TRCN0000074711,RPS3A,631.9/621.82/758.74,31.265/52.176/95.014,668.04,53.727,-3.6118,5834.7,748920,0.70986,0.024132,0.97587,0.048264,0.14541,False
TRCN0000117772,RPL27,2267.3/2387.8/2869.5,75.694/159.79/58.736,2495.2,89.237,-4.7898,101790,11593e3,0.70661,0.010505,0.98949,0.021011,0.0856,False
TRCN0000117676,RPL36,2778.2/2889.7/3311,106.96/58.698/143.39,2984.4,96.564,-4.9354,79080,16822e3,0.7041,0.0094829,0.99052,0.018966,0.084631,False
TRCN0000117549,RPS24,726.63/692.9/774.61,85.568/53.806/51.826,730.61,62.027,-3.537,1686.6,902110,0.70393,0.025492,0.97451,0.050984,0.14795,False
TRCN0000074997,RPL5,733.96/717.01/782.54,100.38/84.786/31.096,743.99,64.218,-3.5139,1157.2,936780,0.70234,0.025925,0.97407,0.051851,0.14955,False
TRCN0000005001,RPL6,905.07/801.69/719.62,133.29/71.742/32.823,805.25,67.977,-3.547,8655.2,1104200,0.70161,0.025328,0.97467,0.050657,0.14791,False
TRCN0000074996,RPL5,927.07/963.64/1144.2,90.504/96.199/53.554,1007.3,77.547,-3.6823,13541,1758800,0.7011,0.023015,0.97698,0.04603,0.1423,False
TRCN0000074795,RPS9,825.63/859.18/921.07,110.25/81.525/41.461,867.73,71.971,-3.5735,2345.3,1289800,0.70068,0.024863,0.97514,0.049726,0.14687,False
TRCN0000117659,RPL35A,1003.5/1139.2/1173.8,67.467/75.003/110.56,1103,82.402,-3.7265,8115.2,2123700,0.70032,0.022308,0.97769,0.044616,0.13976,False
TRCN0000059958,NUP93,760.85/734.94/751.34,97.086/50.545/62.191,748.97,67.331,-3.4562,171.84,949850,0.6994,0.027027,0.97297,0.054055,0.15161,False
TRCN0000014006,TAAR1,2546.6/2878.6/3021.8,5094.6/5393.7/6029.1,2808.4,5492.2,0.96738,59503,14825e3,0.69703,0.68337,0.31663,0.63326,0.75259,True
TRCN0000142957,PSMD6,1714.8/1868.6/1915.1,121.77/75.003/152.02,1830.8,111.56,-4.0244,10993,6090300,0.69665,0.018062,0.98194,0.036123,0.12141,False
TRCN0000150729,PIWIL3,1768.6/1846.9/2027.7,3253.2/3981.7/3721.1,1878,3639.3,0.95409,17677,6421300,0.69506,0.68403,0.31597,0.63193,0.75259,True
TRCN0000072558,COPS6,1156.2/1155.3/1071.8,108.61/61.959/117.47,1127,92.466,-3.5932,2352.4,2221200,0.69417,0.024543,0.97546,0.049086,0.14687,False
TRCN0000065272,COPA,1543.7/1618.2/1544.5,102.02/120.66/110.56,1568.4,110.82,-3.811,1832.8,4415300,0.69367,0.021021,0.97898,0.042043,0.13346,False
TRCN0000063029,FCRL4,2360.8/2611.5/2936.1,4768.8/5276.3/5317.3,2625.7,5114.6,0.96166,83370,1289e4,0.69325,0.68207,0.31793,0.63585,0.75378,True
TRCN0000003880,PSMA3,596.46/628.62/582.14,80.631/29.349/112.29,602.1,64.309,-3.207,566.72,603420,0.69231,0.032311,0.96769,0.064621,0.16981,False
TRCN0000144555,PSMD6,2163.4/2371.7/2843.6,69.112/154.9/243.58,2443.5,137.66,-4.14,121840,111e5,0.69211,0.01664,0.98336,0.03328,0.1169,False
TRCN0000058106,PSMD1,4159.9/4709.4/5598.8,162.91/115.77/190.03,4786.8,153.03,-4.9581,529190,4493e4,0.6913,0.0093324,0.99067,0.018665,0.08408,False
TRCN0000155615,LYZL6,737.63/658.91/507.06,1189.7/1126.7/1245.6,626.96,1186.3,0.91896,13821,656370,0.69042,0.68614,0.31386,0.62772,0.75259,True
TRCN0000060023,NUP205,732.13/674.36/856.03,82.277/135.33/39.733,750.45,76.211,-3.2828,8636.4,953770,0.69039,0.030631,0.96937,0.061261,0.16847,False
TRCN0000117712,RPL11,7743.5/8063.3/9242.9,120.12/146.74/91.559,8325.7,117.3,-6.1372,624540,14202e4,0.68878,0.0040747,0.99593,0.0081494,0.047589,False
TRCN0000074979,RPS11,715.63/768.93/846.52,34.556/101.09/150.3,775.18,80.695,-3.2481,4337.2,1020300,0.68756,0.031413,0.96859,0.062826,0.16974,False
TRCN0000144112,NUP133,1247.9/1518.1/1664.5,141.52/120.66/107.11,1466.4,122.29,-3.5731,44821,3839200,0.68598,0.024908,0.97509,0.049816,0.14687,False
TRCN0000003946,PSMD11,3055/3405.8/4073.4,125.06/226.64/233.22,3486.6,187.68,-4.2082,268590,23244e3,0.68424,0.015843,0.98416,0.031686,0.11441,False
TRCN0000058066,PSMD7,2473.2/2637.5/2836.2,195.82/150.01/174.48,2644.8,172.41,-3.9314,33058,13086e3,0.68347,0.019287,0.98071,0.038574,0.1267,False
TRCN0000151483,COPB1,1313.3/1314.1/1561.4,134.93/96.199/145.11,1391.6,123.5,-3.4835,20480,3443e3,0.68339,0.026556,0.97344,0.053112,0.15117,False
TRCN0000060024,NUP205,502.95/497.58/544.6,75.694/104.35/32.823,514.63,63.778,-2.9927,662.71,435450,0.68322,0.037711,0.96229,0.075423,0.18581,False
TRCN0000150921,COPB1,1020/995.78/815.85,75.694/89.677/141.66,939.26,98.706,-3.2373,12469,1520700,0.68163,0.031677,0.96832,0.063354,0.16974,False
TRCN0000143014,NUP133,1253.4/1481/1587.8,92.15/161.42/146.84,1433.8,129.75,-3.4559,29243,3663800,0.68128,0.027084,0.97292,0.054169,0.15161,False
TRCN0000010829,PSMB3,222.45/161.95/80.897,39.493/19.566/19.003,142.85,24.493,-2.4964,5269.4,30409,0.67871,0.053316,0.94668,0.10663,0.23137,False
TRCN0000059959,NUP93,3664.9/3890.4/4727.5,217.21/247.84/236.67,4069.7,233.56,-4.1173,314340,32061e3,0.6775,0.016884,0.98312,0.033767,0.1169,False
TRCN0000058063,PSMD7,676.51/730.61/700.58,77.34/125.55/65.646,702.22,86.065,-3.0138,734.73,830760,0.67601,0.0372,0.9628,0.074399,0.18539,False
TRCN0000117614,RPL18A,867.18/972.91/1097.7,64.176/153.27/133.02,974.73,109.38,-3.144,13341,1642500,0.67521,0.033882,0.96612,0.067763,0.17325,False
TRCN0000056673,TPH2,2941.9/3144.3/3799,108.61/309.79/340.32,3275.5,225.41,-3.8552,201260,20414e3,0.67507,0.020342,0.97966,0.040684,0.13241,False
TRCN0000021286,POLR2A,911.18/1129.9/1120.4,194.17/78.264/101.92,1048.8,115.71,-3.1691,15323,1912500,0.6747,0.033276,0.96672,0.066553,0.17202,False
TRCN0000003948,PSMD11,903.85/824.56/930.59,106.96/130.44/95.014,885.17,109.85,-2.9989,3042.4,1344300,0.6687,0.037619,0.96238,0.075237,0.18581,False
TRCN0000021366,POLR2D,2289.9/2368.6/2716.1,171.14/211.96/291.95,2451.4,219.61,-3.4747,51516,11175e3,0.66764,0.026687,0.97331,0.053374,0.15117,False
TRCN0000064998,COPZ1,1620.1/1702.3/1465.1,164.55/133.7/221.12,1592.8,169.45,-3.225,14514,4559100,0.6666,0.031947,0.96805,0.063893,0.16974,False
TRCN0000116927,KRT74,2762.3/2929.2/3425.2,5293.7/6238.3/5859.8,3026.2,5784.1,0.93434,119120,17316e3,0.66274,0.66894,0.33106,0.66213,0.77714,True
TRCN0000046914,NUP98,1416.6/1280.1/1437.6,169.49/190.77/134.75,1376.3,163.33,-3.0672,7319.3,3365e3,0.66124,0.035794,0.96421,0.071588,0.18011,False
TRCN0000074779,RPS8,1388.5/1485.9/1680.9,151.39/192.4/190.03,1513.6,176.89,-3.0899,22200,4100900,0.66011,0.035204,0.9648,0.070409,0.17809,False
TRCN0000074914,RPS19,398.45/318.95/248.51,707.58/515.24/530.35,316.09,578.25,0.86928,5679.4,158170,0.65918,0.67597,0.32403,0.64805,0.76632,True
TRCN0000058104,PSMD1,804.85/1080.5/1125.2,1484.3/2012/2131.8,992.77,1853.4,0.89996,30266,1706300,0.65884,0.67155,0.32845,0.6569,0.77292,True
TRCN0000059962,NUP93,532.29/538.38/578.97,110.25/52.176/107.11,549.49,85.099,-2.6767,644.29,499010,0.65741,0.047511,0.95249,0.095021,0.21983,False
TRCN0000053864,RPTN,1057.2/1123.1/1482.1,218.86/221.75/86.377,1207.3,161.25,-2.8967,52549,2562800,0.65344,0.040487,0.95951,0.080973,0.19641,False
TRCN0000050505,PSMC1,1205.1/1464.3/1785,185.95/211.96/165.84,1465.9,186.97,-2.9642,84923,3836500,0.65295,0.03854,0.96146,0.07708,0.18841,False
TRCN0000117716,RPL11,602.57/553.21/307.2,77.34/40.762/150.3,467.85,77.974,-2.5697,25622,357220,0.65232,0.051358,0.94864,0.10272,0.2284,False
TRCN0000145517,PSMD6,1689.8/1769/2316.4,190.88/169.57/404.24,1906,235.65,-3.0105,116980,6622100,0.6491,0.037234,0.96277,0.074468,0.18539,False
TRCN0000021288,POLR2A,4768/5268.2/6090.6,462.39/502.19/468.16,5348.3,477.27,-3.4835,447080,56585e3,0.64755,0.02639,0.97361,0.05278,0.15117,False
TRCN0000072562,COPS6,3194.3/3583.8/4176.5,376.83/282.08/528.63,3629.5,383.02,-3.2409,245340,2527e4,0.64582,0.03145,0.96855,0.062901,0.16974,False
TRCN0000117566,RPL9,694.85/666.33/823.25,88.859/115.77/169.3,725.05,120.32,-2.5813,7002,887890,0.64178,0.05095,0.94905,0.1019,0.2284,False
TRCN0000058064,PSMD7,664.29/748.53/852.33,113.54/167.94/100.2,751.15,124.09,-2.5881,8894.5,955610,0.64146,0.050697,0.9493,0.10139,0.22838,False
TRCN0000065268,COPA,809.13/913.57/1009.9,125.06/99.46/248.76,907.15,145.73,-2.6298,10103,1414600,0.64019,0.049162,0.95084,0.098324,0.22379,False
TRCN0000014253,VN1R2,1846.8/1838.9/1756,3802.8/3202.3/3161.4,1813.4,3376.6,0.8965,2533.2,5970700,0.63974,0.66126,0.33874,0.67749,0.78616,True
TRCN0000117615,RPL18A,1016.9/1214.6/1380.5,292.9/135.33/152.02,1194.7,181.98,-2.7081,33272,2507400,0.63955,0.046405,0.9536,0.09281,0.21731,False
TRCN0000058105,PSMD1,3785.3/3933.7/4945.8,404.8/389.69/621.91,4191.6,461.21,-3.1812,400250,3409e4,0.63891,0.032782,0.96722,0.065564,0.17086,False
TRCN0000019587,DMRTC2,170.5/135.37/66.621,44.429/21.196/19.003,115.43,26.163,-2.0997,2906.4,19547,0.63849,0.071741,0.92826,0.14348,0.28757,False
TRCN0000117568,RPL30,1280.3/1199.1/953.32,174.43/210.33/152.02,1135.4,177.34,-2.6717,29107,2255500,0.63791,0.047653,0.95235,0.095307,0.21983,False
TRCN0000074796,RPS9,687.51/772.64/760.86,174.43/109.24/107.11,739.36,126.85,-2.5338,2128.9,924690,0.63696,0.052747,0.94725,0.10549,0.23101,False
TRCN0000117661,RPL35A,370.95/268.88/183.47,98.732/45.654/34.551,263.53,53.811,-2.2709,8988.7,108400,0.63695,0.063857,0.93614,0.12771,0.26495,False
TRCN0000021367,POLR2D,1334.7/1761/1915.1,204.05/223.38/300.59,1651.1,239.29,-2.7815,90943,4913200,0.63694,0.043939,0.95606,0.087878,0.20993,False
TRCN0000072561,COPS6,1121.4/1307.9/1594.7,281.39/151.64/212.49,1327.4,208.52,-2.6645,57125,3121300,0.63332,0.04787,0.95213,0.09574,0.21983,False
TRCN0000117660,RPL35A,94.113/55.012/29.61,29.62/4.8915/17.275,53.531,13.611,-1.9,1110.7,3985,0.63238,0.081504,0.9185,0.16301,0.3111,False
TRCN0000003910,PSMB3,500.51/487.69/511.29,162.91/102.72/51.826,499.74,95.376,-2.3773,139.62,409680,0.63176,0.059171,0.94083,0.11834,0.24878,False
TRCN0000117548,RPS24,1032.2/1129.9/907.85,181.01/148.38/186.57,1019.2,171.12,-2.5674,12412,1802200,0.63175,0.051426,0.94857,0.10285,0.2284,False
TRCN0000117773,RPL27,839.68/739.88/807.92,169.49/184.25/93.287,794.72,142.82,-2.468,2601.6,1074400,0.62891,0.055338,0.94466,0.11068,0.23904,False
TRCN0000117551,RPS24,1308.4/1237.5/1393.2,166.2/285.34/214.21,1311.5,216.58,-2.5927,6085.8,3044e3,0.62757,0.050432,0.94957,0.10086,0.22827,False
TRCN0000117596,RPS27,1921.4/1916.2/2288.9,302.78/322.84/298.86,2035,307.98,-2.7201,45757,7587700,0.62695,0.04587,0.95413,0.091741,0.21589,False
TRCN0000046916,NUP98,705.85/668.18/773.55,143.16/135.33/129.57,714.55,135.91,-2.3859,2853.4,861360,0.62347,0.058781,0.94122,0.11756,0.24825,False
TRCN0000065271,COPA,830.52/922.22/1073.9,189.24/216.86/124.38,936.94,172.18,-2.4372,15147,1512900,0.62176,0.056563,0.94344,0.11313,0.24154,False
TRCN0000056334,CABP5,1760/1667.1/1381.1,358.73/198.92/276.41,1594.3,270.19,-2.5564,39114,4568100,0.61951,0.051718,0.94828,0.10344,0.22862,False
TRCN0000117613,RPL18A,293.34/268.88/201.98,64.176/57.067/55.281,251.62,58.719,-2.0807,2251.3,98481,0.61469,0.0736,0.9264,0.1472,0.29254,False
TRCN0000074995,RPL5,871.46/857.94/1041.1,144.81/278.81/145.11,919.88,180.28,-2.3448,10437,1456200,0.6129,0.060523,0.93948,0.12105,0.25222,False
TRCN0000118887,NPHS2,6536.6/7135.5/8680.9,13342/14112/14114,7398,13851,0.90471,1228400,11109e4,0.61226,0.64386,0.35614,0.71229,0.81775,True
TRCN0000117510,RPL3,2941.9/3134.5/3028.1,409.74/494.04/592.54,3033.8,493.17,-2.6185,9299.9,17406e3,0.60896,0.049206,0.95079,0.098413,0.22379,False
TRCN0000058440,IL1F10,258.51/179.87/85.656,72.403/52.176/17.275,158.52,40.283,-1.9502,7880.8,37742,0.60863,0.080896,0.9191,0.16179,0.3111,False
TRCN0000052953,POLA1,705.85/767.7/777.78,121.77/239.68/134.75,749.75,157.85,-2.2407,1517.5,951930,0.60667,0.065384,0.93462,0.13077,0.26776,False
TRCN0000050504,PSMC1,328.78/311.53/264.9,90.504/109.24/39.733,300.49,73.249,-2.0217,1094.6,142380,0.60223,0.076989,0.92301,0.15398,0.30347,False
TRCN0000021836,POLR2F,11.611/4.3268/3.1724,6.5821/8.1525/0,5.4359,1.6667,-1.2711,22.245,39.24,0.60171,0.10025,0.89975,0.2005,0.35476,False
TRCN0000007170,RPS13,1713/1518.1/1292.8,292.9/339.14/257.4,1498,294.61,-2.3423,44368,4013400,0.60071,0.060458,0.93954,0.12092,0.25222,False
TRCN0000116054,COPS2,1037.1/1065.6/1133.6,202.4/290.23/195.21,1078,225.5,-2.2521,2460.8,2025100,0.59908,0.064719,0.93528,0.12944,0.26649,False
TRCN0000152865,NLRP5,2982.3/3298.3/3620.8,612.14/639.15/494.07,3290.1,578.21,-2.5064,102100,20604e3,0.59745,0.053317,0.94668,0.10663,0.23137,False
TRCN0000021284,POLR2A,3223.1/3767.4/4193.4,811.25/732.09/556.27,3706.5,691.3,-2.421,237270,26397e3,0.58686,0.056653,0.94335,0.11331,0.24154,False
TRCN0000118344,COPS4,1397/1495.8/1473.6,297.84/246.21/462.98,1454.9,323.81,-2.1642,2687.3,3776700,0.58201,0.068878,0.93112,0.13776,0.27965,False
TRCN0000009005,RXFP2,1724/1833.3/2002.3,439.36/324.47/450.89,1849.7,400.58,-2.2043,19687,6221900,0.58096,0.066753,0.93325,0.13351,0.27219,False
TRCN0000003908,PSMB3,1187.4/1159/1392.7,238.6/345.67/281.59,1242.2,285.31,-2.1184,16292,2718900,0.58029,0.071323,0.92868,0.14265,0.28711,False
TRCN0000056333,CABP5,1714.8/1803/1902.9,3162.7/3353.9/3137.2,1805.3,3216.5,0.83291,8863.4,5915300,0.58024,0.63572,0.36428,0.72857,0.8324,True
TRCN0000117592,RPS27,641.68/602.66/571.04,185.95/135.33/139.93,604.44,152.14,-1.9832,1252.7,608310,0.57992,0.079159,0.92084,0.15832,0.31072,False
TRCN0000116495,KRT25,1897.5/1878.4/1887.1,3498.4/3124/3474.1,1887.7,3361,0.83197,91.413,6490300,0.57834,0.6347,0.3653,0.73061,0.83272,True
TRCN0000052041,PSMC4,512.73/487.69/563.11,92.15/194.03/136.48,520.25,134.63,-1.9423,1476.8,445390,0.57781,0.081654,0.91835,0.16331,0.3111,False
TRCN0000117675,RPL36,664.29/646.55/655.11,161.26/177.72/158.93,655.28,165.77,-1.9765,78.755,719480,0.5771,0.079522,0.92048,0.15904,0.31086,False
TRCN0000155113,NLRP5,1519.3/1432.8/1248.9,296.2/301.64/385.24,1395.7,325.29,-2.0978,19098,3464100,0.57509,0.072344,0.92766,0.14469,0.28877,False
TRCN0000155532,LYZL6,673.46/559.39/286.05,1031.7/829.92/651.28,475.88,823.12,0.78923,41024,370070,0.5708,0.63719,0.36281,0.72562,0.83103,True
TRCN0000052038,PSMC4,542.07/521.07/424.05,125.06/122.29/153.75,492.93,132.98,-1.8823,3975.2,398170,0.57045,0.085402,0.9146,0.1708,0.32187,False
TRCN0000116786,KRT77,3605.6/3726/3974.5,6522.9/6727.4/6939.5,3765.6,6727.8,0.83708,35410,2728e4,0.56713,0.62682,0.37318,0.74637,0.84335,True
TRCN0000003950,PSMD11,1293.7/1422.3/1576.2,312.65/388.06/355.87,1426.1,350.82,-2.0202,20028,3623e3,0.56491,0.076577,0.92342,0.15315,0.30311,False
TRCN0000073250,TRIM42,1645.8/1696.1/2110.7,2723.4/2993.6/3916.3,1806.1,3172.4,0.81234,65305,5921e3,0.5615,0.62747,0.37252999999999997,0.74505,0.84335,True
TRCN0000117550,RPS24,966.8/1124.3/1340.9,192.53/388.06/342.05,1133.8,294.56,-1.941,35432,2249100,0.55962,0.08134,0.91866,0.16268,0.3111,False
TRCN0000059905,NUP54,1076.2/1117.5/1386.4,307.71/242.94/399.06,1185.8,310.15,-1.9314,28449,2468700,0.55731,0.081886,0.91811,0.16377,0.3111,False
TRCN0000074982,RPS11,371.56/360.98/247.98,97.086/125.55/74.284,321.6,96.746,-1.7226,4733.5,163940,0.55533,0.096398,0.9036,0.1928,0.34857,False
TRCN0000014003,TAAR1,1730.7/1867.9/2223.4,3238.4/3411/3439.5,1929.9,3361.8,0.8004,64819,6795700,0.54928,0.62177,0.37823,0.75646,0.84615,True
TRCN0000117595,RPS27,1092.1/1175/1454.6,312.65/365.23/362.78,1231.2,346.01,-1.8282,36200,2669500,0.54181,0.088354,0.91165,0.17671,0.33037,False
TRCN0000004999,RPL6,876.35/728.76/384.92,236.96/225.01/129.57,626.44,190.46,-1.7125,65626,655250,0.53861,0.096837,0.90316,0.19367,0.34857,False
TRCN0000021364,POLR2D,391.73/395.59/312.49,146.45/83.155/129.57,364.49,116.42,-1.6381,2206.9,212650,0.53795,0.10271,0.89729,0.20542,0.35854,False
TRCN0000021287,POLR2A,727.85/691.05/877.18,220.5/267.4/212.49,761.28,232.26,-1.7084,9741.6,982610,0.53369,0.096992,0.90301,0.19398,0.34857,False
TRCN0000010827,PSMA3,404.56/483.36/504.42,134.93/122.29/200.39,462.05,148.98,-1.6264,2777.1,348070,0.53064,0.10351,0.89649,0.20701,0.35998,False
TRCN0000052957,POLA1,4832.8/4508.5/4576.3,1158.5/1247.3/1219.6,4637.1,1207.9,-1.9398,29260,42057e3,0.52878,0.080222,0.91978,0.16044,0.3111,False
TRCN0000060814,OR52E8,1486.3/1471.7/1333.5,2264.3/2478.4/2572.3,1428.8,2434.8,0.76861,7114.1,3637300,0.5275,0.61336,0.38664,0.77329,0.86062,True
TRCN0000116052,COPS2,1185/1388.3/1538.6,495.31/420.67/338.6,1362.8,413.21,-1.7192,31596,3296900,0.523,0.095704,0.9043,0.19141,0.34857,False
TRCN0000050506,PSMC1,963.74/954.37/1189.7,294.55/337.51/355.87,1030.5,328.28,-1.6473,17794,1843800,0.51713,0.10125,0.89875,0.2025,0.35476,False
TRCN0000116783,KRT77,1885.3/1897.6/2109.7,557.84/567.41/654.74,1961.6,591.78,-1.7272,15921,7029700,0.51664,0.094774,0.90523,0.18955,0.34857,False
TRCN0000005000,RPL6,3221.8/3429.3/4186.6,909.98/1154.4/1103.9,3589.7,1050.6,-1.7717,258660,24697e3,0.51093,0.09106,0.90894,0.18212,0.33914,False
TRCN0000073249,TRIM42,1539.4/1629.3/1605.3,454.17/549.48/519.99,1590.9,506.27,-1.6499,2167.3,4547900,0.50859,0.1006,0.8994,0.20121,0.35476,False
TRCN0000077924,RPL34,3283.6/3531.3/4181.8,997.19/1144.6/1230,3646.5,1119.7,-1.7025,215780,25517e3,0.50022,0.095811,0.90419,0.19162,0.34857,False
TRCN0000121679,PSMD6,1955.6/2224.6/2532.7,3393.1/3856.1/3964.7,2225.2,3729.5,0.74479,83613,9137e3,0.49766,0.5978,0.4022,0.80439,0.88278,True
TRCN0000118345,COPS4,770.02/797.98/823.78,281.39/229.9/342.05,796.96,280.75,-1.5019,723.17,1080700,0.49655,0.11318,0.88682,0.22637,0.39077,False
TRCN0000021835,POLR2F,433.29/451.84/390.21,151.39/148.38/179.66,424.31,159.21,-1.4086,1000.6,291600,0.49093,0.12211,0.87789,0.24422,0.4111,False
TRCN0000115743,LUZP4,2084.5/1890.2/1789.8,3704.1/2947.9/2961,1917.7,3185.8,0.73199,22477,6706500,0.48967,0.59483,0.40517,0.81034,0.88725,True
TRCN0000115745,LUZP4,7724/8140.5/9201.2,12774/13924/15892,8332.6,14139,0.7628,580850,14227e4,0.48683,0.5866,0.4134,0.8268,0.89902,True
TRCN0000063359,NPSR1,2197.6/2317.9/2309.5,3470.4/4084.4/3745.3,2274.4,3758.4,0.7244,4513.9,9561700,0.47992,0.58954,0.41046,0.82093,0.8947,True
TRCN0000063030,FCRL4,696.07/624.29/426.17,225.44/198.92/234.94,570,219.23,-1.3745,19765,538490,0.47801,0.125,0.875,0.25,0.41638,False
TRCN0000118888,NPHS2,1412.9/1325.9/1633.8,658.21/366.86/615,1451.9,529.56,-1.4533,25250,3760700,0.47561,0.11663,0.88337,0.23326,0.39831,False
TRCN0000060025,NUP205,1162.4/1259.1/1219.3,452.52/436.97/454.34,1212.9,447.88,-1.4353,2364.6,2587600,0.4756,0.11847,0.88153,0.23694,0.40313,False
TRCN0000014256,VN1R2,490.73/586.59/590.08,944.54/860.9/872.4,553.81,891.86,0.68644,3184.2,507190,0.47467,0.59377,0.40623,0.81245,0.88751,True
TRCN0000059906,NUP54,843.35/890.7/1115.6,406.45/285.34/397.33,942.81,358.51,-1.3924,21240,1532600,0.47196,0.12269,0.87731,0.24539,0.41159,False
TRCN0000058954,IL22,1792.4/1756.1/1805.7,623.66/626.11/767.03,1784.6,669.07,-1.414,659.52,5775100,0.46419,0.11982,0.88018,0.23963,0.40626,False
TRCN0000151651,LYZL6,1744.1/1845.7/2036.7,2914.2/2897.4/3282.3,1871.6,3026.2,0.69293,22089,6376200,0.45725,0.57994,0.42006,0.84012,0.90933,True
TRCN0000148941,CRYGB,2135.3/2098.5/2568.6,781.63/994.6/851.67,2257.8,871.58,-1.3722,68503,9417600,0.45171,0.12325,0.87675,0.24651,0.41201,False
TRCN0000003905,PSMB2,207.17/138.46/28.023,67.467/26.088/44.916,93.027,42.926,-1.098,9659.1,12499,0.44813,0.15596,0.84404,0.31192,0.48058,False
TRCN0000052042,PSMC4,677.74/762.75/887.76,335.69/348.93/302.32,771.34,328.38,-1.2295,11194,1009800,0.44081,0.1391,0.8609,0.27821,0.45089,False
TRCN0000056337,CABP5,1368.3/1354.3/1390.1,2288.9/2170.2/2071.3,1370.8,2175,0.6656,324.98,3337100,0.44022,0.57351,0.42649,0.85298,0.91696,True
TRCN0000059907,NUP54,788.35/961.17/1141,399.86/459.8/373.15,952.66,409.37,-1.2165,31276,1566100,0.43412,0.14013,0.85987,0.28026,0.45089,False
TRCN0000117593,RPS27,1031.6/1031.6/1354.6,366.95/482.63/644.37,1129.7,485.05,-1.218,34922,2232e3,0.43147,0.13968,0.86032,0.27936,0.45089,False
TRCN0000046915,NUP98,927.07/1019.9/1147.9,449.23/471.21/416.34,1027.7,445.02,-1.2056,12317,1833400,0.43031,0.14116,0.85884,0.28232,0.45267,False
TRCN0000003947,PSMD11,3991.9/4539.4/5098.1,1453/2085.4/1938.3,4520.6,1804.2,-1.3246,306730,3989e4,0.43009,0.12648,0.87352,0.25296,0.41836,False
TRCN0000058441,IL1F10,2428.6/2657.3/2990.6,1107.4/973.41/1247.3,2682.3,1103.7,-1.2803,80005,13475e3,0.43005,0.13173,0.86827,0.26346,0.4327,False
TRCN0000014163,TAS2R9,1504/1470.5/1476.2,686.19/634.26/599.45,1483.5,638.98,-1.2139,320.54,3932900,0.42585,0.13962,0.86038,0.27924,0.45089,False
TRCN0000005061,LHX5,2.4445/6.1811/1.0575,3.2911/1.6305/10.365,2.5447,3.8453,0.45092,7.7226,9.5194,0.42154,0.57664,0.42336,0.84673,0.9123,True
TRCN0000142066,NUP133,1155.6/1113.2/854.45,523.28/508.72/374.87,1032,463.84,-1.1521,26703,1849600,0.41779,0.147,0.853,0.294,0.46666,False
TRCN0000151067,COPB1,1362.2/1243.6/1572.5,567.71/645.68/632.28,1386.2,614.26,-1.173,27798,3415800,0.4177,0.14414,0.85586,0.28827,0.46065,False
TRCN0000116055,COPS2,1070.7/968.58/923.71,518.34/402.73/426.7,985.78,446.6,-1.1405,5678.8,1681400,0.41581,0.14839,0.85161,0.29678,0.46792,False
TRCN0000152434,NLRP5,1986.2/2362.4/2791.8,4201/3534.9/3387.7,2357.3,3691.6,0.64688,163260,10301e3,0.41573,0.55923,0.44077,0.88154,0.94124,True
TRCN0000117547,RPS24,730.9/757.19/891.46,253.41/405.99/462.98,790.17,362.5,-1.122,7429.8,1061700,0.41506,0.15091,0.84909,0.30181,0.47182,False
TRCN0000117567,RPL30,563.46/572.37/655.11,230.37/273.92/361.05,595.6,283.5,-1.0683,2557.2,589960,0.40633,0.15776,0.84224,0.31552,0.48456,False
TRCN0000007623,COPS8,4645.8/5331.8/5740.5,1782.1/2569.7/2477.3,5219.5,2247,-1.2156,306640,53787e3,0.40531,0.13693,0.86307,0.27386,0.44766,False
TRCN0000077974,MRGPRD,2493.4/2652.9/2640,3773.2/4418.6/3925,2594.4,4029.8,0.63508,7855.6,12573e3,0.4048,0.55352,0.44648,0.89295,0.94914,True
TRCN0000054166,OC90,1634.8/1886.5/2048.9,2611.5/2928.4/3024.9,1848.7,2849.3,0.62381,43634,6215e3,0.40136,0.55362,0.44638,0.89275,0.94914,True
TRCN0000007621,COPS8,2546.6/2935.4/3296.7,4148.4/4448/4970.1,2910.1,4509.6,0.63177,141140,15963e3,0.40035,0.5508,0.4492,0.8984,0.95279,True
TRCN0000115754,SAGE1,3470.6/3746.4/4822.7,5670.5/6174.7/6742.6,3972.8,6180.5,0.63742,512870,30494e3,0.39978,0.54891,0.45109,0.90218,0.95359,True
TRCN0000117132,KRT9,1772.3/1867.9/2400.5,1025.2/1077.8/722.11,1995.6,927.49,-1.1046,115060,7285300,0.39571,0.15102,0.84898,0.30204,0.47182,False
TRCN0000077977,MRGPRD,67.224/41.414/20.092,34.556/24.457/10.365,38.257,20.629,-0.86001,589.49,1993.4,0.39484,0.18741,0.81259,0.37482,0.54383,False
TRCN0000064260,CYP7A1,2514.2/2860/3278.7,1105.8/1433.2/1440.8,2867.4,1316.8,-1.1221,147010,1548e4,0.3941,0.14824,0.85176,0.29647,0.46792,False
TRCN0000148564,CRYGB,1896.9/2128.2/2546.4,837.58/1167.4/1081.4,2174.3,1018.8,-1.093,108770,8708200,0.39158,0.15216,0.84784,0.30432,0.47349,False
TRCN0000117134,KRT9,4483.2/4867/5817.2,6860.2/8181.8/8148.8,5025.6,7704.8,0.61636,473e3,49716e3,0.37997,0.53808,0.46192,0.92384,0.95598,True
TRCN0000007622,COPS8,3314.1/3399.6/3923.3,2042.1/1434.8/1646.3,3535.8,1689.7,-1.0648,108910,23931e3,0.37737,0.15428,0.84572,0.30856,0.47852,False
TRCN0000117511,RPL3,1091.5/1121.9/1389.5,1630.7/1844.1/1895.1,1193.8,1786.2,0.58091,26978,2503600,0.37439,0.54299,0.45701,0.91402,0.95598,True
TRCN0000115752,SAGE1,1257.1/1387.7/1723.7,2126/2235.4/2128.3,1443.3,2162.7,0.58306,58196,3714800,0.37321,0.54142,0.45858,0.91716,0.95598,True
TRCN0000046917,NUP98,1216.1/1366.6/1612.7,659.86/639.15/829.22,1389.1,704.54,-0.97836,40201,3430300,0.3696,0.16708,0.83292,0.33416,0.50336,False
TRCN0000019521,DMRTB1,3218.2/3389.1/2513.1,4651.9/4527.9/4398.3,3015.1,4524.9,0.5855,216560,17184e3,0.3642,0.53313,0.46687,0.93374,0.95598,True
TRCN0000014007,TAAR1,1918.3/2085.5/2277.8,2840.2/3184.4/3325.5,2088.7,3109.9,0.574,32403,8010500,0.36079,0.53344,0.46656,0.93312,0.95598,True
TRCN0000007619,COPS8,2974.9/3149.3/3876.2,1507.3/1769.1/1845,3311.6,1700.8,-0.9609,229230,20884e3,0.35247,0.16705,0.83295,0.33411,0.50336,False
TRCN0000134934,SPATA16,1616.4/1819.1/2321.2,863.9/1056.6/1093.5,1896.9,999.38,-0.92384,132370,6556300,0.35051,0.17334,0.82666,0.34668,0.51545,False
TRCN0000116053,COPS2,2709.7/2819.8/3419.4,1304.9/1521.3/1876.1,2967.3,1550.1,-0.9364,146230,16623e3,0.34762,0.17048,0.82952,0.34096,0.51199,False
TRCN0000117594,RPS27,1769.2/1732.6/1704.7,937.95/805.47/1064.2,1735.3,929.85,-0.89938,1047.7,5448200,0.34506,0.17684,0.82316,0.35368,0.51954,False
TRCN0000058065,PSMD7,257.28/256.52/221.01,337.33/313.06/395.61,244.33,346.99,0.5043,429.96,92650,0.33725,0.53359,0.46641,0.93282,0.95598,True
TRCN0000050503,PSMC1,1530.3/1587.3/1786.1,826.06/955.47/936.32,1631,904.1,-0.85045,18056,4789300,0.33213,0.18374,0.81626,0.36748,0.53482,False
TRCN0000014254,VN1R2,4396.4/4629/5838.9,2446.9/2767/2731.2,4916.3,2644.4,-0.89439,601980,47494e3,0.32967,0.17452,0.82548,0.34905,0.51545,False
TRCN0000073251,TRIM42,2312.5/2565.8/2897,1239.1/1390.8/1693,2580.8,1428.9,-0.85242,86092,12436e3,0.32663,0.18211,0.81789,0.36423,0.53173,False
TRCN0000014037,TAS2R13,7100/7698/9148.8,10112/12764/12122,7937.2,11609,0.54848,1113e3,12859e4,0.32379,0.50787,0.49213,0.98427,0.98845,True
TRCN0000003949,PSMD11,1016.3/973.53/940.63,1276.9/1493.5/1385.5,976.33,1382.5,0.50139,1439.9,1648100,0.31638,0.51597,0.48403,0.96805,0.97638,True
TRCN0000154096,PIWIL3,1961.1/1994/2576.6,2766.1/3259.4/3214.9,2159.9,3071.8,0.50796,120320,8588e3,0.31119,0.50896,0.49104,0.98208,0.98835,True
TRCN0000074980,RPS11,256.06/257.13/412.95,347.21/520.13/402.52,300.7,417.35,0.47157,8244.9,142590,0.3089,0.51886,0.48114,0.96229,0.97638,True
TRCN0000059648,ABCG8,3450.4/3879.3/4514.9,5445.1/5110/6284.8,3924.3,5592,0.51085,287720,29724e3,0.3059,0.50294,0.49706,0.99412,0.99623,True
TRCN0000140184,FAM71B,626.4/588.44/436.74,362.02/334.25/305.77,543.99,333.22,-0.70543,10135,488680,0.30151,0.20886,0.79114,0.41773,0.59657,False
TRCN0000063362,NPSR1,307.4/235.5/146.46,413.03/262.51/252.22,219.69,301.28,0.45386,6652.2,74299,0.29932,0.51594,0.48406,0.96812,0.97638,True
TRCN0000021837,POLR2F,871.46/929.02/1090.3,610.49/477.74/720.38,959.26,594.49,-0.68935,12893,1588800,0.28939,0.20964,0.79036,0.41928,0.59657,False
TRCN0000117612,RPL18A,736.4/747.3/879.83,1072.9/963.62/1204.1,785.24,1075.7,0.45363,6385.5,1048e3,0.28377,0.50121,0.49879,0.99757,0.99757,True
TRCN0000003909,PSMB3,715.01/628.62/832.24,490.37/381.54/507.89,720.53,456.33,-0.65782,10478,876420,0.28221,0.21577,0.78423,0.43154,0.601,False
TRCN0000058955,IL22,2299/2567.6/2329.1,1685/1354.9/1451.1,2395.7,1490.8,-0.68399,21671,10653e3,0.27725,0.20731,0.79269,0.41462,0.59609,False
TRCN0000021838,POLR2F,993.69/1053.9/1033.2,543.03/632.63/815.4,1026.6,654.31,-0.64904,935.33,1829400,0.27525,0.216,0.784,0.43201,0.601,False
TRCN0000011508,TAAR8,4179.5/4472.7/5367.8,5068.2/7399.2/6870.4,4646.9,6363.2,0.4534,384260,42242e3,0.26407,0.48097,0.51903,0.96193,0.97638,True
TRCN0000116931,KRT74,2422.5/2146.1/1759.7,1560/1193.5/1307.7,2091.4,1345.3,-0.63618,111330,8032100,0.26327,0.21553,0.78447,0.43106,0.601,False
TRCN0000007184,PSMC2,3763.3/4229.1/4681.5,2539.1/2600.6/2895.3,4207.9,2673.9,-0.65395,211200,34366e3,0.26167,0.21,0.79,0.42,0.59657,False
TRCN0000152679,NLRP5,4959.9/5170.5/5468.2,3147.9/3667/3197.7,5195.4,3329.6,-0.64174,65267,53272e3,0.25563,0.21114,0.78886,0.42228,0.59724,False
TRCN0000014035,TAS2R13,1841.3/2130.6/2441.7,1163.4/1474/1573.8,2123.8,1392.3,-0.60886,90462,8292500,0.25403,0.22002,0.77998,0.44005,0.61039,False
TRCN0000060817,OR52E8,1464.9/1571.2/1850.1,1966.4/2108.2/2454.8,1620.8,2167.1,0.41877,39667,4727800,0.25121,0.48079,0.51921,0.96158,0.97638,True
TRCN0000064262,CYP7A1,1167.2/1115.7/1413.3,1518.8/1594.6/1798.4,1225.5,1633.1,0.41394,25365,2643700,0.25068,0.4822,0.5178,0.96441,0.97638,True
TRCN0000118342,COPS4,5081.5/5373.3/6142.4,3317.4/3830/3676.2,5514.7,3601.4,-0.6146,300840,60306e3,0.24638,0.2153,0.7847,0.4306,0.601,False
TRCN0000116496,KRT25,3578.1/3735.3/3211,5430.3/4203.4/4432.9,3501.1,4659.8,0.41235,72446,23447e3,0.23929,0.47013,0.52987,0.94027,0.96058,True
TRCN0000150723,NLRP5,2102.9/2309.9/2571.8,1453/1692.5/1560,2320.3,1565.4,-0.56747,55316,9967800,0.2391,0.22674,0.77326,0.45349,0.62355,False
TRCN0000117133,KRT9,4320/4291.6/4247.9,2776/2902.3/3078.5,4286.4,2916.3,-0.55547,1319.6,35713e3,0.22927,0.22626,0.77374,0.45252,0.62355,False
TRCN0000065001,COPZ1,3659.4/3651.2/3712.3,2734.9/2548.5/2349.4,3674.2,2539.4,-0.53278,1099.7,25921e3,0.2229,0.23087,0.76913,0.46174,0.63305,False
TRCN0000063360,NPSR1,2109/1887.1/1401.7,2698.7/2157.1/2066.1,1773.5,2291.2,0.36929,131840,5701e3,0.2168,0.46294,0.53706,0.92587,0.95598,True
TRCN0000063358,NPSR1,6138.7/6529.7/7030.7,8191.5/8746/8788,6556.3,8570.8,0.38649,200050,86416e3,0.2167,0.45475,0.54525,0.90949,0.95598,True
TRCN0000007181,PSMC2,1376.9/1479.8/1759.1,1912.1/1915.8/2081.7,1530.4,1968.3,0.36288,39227,4195500,0.21381,0.46234,0.53766,0.92468,0.95598,True
TRCN0000049815,RNASE9,1739.9/1893.3/2304.8,2287.3/2437.6/2872.9,1965.4,2520.8,0.35887,85623,7058400,0.20904,0.45837,0.54163,0.91673,0.95598,True
TRCN0000059903,NUP54,833.57/794.89/927.94,909.98/1284.8/1078,850.34,1080.2,0.34481,4688.7,1236700,0.20669,0.4624,0.5376,0.92479,0.95598,True
TRCN0000115746,LUZP4,733.35/745.44/946.98,1048.2/1002.8/998.51,802.95,1016.2,0.33949,14447,1097700,0.20358,0.46119,0.53881,0.92239,0.95598,True
TRCN0000146810,CRYGB,2162.2/2241.9/2564.4,2573.6/3182.7/3145.8,2316.5,2953.7,0.35043,45421,9933600,0.20216,0.45385,0.54615,0.9077,0.95598,True
TRCN0000019522,DMRTB1,476.68/327.6/155.45,385.05/327.73/378.33,289.56,362.77,0.32421,27223,131830,0.20165,0.46649,0.53351,0.93298,0.95598,True
TRCN0000011510,TAAR8,1658/1716.5/1733.7,1165/1289.7/1283.6,1702.4,1244.8,-0.45142,1577.2,5236e3,0.20001,0.24923,0.75077,0.49846,0.66886,False
TRCN0000019570,POU4F2,3171.1/3433/3791.6,2206.7/2512.6/2945.4,3456,2537.1,-0.44576,97159,22822e3,0.19234,0.247,0.753,0.494,0.6676,False
TRCN0000065269,COPA,844.57/956.84/979.23,1048.2/1081/1345.7,924.95,1151,0.31515,5211.8,1472900,0.18627,0.45159,0.54841,0.90318,0.95359,True
TRCN0000058103,PSMD1,490.73/369.01/418.76,233.67/461.43/319.59,423.27,325.42,-0.37828,3757.6,290110,0.18168,0.27032,0.72968,0.54064,0.69904,False
TRCN0000005064,LHX5,5520.3/5761.4/6159.8,3506.6/4617.6/5094.5,5807.9,4353.1,-0.41588,104370,67165e3,0.17751,0.25014,0.74986,0.50028,0.66886,False
TRCN0000051553,PLA2G2E,821.96/725.66/576.86,541.38/616.33/480.25,700.73,543.16,-0.36689,15332,827110,0.17326,0.27033,0.72967,0.54066,0.69904,False
TRCN0000056297,TGM6,106.95/79.118/27.495,72.403/26.088/62.191,61.523,48.987,-0.32284,1765.4,5312.2,0.172,0.29027,0.70973,0.58053,0.71217,False
TRCN0000056293,TGM6,5139.5/5600.1/6374,4719.4/3919.7/4469.1,5682.1,4356.3,-0.38324,389890,64176e3,0.1655,0.25654,0.74346,0.51307,0.67978,False
TRCN0000014164,TAS2R9,1433.1/1716.5/1902.4,2188.6/1906.1/1998.8,1672.7,2027.8,0.2776,56052,5047400,0.15806,0.43347,0.56653,0.86693,0.92773,True
TRCN0000134587,SPATA16,5305.2/6341.8/7451,4316.2/5012.1/5433.1,6305.4,4898.4,-0.36419,1157100,79681e3,0.15761,0.25973,0.74027,0.51946,0.68442,False
TRCN0000116784,KRT77,6883.1/7326.5/9084.3,8632.5/9124.3/10609,7708.9,9418.9,0.289,136e4,12102e4,0.15545,0.42206,0.57794,0.84412,0.91158,True
TRCN0000009301,OR12D2,1216.1/1252.3/1174.3,799.73/1167.4/960.51,1213.8,964.33,-0.33167,1522.4,2591600,0.15499,0.27498,0.72502,0.54996,0.69904,False
TRCN0000117563,RPL9,1271.7/1334.5/1565.1,1040/1131.6/1150.5,1384.9,1106.3,-0.3238,23903,3408900,0.1509,0.27596,0.72404,0.55192,0.69904,False
TRCN0000152462,PIWIL3,1665.3/1684.4/1976.4,1359.2/1431.6/1456.3,1769.9,1415.1,-0.32253,30457,5676400,0.1489,0.27493,0.72507,0.54986,0.69904,False
TRCN0000139305,FAM71B,1497.3/1458.7/1422.8,1005.4/1350.1/1192,1459.3,1174,-0.31364,1384.9,3800700,0.14636,0.27784,0.72216,0.55568,0.69904,False
TRCN0000147503,CRYGB,1853.5/2135/2561.2,1663.6/1809.9/1777.6,2164.1,1749.2,-0.3069,127500,8623200,0.14128,0.27716,0.72284,0.55431,0.69904,False
TRCN0000054163,OC90,2230/2400.1/2328,1959.8/1578.3/2138.7,2318.3,1877.2,-0.30433,7295.1,9950200,0.13984,0.27732,0.72268,0.55465,0.69904,False
TRCN0000058956,IL22,1367.1/1604.6/1536.5,1064.7/1244.1/1368.2,1499.3,1219.2,-0.2982,14979,4020700,0.13972,0.28101,0.71899,0.56201,0.70326,False
TRCN0000072560,COPS6,673.46/736.17/832.77,933.02/828.29/875.86,744.63,878.02,0.23744,6452.7,938440,0.1377,0.42841,0.57159,0.85682,0.919,True
TRCN0000014166,TAS2R9,4204.5/4527.1/4946.9,3138/4200.2/3824.8,4549.4,3694.1,-0.30038,138720,4042e4,0.13453,0.27444,0.72556,0.54888,0.69904,False
TRCN0000058438,IL1F10,4419.6/4429.4/5275.8,3796.2/3883.8/4004.4,4691.8,3893.9,-0.26886,241980,43095e3,0.12154,0.28092,0.71908,0.56185,0.70326,False
TRCN0000063031,FCRL4,1538.8/1701.7/1660.8,1444.8/1325.6/1345.7,1632.3,1371.1,-0.25141,7181.7,4797300,0.11925,0.29079,0.70921,0.58158,0.71217,False
TRCN0000060915,HTR3D,2002/1982.9/2260.4,1839.7/1703.9/1689.5,2078,1743.1,-0.25345,24035,7925300,0.11898,0.28895,0.71105,0.57791,0.71185,False
TRCN0000019588,DMRTC2,1218.6/1230.7/1073.3,1734.4/1112/1290.5,1172,1355.2,0.20941,7672.2,2409200,0.11805,0.41538,0.58462,0.83077,0.90127,True
TRCN0000026438,ADH7,3473.6/3813.1/3877.8,3161.1/2944.7/3439.5,3717.2,3175.3,-0.22724,47161,26556e3,0.10515,0.29134,0.70866,0.58269,0.71217,False
TRCN0000116056,COPS2,6015.9/6603.3/7554.1,5454.9/5807.8/5946.2,6695,5732.5,-0.22387,603850,90261e3,0.1013,0.28855,0.71145,0.5771,0.71185,False
TRCN0000014033,TAS2R13,1120.8/1129.9/1274.3,931.37/960.36/1226.5,1172.9,1031.4,-0.1854,7418.6,2413400,0.091132,0.30789,0.69211,0.61578,0.74301,False
TRCN0000050507,PSMC1,714.4/686.72/715.39,712.52/639.15/535.54,705.38,624.78,-0.17478,264.82,838550,0.088012,0.31352,0.68648,0.62705,0.75259,False
TRCN0000060913,HTR3D,886.74/819.62/681.02,896.81/803.83/927.69,791.02,874.49,0.14455,11040,1064100,0.080919,0.39909,0.60091,0.79818,0.878,True
TRCN0000009304,OR12D2,4681.2/5072.9/6045.1,4051.3/5012.1/4996,5236.1,4663.9,-0.16692,494520,54143e3,0.07776,0.30284,0.69716,0.60567,0.73646,False
TRCN0000056336,CABP5,1461.8/1584.2/1340.9,1696.5/1676.2/1452.9,1458.9,1604.6,0.13722,14820,3798600,0.074743,0.39166,0.60834,0.78331,0.86365,True
TRCN0000117616,RPL18A,265.84/208.3/107.33,164.55/159.79/172.75,181.15,165.61,-0.12863,6679.1,49782,0.069637,0.33328,0.66672,0.66656,0.77884,False
TRCN0000063361,NPSR1,1559/1489/1422.3,1989.4/1495.2/1447.7,1489.1,1626.9,0.12765,4671.6,3963600,0.069241,0.38868,0.61132,0.77736,0.86134,True
TRCN0000155358,NLRP5,2412.1/2686.3/2889,2621.3/2889.2/3227,2655.2,2902,0.12818,57373,13193e3,0.067948,0.38392,0.61608,0.76784,0.85657,True
TRCN0000152512,NLRP5,1290.7/1369.7/1188.6,1362.5/1544.1/1292.2,1280.9,1395.7,0.12374,8253,2898e3,0.067437,0.38881,0.61119,0.77763,0.86134,True
TRCN0000063063,OR9Q2,2247.1/2415.6/2849.4,1867.7/2248.5/2777.9,2491.5,2267.9,-0.13558,96788,11558e3,0.065764,0.31498,0.68502,0.62996,0.75259,False
TRCN0000077923,RPL34,764.52/797.98/922.13,888.59/885.36/906.96,825.51,893.58,0.11418,6906.2,1162800,0.063127,0.3897,0.6103,0.77939,0.86134,True
TRCN0000056676,TPH2,1137.3/1189.2/1349.3,1165/1138.1/1110.8,1222.1,1137.8,-0.10303,12232,2628200,0.051996,0.32767,0.67233,0.65533,0.77292,False
TRCN0000007185,PSMC2,3192.5/3515.2/3749.3,3396.4/3678.4/4142.6,3478.1,3726.6,0.099538,78246,23127e3,0.051676,0.37353,0.62647,0.74707,0.84335,True
TRCN0000151010,LYZL6,6717.5/7261.6/8157.4,7098.8/6461.7/6994.8,7355.2,6846,-0.1035,529510,10976e4,0.04861,0.31541,0.68459,0.63082,0.75259,False
TRCN0000117569,RPL30,541.46/495.11/395.5,389.99/445.13/519.99,473.3,448.58,-0.077209,5586.9,365920,0.040859,0.34063,0.65937,0.68127,0.78787,False
TRCN0000148475,CRYGB,1243/1165.1/856.03,1189.7/1152.8/1045.2,1074.3,1127.5,0.069714,42182,2010500,0.037545,0.3747,0.6253,0.7494,0.84388,True
TRCN0000153086,PIWIL3,2437.2/2757.4/2782.8,2451.8/2767/3199.4,2654.3,2789.5,0.071618,37141,13184e3,0.037219,0.36797,0.63203,0.73595,0.83679,True
TRCN0000064999,COPZ1,2053.4/1885.9/1407.5,1851.2/1743/1470.1,1759.9,1680.2,-0.066751,113090,5609900,0.033614,0.33433,0.66567,0.66866,0.77901,False
TRCN0000140300,FAM71B,536.57/458.02/385.98,566.06/407.62/464.71,456.06,475.08,0.058813,5698,338770,0.032674,0.37835,0.62165,0.75671,0.84615,True
TRCN0000143344,NUP133,602.57/605.75/594.31,692.77/629.37/559.72,600.86,624.92,0.056556,34.899,600840,0.031043,0.37555,0.62445,0.7511,0.84388,True
TRCN0000019569,POU4F2,2848.4/3005.3/3399.8,2665.8/2983.8/3265,3076,2961.4,-0.054754,80819,17913e3,0.027075,0.33343,0.66657,0.66687,0.77884,False
TRCN0000135225,OTUD6A,1335.9/1391.4/1755.4,1247.3/1439.7/1627.3,1483.2,1429.7,-0.052971,52115,3931300,0.026986,0.33906,0.66094,0.67812,0.78616,False
TRCN0000054167,OC90,1163.6/1024.2/787.3,1026.8/950.58/910.41,978.98,961.4,-0.026116,36433,1657400,0.013655,0.34907,0.65093,0.69814,0.80345,False
TRCN0000116930,KRT74,1709.9/1901.3/1941.5,1877.6/1840.8/1774.2,1848.1,1830.4,-0.013916,15328,6210600,0.0071225,0.34766,0.65234,0.69532,0.80217,False
